selection,N,size,candidate_pool_size,overlap_siren,pct_from_siren,jaccard_siren,overlap_yang_harmfulness,pct_from_yang_harmfulness,jaccard_yang_harmfulness,overlap_wang_robust,pct_from_wang_robust,jaccard_wang_robust,overlap_zhao_topk,pct_from_zhao_topk,jaccard_zhao_topk,layer_0,layer_1,layer_2,layer_3,layer_4,layer_5,layer_6,layer_7,layer_8,layer_9,layer_10,layer_11,layer_12,layer_13,layer_14,layer_15,layer_16,layer_17,layer_18,layer_19,layer_20,layer_21,layer_22,layer_23,layer_24,layer_25,layer_26,layer_27,layer_28,layer_29,layer_30,layer_31,note,jaccard_vs_quota,overlap_with_quota,jaccard_vs_consensus,overlap_with_consensus,skipped_duplicates,exhausted_methods,contributed_siren,contributed_yang_harmfulness,contributed_wang_robust,contributed_zhao_topk,in_1_topN_sets,in_2_topN_sets,in_3_topN_sets,in_4_topN_sets
candidate_pool,459,1586,1586.0,459.0,28.940731399747794,0.28940731399747793,459.0,28.940731399747794,0.28940731399747793,459.0,28.940731399747794,0.28940731399747793,459.0,28.940731399747794,0.28940731399747793,108.0,72.0,52.0,57.0,20.0,62.0,23.0,22.0,25.0,19.0,22.0,25.0,25.0,21.0,19.0,21.0,25.0,23.0,26.0,23.0,23.0,27.0,24.0,17.0,20.0,22.0,63.0,39.0,37.0,61.0,127.0,436.0,union of the existing top-N safety-neuron files,,,,,,,,,,,,,,
rank_consensus,459,459,1586.0,64.0,13.943355119825709,0.07494145199063232,177.0,38.56209150326797,0.2388663967611336,266.0,57.9520697167756,0.40797546012269936,108.0,23.529411764705884,0.13333333333333333,3.0,4.0,9.0,4.0,5.0,6.0,1.0,1.0,2.0,3.0,4.0,4.0,6.0,6.0,5.0,8.0,6.0,8.0,5.0,6.0,10.0,5.0,5.0,6.0,8.0,6.0,10.0,11.0,10.0,32.0,63.0,197.0,,0.23221476510067113,173.0,,,,,,,,,,,,
quota,459,459,1586.0,143.0,31.154684095860567,0.18451612903225806,150.0,32.6797385620915,0.1953125,191.0,41.61220043572985,0.2627235213204952,145.0,31.59041394335512,0.18758085381630013,30.0,29.0,13.0,13.0,7.0,14.0,6.0,5.0,6.0,5.0,6.0,5.0,9.0,7.0,4.0,6.0,8.0,6.0,6.0,8.0,7.0,7.0,6.0,7.0,4.0,5.0,14.0,7.0,5.0,17.0,33.0,154.0,,,,0.23221476510067113,173.0,57.0,,115.0,115.0,115.0,114.0,,,,
random,459,459,1586.0,2.0,0.4357298474945534,0.002183406113537118,1.0,0.2178649237472767,0.0010905125408942203,2.0,0.4357298474945534,0.002183406113537118,1.0,0.2178649237472767,0.0010905125408942203,13.0,9.0,14.0,22.0,9.0,19.0,10.0,16.0,12.0,19.0,5.0,17.0,13.0,20.0,10.0,16.0,11.0,15.0,16.0,15.0,15.0,11.0,13.0,15.0,17.0,12.0,17.0,21.0,14.0,14.0,14.0,15.0,Repo B random_{n} with seed 1000,,,,,,,,,,,,,,
siren,459,459,1586.0,459.0,100.0,1.0,6.0,1.3071895424836601,0.006578947368421052,80.0,17.429193899782135,0.0954653937947494,5.0,1.0893246187363834,0.00547645125958379,54.0,11.0,18.0,37.0,6.0,47.0,8.0,8.0,11.0,10.0,10.0,10.0,10.0,10.0,11.0,10.0,10.0,10.0,10.0,9.0,8.0,10.0,9.0,9.0,9.0,10.0,45.0,10.0,9.0,9.0,10.0,11.0,,,,,,,,,,,,,,,
yang_harmfulness,459,459,1586.0,6.0,1.3071895424836601,0.006578947368421052,459.0,100.0,1.0,81.0,17.647058823529413,0.0967741935483871,33.0,7.189542483660131,0.03728813559322034,0.0,0.0,0.0,0.0,0.0,0.0,0.0,0.0,0.0,0.0,0.0,0.0,0.0,0.0,0.0,0.0,1.0,1.0,0.0,0.0,0.0,0.0,0.0,0.0,0.0,0.0,1.0,1.0,4.0,12.0,75.0,364.0,,,,,,,,,,,,,,,
wang_robust,459,459,1586.0,80.0,17.429193899782135,0.0954653937947494,81.0,17.647058823529413,0.0967741935483871,459.0,100.0,1.0,55.0,11.982570806100219,0.06373117033603708,43.0,45.0,22.0,9.0,11.0,2.0,4.0,2.0,0.0,1.0,5.0,2.0,7.0,1.0,5.0,4.0,7.0,7.0,7.0,11.0,11.0,8.0,8.0,3.0,3.0,6.0,7.0,15.0,7.0,23.0,46.0,127.0,,,,,,,,,,,,,,,
zhao_topk,459,459,1586.0,5.0,1.0893246187363834,0.00547645125958379,33.0,7.189542483660131,0.03728813559322034,55.0,11.982570806100219,0.06373117033603708,459.0,100.0,1.0,29.0,26.0,20.0,13.0,7.0,14.0,13.0,13.0,14.0,8.0,10.0,14.0,11.0,10.0,8.0,10.0,12.0,8.0,13.0,8.0,11.0,12.0,9.0,7.0,9.0,9.0,16.0,20.0,20.0,29.0,35.0,21.0,,,,,,,,,,,,,,,
rank_consensus_multiplicity,459,459,,,,,,,,,,,,,,,,,,,,,,,,,,,,,,,,,,,,,,,,,,,,,,,,,,,,,,,,,312.0,138.0,9.0,0.0
