,0,1,2,3,4,5,6,7,8,9,10,11,12,13,14,15,16,17,18,19,20,21,22,23,24,25,26,27,28,29,30,31
0,0.7660073434031296,0.738448263974796,0.7262158804533101,0.6632723835302062,0.652416881330677,0.6105513920941067,0.6267876897415661,0.5553596242719815,0.5654036801053385,0.48585081492691073,0.4564358007930945,0.5559981476530593,0.4942505293911143,0.5052583582233112,0.5340809415463389,0.5830326893782427,0.6334702539403877,0.535502532176357,0.6554829101802424,0.5740507018801668,0.5510057030034059,0.5877021117113277,0.540999777626394,0.4867394493510399,0.5883912012867759,0.5863503428699635,0.673873206553795,0.619789382723502,0.5830197591647652,0.6333016910938623,0.6665107407546735,0.6704698530603613
1,,,,,,,,,,,,,,,,,,,,,,,,,,,,,,,,
2,0.33522476122073525,0.34397348771495617,0.417299471306941,0.4025166426419847,0.39630250806582595,0.3724577814331447,0.3718775103862737,0.3903922601979532,0.3730658913586621,0.3399299129777689,0.34195892390941995,0.35623608083482744,0.3753656995325538,0.32150152605401405,0.3269179807955911,0.35203273182235156,0.3764626989367235,0.35818274316207943,0.3605871897058423,0.36294001816471483,0.3351874607083591,0.3563444368106142,0.32943876414088874,0.2907886376764854,0.32787400023799745,0.33904286990159066,0.33328271157287553,0.34406120425744624,0.36526782756351917,0.3582010098911619,0.3561849570891809,0.3731441365142449
3,0.4629927502127379,0.4707082725793568,0.5087837842317813,0.5376252403854465,0.5278051086676486,0.49334397591450135,0.4943330447312214,0.4876963199002284,0.4776359564146592,0.4444003775472671,0.4319575328363381,0.47180695807477785,0.49204702501192704,0.4233830567953791,0.44332842897101027,0.472094618975343,0.5056291985903385,0.4620495579274917,0.4769967715596368,0.47586853509626603,0.43287295933377523,0.4694884275237751,0.43385490850967645,0.38322225888521216,0.4283037835729498,0.43413840171142515,0.48257880917775275,0.4585521846723011,0.47877312611820466,0.47993370023035403,0.4719090617342688,0.5057973675333973
4,0.4750264518123403,0.48185773912505464,0.5102572181011129,0.5285083917270917,0.5863888908992712,0.5098954076792058,0.5006263135773725,0.48542436225891245,0.4983069262508208,0.4481961566389884,0.4272513429857107,0.47121800233465705,0.47890209454349514,0.42344079190381806,0.44893748706231296,0.4848292555442531,0.5184629252262667,0.4531111768728686,0.4919924572137187,0.46947252750974927,0.44468704706950474,0.47825804143544254,0.4401290771401143,0.3805750764435446,0.42121173266649303,0.42363980061312717,0.48280363504381335,0.4649467212877162,0.4640020260864502,0.4760342806355348,0.4789870231860665,0.5018754855829239
5,0.300058754918905,0.3133407727520137,0.3619042115314991,0.39769362582947404,0.42815057866680667,0.44334876285759484,0.40241473929648713,0.4188221015116435,0.39009627655014684,0.3690654237911295,0.3834130428539969,0.38420432397771664,0.429296529573991,0.3289200609124965,0.3621546439733405,0.3776905593801328,0.4005946943760623,0.379680371567604,0.37350399752397356,0.38251375532224197,0.35795225684672427,0.3757725247929906,0.3610663160447166,0.2980558375590508,0.3253409469671662,0.335317713111934,0.3465305128562238,0.33843833375268445,0.375056646547441,0.3633421033090291,0.3527934116310323,0.37082558929216364
6,0.3131265092296085,0.32314333773238124,0.36925483306012163,0.39038317172224435,0.4020166232631225,0.3894852815625803,0.4303942989069131,0.4208743101490931,0.41534632609494004,0.36897043637409455,0.3846492273480441,0.40065926162049387,0.43614646013404557,0.35334878738440906,0.3738036776220566,0.3708392391842296,0.4004326745599536,0.37836857987385325,0.3730648014877226,0.3981881437598989,0.35983080666343786,0.3756557158639192,0.36922001488424794,0.3080608418099149,0.3399525373260614,0.3435825123103058,0.3748441668855426,0.3677860577571617,0.40166788136017195,0.3934925504468652,0.36933665120063836,0.40729057017318737
7,0.33767964518220484,0.34861560011018455,0.3946987868869408,0.4151120999287162,0.429767459547854,0.41028305083719374,0.4296473762566908,0.46001877976579425,0.43950804395519266,0.3942984606616924,0.41801988722979194,0.4351553628376502,0.4696535401536188,0.37199343986266203,0.39412645681827096,0.41455959056629627,0.4357777442803692,0.4108577233238977,0.40101867362141436,0.4143507241481815,0.37015492285675267,0.4000296210432582,0.38455524013748454,0.32816096163977904,0.36185486926926047,0.3538047692472329,0.3916286437611785,0.38404887392015685,0.4217921754045356,0.41718028851967204,0.39199817509196805,0.42018237174379214
8,0.3142938457441395,0.3269936413648214,0.36642275015357306,0.38447978430249774,0.404610500982771,0.38674248415733853,0.40625141797799585,0.43872187499843796,0.44240299586243825,0.38184569030760074,0.40872196759916263,0.4190181632567961,0.4720202053441276,0.3653549808190751,0.3898407528922515,0.3893844295793618,0.42228478924590446,0.39424401951533994,0.39301820127567694,0.4079971861595926,0.363901036066169,0.38874162913542804,0.37315416146600394,0.32476010149778056,0.33267556744470705,0.3429361337623058,0.378609929659463,0.3825699432910607,0.42327925808919203,0.4071288114331545,0.3871456752790701,0.42434392100166973
9,0.23092032073241117,0.23695955236153812,0.27877679368745006,0.30622535344117896,0.33489926194435865,0.31792374345577085,0.33457591576027235,0.376378554745833,0.3769768147631876,0.38098424610431025,0.371804471333863,0.3830385489336144,0.4406013684599439,0.33749202130358313,0.3293669875617017,0.35062356915092907,0.3792582822981371,0.3626347885067426,0.33303323387229433,0.36551787350825027,0.3320812751588771,0.3455745575360052,0.33639747067343895,0.2845354201833583,0.2876739070711313,0.29546770449569226,0.32858881744749,0.3340501691486693,0.37826837459703233,0.3570431016071499,0.3397629088015572,0.37478565589102886
10,0.2903429517283809,0.311769324617189,0.34868681798791507,0.3682170075253953,0.38883162374665425,0.36778438723275597,0.3787082637888103,0.40443311449220604,0.41283387875010635,0.36851766086800947,0.43872635075262306,0.4245027166943995,0.48526793409644087,0.35760122550187684,0.3749478034505424,0.385711633325301,0.4026396359080285,0.3893082427352149,0.3724830773252129,0.39935861609835543,0.3628644017587008,0.3909350509206654,0.37209251836819685,0.3229727724571113,0.3302767694139392,0.3313476132185832,0.38423690266905214,0.3669983053336298,0.4021853842105478,0.4078224767597109,0.39512112786688164,0.40511679814120793
11,0.2931982335113087,0.3071667670168929,0.34381896129313405,0.362415302153206,0.3889749579282665,0.3647651131553984,0.3822583290322092,0.40750663177059443,0.4205835863014589,0.3702745718315599,0.4135945256942861,0.45150383974250696,0.4938911539133825,0.3665951739086,0.37913001887339115,0.396800199667952,0.4061818461838318,0.3872251967028655,0.39044883801261027,0.397729673690377,0.3726441192150355,0.40193237296571727,0.37348107080944676,0.3388377083437428,0.3343894122525533,0.3562501948564089,0.3832755479370381,0.38460358914768694,0.4022993998603357,0.41797537893242703,0.4047508321242064,0.40110308013808316
12,0.2608977276049514,0.2703638627035021,0.2982305528563457,0.32478071278089077,0.34006649496675334,0.32598582098360634,0.326949619654346,0.3735788361985771,0.3649181096853259,0.35505452489095374,0.3901509095834785,0.3978771267067226,0.5172293147847654,0.3569109022985129,0.3513836921580816,0.375277512935996,0.3933947092044947,0.3689098736874156,0.38295645461562045,0.3715150170119499,0.3439101803626636,0.368034755745012,0.3446402282341893,0.3176779618022974,0.2930072295522658,0.3298875325780083,0.35634006600516765,0.36298242266127084,0.3679534584494789,0.40424560010231997,0.39535719097739147,0.38168071802896686
13,0.20222102702899025,0.20781601295484112,0.24591799602644537,0.2749036280103979,0.29276434379327393,0.2866694429088864,0.29809369808088854,0.3489356117028096,0.33139001801593165,0.3142389882725996,0.35368097543817795,0.35451202140300664,0.4473149908320596,0.33966576080066785,0.3180115080778693,0.33147963276015613,0.35747591738922513,0.33890851913621217,0.33448512248344425,0.35205203160049087,0.319562251949741,0.34489233186923196,0.33265697181519355,0.2798004320956758,0.2830481575199305,0.2982619830117951,0.31715561717081636,0.3347997787080349,0.3698392947669677,0.3655658437760975,0.34773628244510746,0.3596947391983221
14,0.2566432294664801,0.2680091318928156,0.3058232798917463,0.32525033427000305,0.35312386342143953,0.3267090913856448,0.33670097427308693,0.36040158926185184,0.36299155547743905,0.33908573042823165,0.3525846177685453,0.38707082531587494,0.4604279777139307,0.34484451810506367,0.3728798256863304,0.36748684651433466,0.3862739633198929,0.3756169400328768,0.37016177739537437,0.3672810221972868,0.343405779199945,0.3793892791694127,0.3420692043674985,0.32922141939376387,0.2999300912297821,0.3227841866802449,0.35430752882994065,0.3476238718214855,0.3760542482139012,0.39379440448813013,0.3801063273017181,0.38377369866951394
15,0.2565166527218557,0.25807533162784135,0.2968082966401984,0.31611447324584535,0.3336957124347465,0.31679729912086935,0.3336814554792249,0.35152845707538627,0.3410829919807496,0.3355274212862465,0.33477449115262864,0.35901550467681864,0.41988038497408253,0.32007760592322504,0.3294245673147597,0.38210135016718244,0.37893993587489405,0.36146613591330035,0.3622602097441427,0.3672436454470812,0.3360156672481696,0.35314105732934176,0.3299443969003855,0.30144872433040326,0.29583937761861284,0.3165725661198573,0.34205799062666664,0.3470272354824972,0.38070380345784327,0.3870744881306477,0.371679255900604,0.3884537964015711
16,0.2638973887881315,0.26373247331250466,0.30234504191901285,0.31139301282930115,0.32117282393252666,0.317382486235753,0.3217476388660217,0.33327944657537123,0.32706204771073444,0.30915196037239157,0.33072082576553347,0.3581497156711108,0.41260367896816885,0.3348309063764949,0.32032640137314694,0.3580899552657142,0.4025105726925243,0.36397910504529635,0.37041778825125105,0.3679829022127793,0.343805644174236,0.3711812156800551,0.3310570285264602,0.3367383377514569,0.30312457260204995,0.33836828774058497,0.3443055249098794,0.35942735715407853,0.3766638379372512,0.40332006027755524,0.3888754295670186,0.38700735103125095
17,0.261794605357631,0.2588502267062335,0.2938723938437956,0.30419595002057614,0.3155624117344204,0.3043891914526241,0.3129322255689485,0.32634244959987174,0.31253510517660305,0.30285601002037904,0.3141060252272568,0.3371875992446108,0.41985946703613036,0.31076377139262135,0.30058850565081213,0.3450794573417517,0.37663757289670735,0.382623367749195,0.38141793095974996,0.38675890817309655,0.3432177579208189,0.36431638909186104,0.34157066587624924,0.32513222609332526,0.30882143845314647,0.3601872182091531,0.3457193092689337,0.37214898799417956,0.39059938758513657,0.41420940317293975,0.39881480687863496,0.3881523506792326
18,0.3471380904506443,0.34817806692527903,0.37623079365486833,0.375394999603805,0.3830452255738152,0.36831876013041553,0.3760664676365158,0.37296439449057245,0.35847454264888584,0.33490495599486364,0.3486141703848488,0.38225895156113354,0.4399251250271582,0.3393736544734621,0.3529495774867676,0.39968670642396903,0.4186415934807796,0.40217508163522075,0.4640536642733297,0.4072167663347671,0.39414689307498946,0.41167147503189144,0.3794192884681406,0.3801412086825359,0.35331418898266753,0.40005379557834314,0.422765579074019,0.4140666131852512,0.420363444461778,0.4603473121751488,0.4603317436052817,0.44958045730577767
19,0.1887564498010359,0.19064328414244733,0.2245976314328733,0.2501237136723703,0.2626316162508287,0.2578716480700326,0.2548922533528259,0.2793971620662741,0.2821227113915748,0.2555791984082707,0.28049056250156823,0.2927256488776011,0.37210842910133596,0.2707322150138601,0.26374467325851275,0.30234424192009735,0.31543593906736933,0.2984274488032423,0.31848428170086146,0.3870560301454132,0.30694705183132026,0.31855864754762075,0.31891514939507437,0.27810032720211136,0.27297483661739325,0.31495164674974657,0.28413534775973004,0.3336357837122027,0.34896643482842826,0.37224347196375107,0.34763843674206013,0.3324903758410607
20,0.2475768107967452,0.2526630214477263,0.284770782582848,0.2884380372166308,0.2983249326104211,0.28602193499273537,0.295316116004334,0.3014397513455731,0.2915250115650657,0.2659867239293861,0.28924146229333053,0.3122010999139899,0.37744978375215366,0.28494526580994967,0.2836532490260625,0.3397122665234925,0.34516529145848523,0.32525658462987955,0.36517273198906897,0.34673999035238745,0.3507570380436099,0.366160859275083,0.3283166996342515,0.3202201908577878,0.2975252004755833,0.3449921956175002,0.3414856181324398,0.36870670927109556,0.3668070200509914,0.41922424321070995,0.40874015940555086,0.36878282215538516
21,0.3905158813701755,0.3932292343477413,0.4170786598204442,0.4103422175831906,0.41707314808339113,0.39444345853924545,0.4110419794905225,0.40777472642991663,0.4068605547583907,0.3677017663121238,0.3826267533671425,0.412747810148378,0.456168404651917,0.38860349014252615,0.3873433347130214,0.4262253484266606,0.4617673393178387,0.4294406371901147,0.45736907095085966,0.4408004893510031,0.4360639178583038,0.4968175808117197,0.43359955665009825,0.39086907558840733,0.39386033359981887,0.410702603903051,0.4769792380017468,0.4470028241564339,0.4722228177585666,0.49754124564186436,0.49130060307838896,0.5017034402445169
22,0.17728417378983644,0.17323760440628103,0.2021901636941204,0.2222963733656368,0.2163863155472129,0.2125569388617695,0.21925947927101133,0.22498268024086931,0.22307373469955466,0.2018577900234518,0.22120936915447625,0.2465242336911717,0.31699623193883364,0.23531051708707768,0.22488430513277002,0.2694520419506206,0.2775224185080133,0.26697749248004815,0.31107244857000993,0.3004699437974854,0.2763080517258372,0.2887843531225717,0.31693706374170727,0.2775648127880276,0.2496257541036734,0.31774342632166397,0.27887538337658335,0.30348904792952114,0.2951603155921283,0.33674112015096497,0.3437871645075966,0.3088924206270893
23,0.2030087458570406,0.19889013361146515,0.2325039989263143,0.2399311501230466,0.24583536217409857,0.24167228495579338,0.24175025451519677,0.2639221118382724,0.2578733244994467,0.23890379096374012,0.24787611846219038,0.2666929899730479,0.32384113075618226,0.2588351655210503,0.2349041970919994,0.28751228373768895,0.2962294400678956,0.28865260999208386,0.301332804658959,0.3130480388201518,0.2812893699987329,0.30581487571062743,0.30517198781970284,0.30642691162827607,0.27153686200010946,0.3007953520133384,0.286565309902606,0.31909248529933826,0.33756630156747286,0.355417215689003,0.34527122812707334,0.3381590969040555
24,0.3335758186415314,0.34219100042767253,0.3721892042003119,0.37336181430652393,0.38769820593266224,0.36999124488730734,0.3693612722813077,0.38125839930775024,0.3914356906925664,0.3603591494066575,0.3543443468207088,0.37081219007519306,0.41377128397165264,0.3364680464997077,0.34562889006890224,0.36356151681264187,0.4106016755161887,0.3823141617616094,0.38914250950162904,0.39710469235098245,0.3741084308012965,0.3938779445807268,0.3821776054554766,0.34155583043674803,0.3995172789854334,0.3691471589634178,0.3960632033771729,0.40809724471339964,0.43379974922016923,0.44738688609913974,0.43409274919543606,0.45411417709418445
25,0.21931373936010523,0.21896503622085167,0.2527878027867943,0.26720633392421733,0.2719791291496903,0.263711378987834,0.27399158479902164,0.2674527798366661,0.2645133606645574,0.24676051887067887,0.26349113697431853,0.2795991100825881,0.3370706260967124,0.2599822573606756,0.2606043105024408,0.2957963289605463,0.3134085434851366,0.29915033324892165,0.31360547743725786,0.3177845247559058,0.3060699239463715,0.31491573986770177,0.30858052680282566,0.29044951896001114,0.28327277934511125,0.33268124831466966,0.31589683304862987,0.33232255341791955,0.344019531871765,0.3621210273680855,0.36532491252251986,0.3632332657488112
26,0.53096606055902,0.5247932972480273,0.5339567525347418,0.4971242207583722,0.49946730792909516,0.46460736331551344,0.48190254831638135,0.4338468418526841,0.4372071943787901,0.39826414531458065,0.36868329870270067,0.46284546824811057,0.46394539625175923,0.41564921803758964,0.4426797515377025,0.4815342780119345,0.5300350451248599,0.4821170616210251,0.5486767456125139,0.4891559554426978,0.4939188759173001,0.5244960563566544,0.4824681020739827,0.4794104688057515,0.4775386144877851,0.49228364391471896,0.6206767093754182,0.5342410437594696,0.5149516265375151,0.5681909351210456,0.5812787872966617,0.5770377547228416
27,0.29025812831256215,0.2880611365623262,0.3203913926588361,0.3281113303517373,0.32569854326796754,0.32334815420787927,0.32020529421509486,0.3269046021211977,0.3162382312488117,0.3006245795850593,0.2998366921263807,0.3489828168334121,0.40404014927065807,0.3133008602393063,0.31418456158788055,0.3538436805421981,0.37807089491844803,0.3582452472953812,0.4032336489630308,0.38999942787106956,0.37133652376539567,0.38121365128001905,0.38004792146771865,0.3574602440130107,0.3450613913270151,0.40824117174156266,0.3809099618404886,0.4503055984514893,0.4164900997822497,0.4662545645323799,0.4610443674444392,0.4278741054052968
28,0.40869619188246004,0.4101875889692778,0.43010992810200604,0.4219548423100489,0.43232055688203125,0.4030923596129054,0.4136882235241953,0.40347681896740506,0.39928133686682055,0.3694443857460213,0.35908423623613295,0.41329263396380583,0.44998822590268384,0.37955274660097976,0.3930542031446084,0.43735197989030056,0.46414378785298216,0.4263566454892152,0.47093201447985344,0.45423506205572817,0.42537926690807093,0.462989321022327,0.43564057438707954,0.4118247024876823,0.4147279106186075,0.4499707382032513,0.4855153747940845,0.49436289266305705,0.5484225360720523,0.5384960459839258,0.5254271600923355,0.5118877245894828
29,0.27964885403520917,0.27698974780851265,0.299759729176794,0.30469724648353363,0.3059901196004871,0.29226246444247844,0.29434113578757554,0.30082541791379197,0.30245539485054107,0.2701884565111472,0.2868577252440801,0.3334401499843268,0.37643152897666227,0.3192050297477917,0.28887663217706455,0.339432831083449,0.36581118548726516,0.34476830024794125,0.38489657244351133,0.37917920341849437,0.3599707914293941,0.39132749270912587,0.36316829056730965,0.37090589595583623,0.34052692230975795,0.4064772718170472,0.3830189127251065,0.40311126803178,0.4213399291993803,0.49499025485917925,0.470213905292641,0.416959180592176
30,0.4330369238857506,0.43005118590588215,0.44933790732151996,0.4280020385959172,0.43420651501299035,0.40294583408684764,0.42417436823521704,0.404812930992742,0.3892985812858481,0.3727671919089704,0.36593268472813956,0.4349560977873322,0.4694703419492282,0.389839513582879,0.38230497473608627,0.4308815687276745,0.4848398208747689,0.4480447477177359,0.5005933666711371,0.4486241514851356,0.446879178241613,0.4715795530828434,0.4516611430264133,0.46536699767442025,0.4318055547487916,0.4668964271418515,0.5187265025922269,0.5132566122491019,0.49653267941037943,0.5781285842021395,0.6493273165708736,0.5910279991657478
31,0.5841358215504836,0.5885088296090523,0.6043168332573455,0.563212094910198,0.5818900089167438,0.5393664866267996,0.5679206409256486,0.5263019976816927,0.52820738024931,0.48785303536622415,0.4665181608355798,0.5550074981232797,0.528493235407067,0.4850346983329963,0.4961193648510855,0.510776136401987,0.5953037763249799,0.5520650883516797,0.574319966089632,0.5233705507379115,0.5407665299292235,0.5613674715932738,0.5279909759537323,0.5085577420997556,0.5243743544015125,0.5001438898532254,0.6413400854696595,0.5855998112218913,0.5952720064104198,0.6435610216647647,0.6823708761136099,0.8137580450841925
