variant,layer,neuron_index,flat_index,seed
random,0,103,103,1000
random,0,150,150,1000
random,0,221,221,1000
random,0,319,319,1000
random,0,322,322,1000
random,0,793,793,1000
random,0,832,832,1000
random,0,1103,1103,1000
random,0,1133,1133,1000
random,0,1981,1981,1000
random,0,2046,2046,1000
random,0,2260,2260,1000
random,0,2535,2535,1000
random,0,2705,2705,1000
random,0,2715,2715,1000
random,0,2934,2934,1000
random,0,3252,3252,1000
random,0,4300,4300,1000
random,0,4419,4419,1000
random,0,4519,4519,1000
random,0,4643,4643,1000
random,0,4963,4963,1000
random,0,4980,4980,1000
random,0,5222,5222,1000
random,0,5255,5255,1000
random,0,5257,5257,1000
random,0,5263,5263,1000
random,0,5584,5584,1000
random,0,5693,5693,1000
random,0,5840,5840,1000
random,0,6504,6504,1000
random,0,6951,6951,1000
random,0,7062,7062,1000
random,0,7180,7180,1000
random,0,7300,7300,1000
random,0,7417,7417,1000
random,0,7749,7749,1000
random,0,8309,8309,1000
random,0,8748,8748,1000
random,0,8784,8784,1000
random,0,8822,8822,1000
random,0,9026,9026,1000
random,0,9452,9452,1000
random,0,9743,9743,1000
random,0,9856,9856,1000
random,0,10134,10134,1000
random,0,10257,10257,1000
random,0,10364,10364,1000
random,0,10632,10632,1000
random,0,11549,11549,1000
random,0,11667,11667,1000
random,0,11710,11710,1000
random,0,11813,11813,1000
random,0,11897,11897,1000
random,0,11923,11923,1000
random,0,12115,12115,1000
random,0,12290,12290,1000
random,0,12682,12682,1000
random,0,12785,12785,1000
random,0,12791,12791,1000
random,0,12904,12904,1000
random,0,13219,13219,1000
random,0,13292,13292,1000
random,0,13297,13297,1000
random,0,13327,13327,1000
random,0,13577,13577,1000
random,0,13598,13598,1000
random,0,13689,13689,1000
random,0,13995,13995,1000
random,0,14153,14153,1000
random,1,170,14506,1000
random,1,653,14989,1000
random,1,1154,15490,1000
random,1,1421,15757,1000
random,1,1531,15867,1000
random,1,1746,16082,1000
random,1,1902,16238,1000
random,1,2138,16474,1000
random,1,2142,16478,1000
random,1,2984,17320,1000
random,1,3058,17394,1000
random,1,3235,17571,1000
random,1,3449,17785,1000
random,1,3592,17928,1000
random,1,3653,17989,1000
random,1,3724,18060,1000
random,1,4210,18546,1000
random,1,4355,18691,1000
random,1,4403,18739,1000
random,1,4608,18944,1000
random,1,4931,19267,1000
random,1,5028,19364,1000
random,1,5105,19441,1000
random,1,5794,20130,1000
random,1,5823,20159,1000
random,1,5919,20255,1000
random,1,6070,20406,1000
random,1,6074,20410,1000
random,1,6253,20589,1000
random,1,6429,20765,1000
random,1,6689,21025,1000
random,1,6746,21082,1000
random,1,6932,21268,1000
random,1,7014,21350,1000
random,1,7046,21382,1000
random,1,7129,21465,1000
random,1,7204,21540,1000
random,1,7683,22019,1000
random,1,7765,22101,1000
random,1,7772,22108,1000
random,1,8076,22412,1000
random,1,8193,22529,1000
random,1,8259,22595,1000
random,1,8555,22891,1000
random,1,8638,22974,1000
random,1,8912,23248,1000
random,1,9017,23353,1000
random,1,9069,23405,1000
random,1,9417,23753,1000
random,1,9549,23885,1000
random,1,9836,24172,1000
random,1,10021,24357,1000
random,1,10100,24436,1000
random,1,10169,24505,1000
random,1,10627,24963,1000
random,1,10890,25226,1000
random,1,10932,25268,1000
random,1,10946,25282,1000
random,1,11801,26137,1000
random,1,11834,26170,1000
random,1,11925,26261,1000
random,1,12049,26385,1000
random,1,12559,26895,1000
random,1,12867,27203,1000
random,1,12985,27321,1000
random,1,13220,27556,1000
random,1,13538,27874,1000
random,1,13558,27894,1000
random,1,13627,27963,1000
random,1,13930,28266,1000
random,1,13972,28308,1000
random,1,14054,28390,1000
random,1,14063,28399,1000
random,1,14187,28523,1000
random,1,14333,28669,1000
random,2,15,28687,1000
random,2,673,29345,1000
random,2,776,29448,1000
random,2,1065,29737,1000
random,2,1562,30234,1000
random,2,1588,30260,1000
random,2,1687,30359,1000
random,2,1840,30512,1000
random,2,2438,31110,1000
random,2,2479,31151,1000
random,2,2814,31486,1000
random,2,2868,31540,1000
random,2,3289,31961,1000
random,2,3351,32023,1000
random,2,3485,32157,1000
random,2,3750,32422,1000
random,2,3972,32644,1000
random,2,4008,32680,1000
random,2,4589,33261,1000
random,2,4603,33275,1000
random,2,4872,33544,1000
random,2,5180,33852,1000
random,2,5465,34137,1000
random,2,5502,34174,1000
random,2,5503,34175,1000
random,2,6288,34960,1000
random,2,6328,35000,1000
random,2,6420,35092,1000
random,2,6513,35185,1000
random,2,6938,35610,1000
random,2,7056,35728,1000
random,2,7067,35739,1000
random,2,7072,35744,1000
random,2,7230,35902,1000
random,2,7558,36230,1000
random,2,7682,36354,1000
random,2,8057,36729,1000
random,2,8124,36796,1000
random,2,8248,36920,1000
random,2,8309,36981,1000
random,2,8449,37121,1000
random,2,8759,37431,1000
random,2,9059,37731,1000
random,2,9338,38010,1000
random,2,9452,38124,1000
random,2,9460,38132,1000
random,2,9709,38381,1000
random,2,9752,38424,1000
random,2,9866,38538,1000
random,2,9980,38652,1000
random,2,10206,38878,1000
random,2,10717,39389,1000
random,2,10927,39599,1000
random,2,11484,40156,1000
random,2,11781,40453,1000
random,2,11804,40476,1000
random,2,11885,40557,1000
random,2,12186,40858,1000
random,2,12289,40961,1000
random,2,12492,41164,1000
random,2,12608,41280,1000
random,2,12664,41336,1000
random,2,12680,41352,1000
random,2,12856,41528,1000
random,2,12915,41587,1000
random,2,12984,41656,1000
random,2,13257,41929,1000
random,2,13447,42119,1000
random,2,13558,42230,1000
random,2,13564,42236,1000
random,2,13747,42419,1000
random,2,14138,42810,1000
random,3,340,43348,1000
random,3,345,43353,1000
random,3,365,43373,1000
random,3,453,43461,1000
random,3,653,43661,1000
random,3,1276,44284,1000
random,3,1334,44342,1000
random,3,2132,45140,1000
random,3,2471,45479,1000
random,3,2520,45528,1000
random,3,2752,45760,1000
random,3,3647,46655,1000
random,3,3909,46917,1000
random,3,4731,47739,1000
random,3,4842,47850,1000
random,3,4937,47945,1000
random,3,5197,48205,1000
random,3,5577,48585,1000
random,3,5634,48642,1000
random,3,5699,48707,1000
random,3,5714,48722,1000
random,3,6117,49125,1000
random,3,6135,49143,1000
random,3,6136,49144,1000
random,3,6192,49200,1000
random,3,6254,49262,1000
random,3,6313,49321,1000
random,3,6699,49707,1000
random,3,7064,50072,1000
random,3,7410,50418,1000
random,3,7561,50569,1000
random,3,7640,50648,1000
random,3,7763,50771,1000
random,3,7778,50786,1000
random,3,8225,51233,1000
random,3,8331,51339,1000
random,3,8778,51786,1000
random,3,8845,51853,1000
random,3,8860,51868,1000
random,3,9113,52121,1000
random,3,9218,52226,1000
random,3,9304,52312,1000
random,3,9651,52659,1000
random,3,9752,52760,1000
random,3,9854,52862,1000
random,3,10210,53218,1000
random,3,10646,53654,1000
random,3,10688,53696,1000
random,3,10736,53744,1000
random,3,11149,54157,1000
random,3,11619,54627,1000
random,3,11865,54873,1000
random,3,12177,55185,1000
random,3,12254,55262,1000
random,3,12402,55410,1000
random,3,12472,55480,1000
random,3,12518,55526,1000
random,3,12536,55544,1000
random,3,12963,55971,1000
random,3,13378,56386,1000
random,3,13707,56715,1000
random,3,13716,56724,1000
random,3,13784,56792,1000
random,4,305,57649,1000
random,4,343,57687,1000
random,4,408,57752,1000
random,4,595,57939,1000
random,4,666,58010,1000
random,4,1192,58536,1000
random,4,1222,58566,1000
random,4,1470,58814,1000
random,4,1563,58907,1000
random,4,1656,59000,1000
random,4,2462,59806,1000
random,4,2503,59847,1000
random,4,2577,59921,1000
random,4,2627,59971,1000
random,4,3426,60770,1000
random,4,3436,60780,1000
random,4,3535,60879,1000
random,4,4243,61587,1000
random,4,4512,61856,1000
random,4,4557,61901,1000
random,4,4695,62039,1000
random,4,5098,62442,1000
random,4,5134,62478,1000
random,4,5188,62532,1000
random,4,5302,62646,1000
random,4,5377,62721,1000
random,4,5686,63030,1000
random,4,5836,63180,1000
random,4,5893,63237,1000
random,4,6158,63502,1000
random,4,6246,63590,1000
random,4,6574,63918,1000
random,4,6612,63956,1000
random,4,6616,63960,1000
random,4,6804,64148,1000
random,4,6980,64324,1000
random,4,7110,64454,1000
random,4,7429,64773,1000
random,4,7715,65059,1000
random,4,8269,65613,1000
random,4,8661,66005,1000
random,4,8835,66179,1000
random,4,8882,66226,1000
random,4,9061,66405,1000
random,4,9232,66576,1000
random,4,9255,66599,1000
random,4,9319,66663,1000
random,4,9633,66977,1000
random,4,9967,67311,1000
random,4,10756,68100,1000
random,4,10845,68189,1000
random,4,11092,68436,1000
random,4,11253,68597,1000
random,4,11344,68688,1000
random,4,11459,68803,1000
random,4,11863,69207,1000
random,4,11918,69262,1000
random,4,12000,69344,1000
random,4,12091,69435,1000
random,4,13063,70407,1000
random,4,13285,70629,1000
random,4,13356,70700,1000
random,4,13467,70811,1000
random,4,13543,70887,1000
random,4,13582,70926,1000
random,4,13627,70971,1000
random,4,14092,71436,1000
random,4,14261,71605,1000
random,4,14327,71671,1000
random,5,332,72012,1000
random,5,388,72068,1000
random,5,476,72156,1000
random,5,536,72216,1000
random,5,1072,72752,1000
random,5,1333,73013,1000
random,5,1872,73552,1000
random,5,2364,74044,1000
random,5,2779,74459,1000
random,5,2820,74500,1000
random,5,2960,74640,1000
random,5,3217,74897,1000
random,5,3353,75033,1000
random,5,3371,75051,1000
random,5,3470,75150,1000
random,5,3810,75490,1000
random,5,3933,75613,1000
random,5,3971,75651,1000
random,5,3999,75679,1000
random,5,4083,75763,1000
random,5,4313,75993,1000
random,5,4517,76197,1000
random,5,4542,76222,1000
random,5,4694,76374,1000
random,5,4721,76401,1000
random,5,4761,76441,1000
random,5,4778,76458,1000
random,5,4866,76546,1000
random,5,4999,76679,1000
random,5,5465,77145,1000
random,5,5756,77436,1000
random,5,5919,77599,1000
random,5,6059,77739,1000
random,5,6354,78034,1000
random,5,6401,78081,1000
random,5,7179,78859,1000
random,5,7515,79195,1000
random,5,7610,79290,1000
random,5,7650,79330,1000
random,5,7663,79343,1000
random,5,7722,79402,1000
random,5,7835,79515,1000
random,5,7839,79519,1000
random,5,7874,79554,1000
random,5,7986,79666,1000
random,5,8036,79716,1000
random,5,8145,79825,1000
random,5,8227,79907,1000
random,5,8469,80149,1000
random,5,8472,80152,1000
random,5,8497,80177,1000
random,5,8608,80288,1000
random,5,8750,80430,1000
random,5,8755,80435,1000
random,5,8788,80468,1000
random,5,8857,80537,1000
random,5,8904,80584,1000
random,5,9300,80980,1000
random,5,9320,81000,1000
random,5,9410,81090,1000
random,5,9717,81397,1000
random,5,9758,81438,1000
random,5,9818,81498,1000
random,5,9946,81626,1000
random,5,9969,81649,1000
random,5,10071,81751,1000
random,5,10353,82033,1000
random,5,10494,82174,1000
random,5,10524,82204,1000
random,5,10811,82491,1000
random,5,11038,82718,1000
random,5,11575,83255,1000
random,5,11629,83309,1000
random,5,11674,83354,1000
random,5,11711,83391,1000
random,5,12018,83698,1000
random,5,12910,84590,1000
random,5,13062,84742,1000
random,5,13152,84832,1000
random,5,13166,84846,1000
random,5,13240,84920,1000
random,5,13257,84937,1000
random,5,13264,84944,1000
random,5,13718,85398,1000
random,5,13877,85557,1000
random,5,14026,85706,1000
random,6,40,86056,1000
random,6,347,86363,1000
random,6,509,86525,1000
random,6,922,86938,1000
random,6,990,87006,1000
random,6,1252,87268,1000
random,6,1258,87274,1000
random,6,1398,87414,1000
random,6,1466,87482,1000
random,6,1548,87564,1000
random,6,1689,87705,1000
random,6,1762,87778,1000
random,6,2037,88053,1000
random,6,2149,88165,1000
random,6,2238,88254,1000
random,6,2244,88260,1000
random,6,2246,88262,1000
random,6,2600,88616,1000
random,6,2604,88620,1000
random,6,2648,88664,1000
random,6,2988,89004,1000
random,6,2991,89007,1000
random,6,3060,89076,1000
random,6,3107,89123,1000
random,6,3417,89433,1000
random,6,3792,89808,1000
random,6,3851,89867,1000
random,6,4633,90649,1000
random,6,4819,90835,1000
random,6,4893,90909,1000
random,6,4947,90963,1000
random,6,5066,91082,1000
random,6,5237,91253,1000
random,6,5395,91411,1000
random,6,5413,91429,1000
random,6,5477,91493,1000
random,6,5682,91698,1000
random,6,5704,91720,1000
random,6,5743,91759,1000
random,6,5947,91963,1000
random,6,6642,92658,1000
random,6,6708,92724,1000
random,6,6900,92916,1000
random,6,6977,92993,1000
random,6,7001,93017,1000
random,6,7004,93020,1000
random,6,7049,93065,1000
random,6,7316,93332,1000
random,6,7409,93425,1000
random,6,7699,93715,1000
random,6,7730,93746,1000
random,6,7951,93967,1000
random,6,8541,94557,1000
random,6,8678,94694,1000
random,6,8782,94798,1000
random,6,8802,94818,1000
random,6,8884,94900,1000
random,6,9094,95110,1000
random,6,9369,95385,1000
random,6,9439,95455,1000
random,6,9457,95473,1000
random,6,9772,95788,1000
random,6,9934,95950,1000
random,6,10082,96098,1000
random,6,10391,96407,1000
random,6,10463,96479,1000
random,6,10587,96603,1000
random,6,10763,96779,1000
random,6,11018,97034,1000
random,6,11396,97412,1000
random,6,11608,97624,1000
random,6,11933,97949,1000
random,6,12113,98129,1000
random,6,12319,98335,1000
random,6,12384,98400,1000
random,6,12451,98467,1000
random,6,12924,98940,1000
random,6,13019,99035,1000
random,6,13194,99210,1000
random,6,13280,99296,1000
random,6,13600,99616,1000
random,6,13682,99698,1000
random,6,13871,99887,1000
random,6,13882,99898,1000
random,6,14036,100052,1000
random,6,14135,100151,1000
random,6,14142,100158,1000
random,6,14326,100342,1000
random,7,37,100389,1000
random,7,348,100700,1000
random,7,479,100831,1000
random,7,655,101007,1000
random,7,754,101106,1000
random,7,1821,102173,1000
random,7,1842,102194,1000
random,7,1940,102292,1000
random,7,2193,102545,1000
random,7,2356,102708,1000
random,7,2473,102825,1000
random,7,2768,103120,1000
random,7,3041,103393,1000
random,7,3178,103530,1000
random,7,3279,103631,1000
random,7,3612,103964,1000
random,7,4056,104408,1000
random,7,4122,104474,1000
random,7,4148,104500,1000
random,7,4322,104674,1000
random,7,4387,104739,1000
random,7,4480,104832,1000
random,7,4601,104953,1000
random,7,4876,105228,1000
random,7,4895,105247,1000
random,7,5227,105579,1000
random,7,5315,105667,1000
random,7,5671,106023,1000
random,7,5699,106051,1000
random,7,5936,106288,1000
random,7,6046,106398,1000
random,7,6073,106425,1000
random,7,6132,106484,1000
random,7,6157,106509,1000
random,7,6520,106872,1000
random,7,6601,106953,1000
random,7,7108,107460,1000
random,7,7219,107571,1000
random,7,7223,107575,1000
random,7,7537,107889,1000
random,7,7892,108244,1000
random,7,7960,108312,1000
random,7,8082,108434,1000
random,7,8096,108448,1000
random,7,8347,108699,1000
random,7,8405,108757,1000
random,7,8919,109271,1000
random,7,9310,109662,1000
random,7,9537,109889,1000
random,7,9599,109951,1000
random,7,9606,109958,1000
random,7,9638,109990,1000
random,7,9655,110007,1000
random,7,9743,110095,1000
random,7,9793,110145,1000
random,7,10113,110465,1000
random,7,10259,110611,1000
random,7,10439,110791,1000
random,7,10520,110872,1000
random,7,10596,110948,1000
random,7,10840,111192,1000
random,7,11027,111379,1000
random,7,11069,111421,1000
random,7,11321,111673,1000
random,7,11799,112151,1000
random,7,11807,112159,1000
random,7,12079,112431,1000
random,7,12099,112451,1000
random,7,12362,112714,1000
random,7,12446,112798,1000
random,7,12855,113207,1000
random,7,13287,113639,1000
random,7,13322,113674,1000
random,7,13402,113754,1000
random,7,13500,113852,1000
random,7,13511,113863,1000
random,7,13670,114022,1000
random,7,13790,114142,1000
random,7,13865,114217,1000
random,7,14212,114564,1000
random,7,14324,114676,1000
random,8,65,114753,1000
random,8,164,114852,1000
random,8,407,115095,1000
random,8,514,115202,1000
random,8,808,115496,1000
random,8,897,115585,1000
random,8,1191,115879,1000
random,8,1248,115936,1000
random,8,1309,115997,1000
random,8,1686,116374,1000
random,8,1833,116521,1000
random,8,2387,117075,1000
random,8,2532,117220,1000
random,8,2786,117474,1000
random,8,2938,117626,1000
random,8,3108,117796,1000
random,8,3321,118009,1000
random,8,4185,118873,1000
random,8,4316,119004,1000
random,8,4449,119137,1000
random,8,4772,119460,1000
random,8,4829,119517,1000
random,8,4902,119590,1000
random,8,5644,120332,1000
random,8,5982,120670,1000
random,8,6154,120842,1000
random,8,6358,121046,1000
random,8,6634,121322,1000
random,8,6673,121361,1000
random,8,6718,121406,1000
random,8,6943,121631,1000
random,8,7234,121922,1000
random,8,7548,122236,1000
random,8,7616,122304,1000
random,8,7929,122617,1000
random,8,8252,122940,1000
random,8,8881,123569,1000
random,8,9229,123917,1000
random,8,9645,124333,1000
random,8,9851,124539,1000
random,8,10065,124753,1000
random,8,10094,124782,1000
random,8,10248,124936,1000
random,8,11056,125744,1000
random,8,11062,125750,1000
random,8,11559,126247,1000
random,8,11561,126249,1000
random,8,11692,126380,1000
random,8,12135,126823,1000
random,8,12431,127119,1000
random,8,12455,127143,1000
random,8,12776,127464,1000
random,8,12781,127469,1000
random,8,13135,127823,1000
random,8,13242,127930,1000
random,8,13269,127957,1000
random,8,13683,128371,1000
random,8,14107,128795,1000
random,8,14283,128971,1000
random,9,122,129146,1000
random,9,219,129243,1000
random,9,305,129329,1000
random,9,306,129330,1000
random,9,324,129348,1000
random,9,343,129367,1000
random,9,488,129512,1000
random,9,700,129724,1000
random,9,812,129836,1000
random,9,1127,130151,1000
random,9,1213,130237,1000
random,9,1891,130915,1000
random,9,1931,130955,1000
random,9,2188,131212,1000
random,9,2770,131794,1000
random,9,2839,131863,1000
random,9,3063,132087,1000
random,9,3344,132368,1000
random,9,3379,132403,1000
random,9,3432,132456,1000
random,9,3517,132541,1000
random,9,3756,132780,1000
random,9,3760,132784,1000
random,9,4030,133054,1000
random,9,4328,133352,1000
random,9,4718,133742,1000
random,9,4805,133829,1000
random,9,4879,133903,1000
random,9,5508,134532,1000
random,9,5573,134597,1000
random,9,5756,134780,1000
random,9,6073,135097,1000
random,9,6271,135295,1000
random,9,6294,135318,1000
random,9,6517,135541,1000
random,9,6781,135805,1000
random,9,6858,135882,1000
random,9,7025,136049,1000
random,9,7085,136109,1000
random,9,7615,136639,1000
random,9,8017,137041,1000
random,9,8042,137066,1000
random,9,8339,137363,1000
random,9,8846,137870,1000
random,9,8926,137950,1000
random,9,9009,138033,1000
random,9,9036,138060,1000
random,9,9073,138097,1000
random,9,9447,138471,1000
random,9,9664,138688,1000
random,9,9696,138720,1000
random,9,9910,138934,1000
random,9,9978,139002,1000
random,9,10136,139160,1000
random,9,10138,139162,1000
random,9,10349,139373,1000
random,9,10559,139583,1000
random,9,10902,139926,1000
random,9,11070,140094,1000
random,9,11104,140128,1000
random,9,11202,140226,1000
random,9,11227,140251,1000
random,9,11754,140778,1000
random,9,11798,140822,1000
random,9,11841,140865,1000
random,9,11863,140887,1000
random,9,11959,140983,1000
random,9,12151,141175,1000
random,9,12903,141927,1000
random,9,13193,142217,1000
random,9,13330,142354,1000
random,9,13558,142582,1000
random,9,13602,142626,1000
random,9,13808,142832,1000
random,9,14112,143136,1000
random,9,14153,143177,1000
random,9,14232,143256,1000
random,9,14238,143262,1000
random,10,290,143650,1000
random,10,412,143772,1000
random,10,614,143974,1000
random,10,691,144051,1000
random,10,750,144110,1000
random,10,992,144352,1000
random,10,1067,144427,1000
random,10,1208,144568,1000
random,10,1801,145161,1000
random,10,2115,145475,1000
random,10,2145,145505,1000
random,10,2473,145833,1000
random,10,2862,146222,1000
random,10,2957,146317,1000
random,10,3069,146429,1000
random,10,3092,146452,1000
random,10,3159,146519,1000
random,10,3281,146641,1000
random,10,3775,147135,1000
random,10,4234,147594,1000
random,10,4391,147751,1000
random,10,4551,147911,1000
random,10,4595,147955,1000
random,10,4888,148248,1000
random,10,5555,148915,1000
random,10,5706,149066,1000
random,10,5903,149263,1000
random,10,5930,149290,1000
random,10,5945,149305,1000
random,10,5973,149333,1000
random,10,6001,149361,1000
random,10,6100,149460,1000
random,10,6113,149473,1000
random,10,6219,149579,1000
random,10,6227,149587,1000
random,10,6297,149657,1000
random,10,6508,149868,1000
random,10,6896,150256,1000
random,10,6915,150275,1000
random,10,7701,151061,1000
random,10,7778,151138,1000
random,10,8117,151477,1000
random,10,8453,151813,1000
random,10,8540,151900,1000
random,10,8722,152082,1000
random,10,8812,152172,1000
random,10,9130,152490,1000
random,10,9175,152535,1000
random,10,9303,152663,1000
random,10,9485,152845,1000
random,10,9489,152849,1000
random,10,9561,152921,1000
random,10,9590,152950,1000
random,10,9620,152980,1000
random,10,9753,153113,1000
random,10,10086,153446,1000
random,10,10118,153478,1000
random,10,10461,153821,1000
random,10,10614,153974,1000
random,10,10814,154174,1000
random,10,10997,154357,1000
random,10,11602,154962,1000
random,10,12338,155698,1000
random,10,12538,155898,1000
random,10,12592,155952,1000
random,10,12779,156139,1000
random,10,13051,156411,1000
random,10,13175,156535,1000
random,10,13994,157354,1000
random,10,14004,157364,1000
random,11,127,157823,1000
random,11,372,158068,1000
random,11,599,158295,1000
random,11,669,158365,1000
random,11,980,158676,1000
random,11,991,158687,1000
random,11,1070,158766,1000
random,11,1342,159038,1000
random,11,1475,159171,1000
random,11,1728,159424,1000
random,11,1794,159490,1000
random,11,1842,159538,1000
random,11,2011,159707,1000
random,11,2871,160567,1000
random,11,2960,160656,1000
random,11,2988,160684,1000
random,11,3197,160893,1000
random,11,3221,160917,1000
random,11,3344,161040,1000
random,11,3429,161125,1000
random,11,3804,161500,1000
random,11,3850,161546,1000
random,11,3940,161636,1000
random,11,3968,161664,1000
random,11,4143,161839,1000
random,11,4236,161932,1000
random,11,4544,162240,1000
random,11,4831,162527,1000
random,11,5342,163038,1000
random,11,5488,163184,1000
random,11,6444,164140,1000
random,11,6622,164318,1000
random,11,6686,164382,1000
random,11,7233,164929,1000
random,11,7278,164974,1000
random,11,7424,165120,1000
random,11,7491,165187,1000
random,11,7532,165228,1000
random,11,7543,165239,1000
random,11,7700,165396,1000
random,11,7752,165448,1000
random,11,7908,165604,1000
random,11,7944,165640,1000
random,11,7950,165646,1000
random,11,8313,166009,1000
random,11,8959,166655,1000
random,11,9018,166714,1000
random,11,9025,166721,1000
random,11,9270,166966,1000
random,11,9410,167106,1000
random,11,9721,167417,1000
random,11,9826,167522,1000
random,11,10055,167751,1000
random,11,10241,167937,1000
random,11,10248,167944,1000
random,11,10332,168028,1000
random,11,10427,168123,1000
random,11,10605,168301,1000
random,11,10727,168423,1000
random,11,11015,168711,1000
random,11,11295,168991,1000
random,11,11571,169267,1000
random,11,11635,169331,1000
random,11,11767,169463,1000
random,11,11901,169597,1000
random,11,12357,170053,1000
random,11,12378,170074,1000
random,11,12842,170538,1000
random,11,12850,170546,1000
random,11,13068,170764,1000
random,11,13204,170900,1000
random,11,13268,170964,1000
random,11,13419,171115,1000
random,11,13511,171207,1000
random,11,13646,171342,1000
random,11,13673,171369,1000
random,11,13693,171389,1000
random,11,14285,171981,1000
random,12,857,172889,1000
random,12,911,172943,1000
random,12,995,173027,1000
random,12,1201,173233,1000
random,12,1657,173689,1000
random,12,1717,173749,1000
random,12,2193,174225,1000
random,12,2376,174408,1000
random,12,2541,174573,1000
random,12,2681,174713,1000
random,12,2690,174722,1000
random,12,2820,174852,1000
random,12,2879,174911,1000
random,12,3480,175512,1000
random,12,3669,175701,1000
random,12,3935,175967,1000
random,12,3970,176002,1000
random,12,4421,176453,1000
random,12,4639,176671,1000
random,12,4665,176697,1000
random,12,4973,177005,1000
random,12,5016,177048,1000
random,12,5197,177229,1000
random,12,5626,177658,1000
random,12,5847,177879,1000
random,12,6137,178169,1000
random,12,6725,178757,1000
random,12,6767,178799,1000
random,12,7038,179070,1000
random,12,7320,179352,1000
random,12,7440,179472,1000
random,12,7739,179771,1000
random,12,7815,179847,1000
random,12,7983,180015,1000
random,12,8100,180132,1000
random,12,8323,180355,1000
random,12,8691,180723,1000
random,12,8749,180781,1000
random,12,9025,181057,1000
random,12,9051,181083,1000
random,12,9420,181452,1000
random,12,9494,181526,1000
random,12,10190,182222,1000
random,12,10614,182646,1000
random,12,11370,183402,1000
random,12,11471,183503,1000
random,12,11503,183535,1000
random,12,11843,183875,1000
random,12,12096,184128,1000
random,12,12122,184154,1000
random,12,12256,184288,1000
random,12,12259,184291,1000
random,12,12333,184365,1000
random,12,12387,184419,1000
random,12,12664,184696,1000
random,12,12832,184864,1000
random,12,13408,185440,1000
random,12,13436,185468,1000
random,12,13451,185483,1000
random,12,13486,185518,1000
random,12,13774,185806,1000
random,12,13848,185880,1000
random,12,14106,186138,1000
random,12,14230,186262,1000
random,12,14238,186270,1000
random,13,73,186441,1000
random,13,295,186663,1000
random,13,446,186814,1000
random,13,668,187036,1000
random,13,862,187230,1000
random,13,876,187244,1000
random,13,1099,187467,1000
random,13,1964,188332,1000
random,13,2383,188751,1000
random,13,2797,189165,1000
random,13,2809,189177,1000
random,13,2872,189240,1000
random,13,2892,189260,1000
random,13,2904,189272,1000
random,13,2980,189348,1000
random,13,3181,189549,1000
random,13,3219,189587,1000
random,13,3245,189613,1000
random,13,3561,189929,1000
random,13,3576,189944,1000
random,13,3586,189954,1000
random,13,3967,190335,1000
random,13,4282,190650,1000
random,13,4293,190661,1000
random,13,4428,190796,1000
random,13,4579,190947,1000
random,13,4597,190965,1000
random,13,4630,190998,1000
random,13,4644,191012,1000
random,13,4800,191168,1000
random,13,4907,191275,1000
random,13,5000,191368,1000
random,13,5362,191730,1000
random,13,5476,191844,1000
random,13,5699,192067,1000
random,13,5749,192117,1000
random,13,6035,192403,1000
random,13,6109,192477,1000
random,13,6238,192606,1000
random,13,6269,192637,1000
random,13,6499,192867,1000
random,13,6621,192989,1000
random,13,6796,193164,1000
random,13,7394,193762,1000
random,13,7839,194207,1000
random,13,8121,194489,1000
random,13,8279,194647,1000
random,13,8480,194848,1000
random,13,8823,195191,1000
random,13,9270,195638,1000
random,13,9515,195883,1000
random,13,9997,196365,1000
random,13,10428,196796,1000
random,13,10608,196976,1000
random,13,10792,197160,1000
random,13,10899,197267,1000
random,13,10991,197359,1000
random,13,11153,197521,1000
random,13,11269,197637,1000
random,13,11588,197956,1000
random,13,11754,198122,1000
random,13,12021,198389,1000
random,13,12210,198578,1000
random,13,12244,198612,1000
random,13,12312,198680,1000
random,13,12550,198918,1000
random,13,12922,199290,1000
random,13,12924,199292,1000
random,13,13348,199716,1000
random,13,13450,199818,1000
random,13,13474,199842,1000
random,13,13591,199959,1000
random,13,13702,200070,1000
random,13,13711,200079,1000
random,13,13829,200197,1000
random,13,13877,200245,1000
random,13,13879,200247,1000
random,13,13928,200296,1000
random,13,13968,200336,1000
random,13,14006,200374,1000
random,13,14025,200393,1000
random,13,14173,200541,1000
random,13,14182,200550,1000
random,13,14267,200635,1000
random,13,14315,200683,1000
random,14,245,200949,1000
random,14,262,200966,1000
random,14,282,200986,1000
random,14,599,201303,1000
random,14,893,201597,1000
random,14,1084,201788,1000
random,14,1119,201823,1000
random,14,1526,202230,1000
random,14,1706,202410,1000
random,14,2155,202859,1000
random,14,2231,202935,1000
random,14,2801,203505,1000
random,14,2803,203507,1000
random,14,3123,203827,1000
random,14,3266,203970,1000
random,14,3710,204414,1000
random,14,3778,204482,1000
random,14,3783,204487,1000
random,14,3866,204570,1000
random,14,4039,204743,1000
random,14,4800,205504,1000
random,14,4944,205648,1000
random,14,5372,206076,1000
random,14,5397,206101,1000
random,14,5462,206166,1000
random,14,5555,206259,1000
random,14,5707,206411,1000
random,14,5808,206512,1000
random,14,6588,207292,1000
random,14,6630,207334,1000
random,14,6719,207423,1000
random,14,7011,207715,1000
random,14,7120,207824,1000
random,14,7366,208070,1000
random,14,7764,208468,1000
random,14,8213,208917,1000
random,14,8318,209022,1000
random,14,9744,210448,1000
random,14,9945,210649,1000
random,14,10254,210958,1000
random,14,10287,210991,1000
random,14,10327,211031,1000
random,14,10956,211660,1000
random,14,11086,211790,1000
random,14,11138,211842,1000
random,14,11335,212039,1000
random,14,11384,212088,1000
random,14,11562,212266,1000
random,14,11867,212571,1000
random,14,12282,212986,1000
random,14,13026,213730,1000
random,14,13225,213929,1000
random,14,13482,214186,1000
random,15,297,215337,1000
random,15,576,215616,1000
random,15,621,215661,1000
random,15,810,215850,1000
random,15,868,215908,1000
random,15,1002,216042,1000
random,15,1087,216127,1000
random,15,1497,216537,1000
random,15,1519,216559,1000
random,15,1587,216627,1000
random,15,1741,216781,1000
random,15,1790,216830,1000
random,15,1838,216878,1000
random,15,1902,216942,1000
random,15,1922,216962,1000
random,15,2358,217398,1000
random,15,2676,217716,1000
random,15,2926,217966,1000
random,15,3011,218051,1000
random,15,3212,218252,1000
random,15,3241,218281,1000
random,15,3423,218463,1000
random,15,3792,218832,1000
random,15,4016,219056,1000
random,15,4023,219063,1000
random,15,4151,219191,1000
random,15,4183,219223,1000
random,15,4775,219815,1000
random,15,4877,219917,1000
random,15,4983,220023,1000
random,15,5005,220045,1000
random,15,5179,220219,1000
random,15,5675,220715,1000
random,15,5791,220831,1000
random,15,5997,221037,1000
random,15,6081,221121,1000
random,15,6098,221138,1000
random,15,6236,221276,1000
random,15,6601,221641,1000
random,15,6692,221732,1000
random,15,6695,221735,1000
random,15,6763,221803,1000
random,15,6882,221922,1000
random,15,6895,221935,1000
random,15,7207,222247,1000
random,15,7629,222669,1000
random,15,7978,223018,1000
random,15,8659,223699,1000
random,15,8678,223718,1000
random,15,8688,223728,1000
random,15,9734,224774,1000
random,15,10376,225416,1000
random,15,10614,225654,1000
random,15,10771,225811,1000
random,15,10999,226039,1000
random,15,11018,226058,1000
random,15,11188,226228,1000
random,15,11404,226444,1000
random,15,11593,226633,1000
random,15,12371,227411,1000
random,15,12425,227465,1000
random,15,12601,227641,1000
random,15,13013,228053,1000
random,15,13161,228201,1000
random,15,13178,228218,1000
random,15,13452,228492,1000
random,15,13462,228502,1000
random,15,13573,228613,1000
random,15,13582,228622,1000
random,15,13790,228830,1000
random,15,14093,229133,1000
random,15,14098,229138,1000
random,15,14288,229328,1000
random,15,14329,229369,1000
random,16,32,229408,1000
random,16,69,229445,1000
random,16,341,229717,1000
random,16,666,230042,1000
random,16,749,230125,1000
random,16,1013,230389,1000
random,16,1232,230608,1000
random,16,1337,230713,1000
random,16,1382,230758,1000
random,16,1416,230792,1000
random,16,1629,231005,1000
random,16,1710,231086,1000
random,16,1880,231256,1000
random,16,2095,231471,1000
random,16,2312,231688,1000
random,16,2341,231717,1000
random,16,2463,231839,1000
random,16,3195,232571,1000
random,16,3700,233076,1000
random,16,3762,233138,1000
random,16,4462,233838,1000
random,16,4537,233913,1000
random,16,4646,234022,1000
random,16,4755,234131,1000
random,16,4955,234331,1000
random,16,5809,235185,1000
random,16,6086,235462,1000
random,16,6271,235647,1000
random,16,6430,235806,1000
random,16,6650,236026,1000
random,16,6777,236153,1000
random,16,6792,236168,1000
random,16,6828,236204,1000
random,16,6892,236268,1000
random,16,6989,236365,1000
random,16,6999,236375,1000
random,16,7067,236443,1000
random,16,7227,236603,1000
random,16,7245,236621,1000
random,16,7282,236658,1000
random,16,7297,236673,1000
random,16,7336,236712,1000
random,16,7413,236789,1000
random,16,7706,237082,1000
random,16,7760,237136,1000
random,16,7854,237230,1000
random,16,8074,237450,1000
random,16,8571,237947,1000
random,16,8574,237950,1000
random,16,8687,238063,1000
random,16,8726,238102,1000
random,16,9076,238452,1000
random,16,9300,238676,1000
random,16,9362,238738,1000
random,16,9552,238928,1000
random,16,10150,239526,1000
random,16,10416,239792,1000
random,16,10696,240072,1000
random,16,12166,241542,1000
random,16,12229,241605,1000
random,16,12330,241706,1000
random,16,12418,241794,1000
random,16,12598,241974,1000
random,16,12862,242238,1000
random,16,12968,242344,1000
random,16,12971,242347,1000
random,16,12982,242358,1000
random,16,13026,242402,1000
random,16,13182,242558,1000
random,16,13377,242753,1000
random,16,13539,242915,1000
random,16,13714,243090,1000
random,16,14002,243378,1000
random,16,14075,243451,1000
random,17,38,243750,1000
random,17,89,243801,1000
random,17,282,243994,1000
random,17,407,244119,1000
random,17,482,244194,1000
random,17,1260,244972,1000
random,17,1411,245123,1000
random,17,1427,245139,1000
random,17,1484,245196,1000
random,17,1488,245200,1000
random,17,1863,245575,1000
random,17,1965,245677,1000
random,17,2262,245974,1000
random,17,2518,246230,1000
random,17,2755,246467,1000
random,17,3522,247234,1000
random,17,3916,247628,1000
random,17,4187,247899,1000
random,17,4520,248232,1000
random,17,4753,248465,1000
random,17,4877,248589,1000
random,17,4982,248694,1000
random,17,5017,248729,1000
random,17,5172,248884,1000
random,17,5344,249056,1000
random,17,5914,249626,1000
random,17,6039,249751,1000
random,17,6105,249817,1000
random,17,6263,249975,1000
random,17,6380,250092,1000
random,17,6396,250108,1000
random,17,6425,250137,1000
random,17,6499,250211,1000
random,17,7124,250836,1000
random,17,7127,250839,1000
random,17,7324,251036,1000
random,17,7454,251166,1000
random,17,7457,251169,1000
random,17,8433,252145,1000
random,17,8716,252428,1000
random,17,8740,252452,1000
random,17,8882,252594,1000
random,17,8955,252667,1000
random,17,9107,252819,1000
random,17,9414,253126,1000
random,17,9540,253252,1000
random,17,9635,253347,1000
random,17,9935,253647,1000
random,17,10075,253787,1000
random,17,10176,253888,1000
random,17,10201,253913,1000
random,17,10572,254284,1000
random,17,10616,254328,1000
random,17,11087,254799,1000
random,17,11456,255168,1000
random,17,11533,255245,1000
random,17,12064,255776,1000
random,17,13009,256721,1000
random,17,13167,256879,1000
random,17,13398,257110,1000
random,17,13563,257275,1000
random,17,13577,257289,1000
random,17,13828,257540,1000
random,17,14287,257999,1000
random,18,13,258061,1000
random,18,569,258617,1000
random,18,898,258946,1000
random,18,942,258990,1000
random,18,991,259039,1000
random,18,1264,259312,1000
random,18,1301,259349,1000
random,18,1392,259440,1000
random,18,1475,259523,1000
random,18,2208,260256,1000
random,18,2227,260275,1000
random,18,2235,260283,1000
random,18,2613,260661,1000
random,18,2843,260891,1000
random,18,2968,261016,1000
random,18,3377,261425,1000
random,18,3708,261756,1000
random,18,4075,262123,1000
random,18,4198,262246,1000
random,18,4248,262296,1000
random,18,4284,262332,1000
random,18,4668,262716,1000
random,18,4950,262998,1000
random,18,4973,263021,1000
random,18,5062,263110,1000
random,18,5178,263226,1000
random,18,5748,263796,1000
random,18,5802,263850,1000
random,18,6301,264349,1000
random,18,6558,264606,1000
random,18,6641,264689,1000
random,18,6716,264764,1000
random,18,6814,264862,1000
random,18,6853,264901,1000
random,18,7075,265123,1000
random,18,7543,265591,1000
random,18,7673,265721,1000
random,18,8558,266606,1000
random,18,8579,266627,1000
random,18,8632,266680,1000
random,18,8681,266729,1000
random,18,8943,266991,1000
random,18,9020,267068,1000
random,18,9043,267091,1000
random,18,9161,267209,1000
random,18,9299,267347,1000
random,18,9409,267457,1000
random,18,9600,267648,1000
random,18,10143,268191,1000
random,18,10178,268226,1000
random,18,10493,268541,1000
random,18,10674,268722,1000
random,18,10678,268726,1000
random,18,10684,268732,1000
random,18,10949,268997,1000
random,18,11222,269270,1000
random,18,11445,269493,1000
random,18,11535,269583,1000
random,18,11543,269591,1000
random,18,12189,270237,1000
random,18,12232,270280,1000
random,18,12455,270503,1000
random,18,12549,270597,1000
random,18,12604,270652,1000
random,18,12611,270659,1000
random,18,12669,270717,1000
random,18,12702,270750,1000
random,18,13185,271233,1000
random,18,13905,271953,1000
random,18,14244,272292,1000
random,19,445,272829,1000
random,19,862,273246,1000
random,19,1107,273491,1000
random,19,1223,273607,1000
random,19,1260,273644,1000
random,19,1350,273734,1000
random,19,2774,275158,1000
random,19,2917,275301,1000
random,19,3250,275634,1000
random,19,3815,276199,1000
random,19,3829,276213,1000
random,19,3832,276216,1000
random,19,3906,276290,1000
random,19,4181,276565,1000
random,19,4287,276671,1000
random,19,4448,276832,1000
random,19,4688,277072,1000
random,19,4765,277149,1000
random,19,4873,277257,1000
random,19,4877,277261,1000
random,19,5080,277464,1000
random,19,5194,277578,1000
random,19,5564,277948,1000
random,19,5658,278042,1000
random,19,5679,278063,1000
random,19,5749,278133,1000
random,19,6042,278426,1000
random,19,6045,278429,1000
random,19,6457,278841,1000
random,19,6687,279071,1000
random,19,6897,279281,1000
random,19,6981,279365,1000
random,19,7270,279654,1000
random,19,7289,279673,1000
random,19,7294,279678,1000
random,19,7296,279680,1000
random,19,7343,279727,1000
random,19,7371,279755,1000
random,19,7430,279814,1000
random,19,7559,279943,1000
random,19,7609,279993,1000
random,19,7630,280014,1000
random,19,7769,280153,1000
random,19,7964,280348,1000
random,19,8058,280442,1000
random,19,8070,280454,1000
random,19,8409,280793,1000
random,19,8449,280833,1000
random,19,8683,281067,1000
random,19,8717,281101,1000
random,19,8937,281321,1000
random,19,8968,281352,1000
random,19,9022,281406,1000
random,19,9186,281570,1000
random,19,9508,281892,1000
random,19,10368,282752,1000
random,19,10512,282896,1000
random,19,10681,283065,1000
random,19,10901,283285,1000
random,19,11069,283453,1000
random,19,11173,283557,1000
random,19,11420,283804,1000
random,19,11423,283807,1000
random,19,11574,283958,1000
random,19,11758,284142,1000
random,19,11834,284218,1000
random,19,11885,284269,1000
random,19,11897,284281,1000
random,19,12067,284451,1000
random,19,12274,284658,1000
random,19,12700,285084,1000
random,19,12999,285383,1000
random,19,13556,285940,1000
random,19,13706,286090,1000
random,19,14068,286452,1000
random,20,217,286937,1000
random,20,653,287373,1000
random,20,699,287419,1000
random,20,800,287520,1000
random,20,992,287712,1000
random,20,1253,287973,1000
random,20,1256,287976,1000
random,20,1421,288141,1000
random,20,1754,288474,1000
random,20,1868,288588,1000
random,20,2210,288930,1000
random,20,2359,289079,1000
random,20,2403,289123,1000
random,20,2414,289134,1000
random,20,2436,289156,1000
random,20,2449,289169,1000
random,20,2976,289696,1000
random,20,3223,289943,1000
random,20,3372,290092,1000
random,20,3693,290413,1000
random,20,3703,290423,1000
random,20,3907,290627,1000
random,20,3924,290644,1000
random,20,4508,291228,1000
random,20,4876,291596,1000
random,20,4963,291683,1000
random,20,4967,291687,1000
random,20,5320,292040,1000
random,20,5560,292280,1000
random,20,5939,292659,1000
random,20,5950,292670,1000
random,20,6068,292788,1000
random,20,6088,292808,1000
random,20,6194,292914,1000
random,20,7015,293735,1000
random,20,7124,293844,1000
random,20,7710,294430,1000
random,20,7862,294582,1000
random,20,7872,294592,1000
random,20,7900,294620,1000
random,20,8044,294764,1000
random,20,8056,294776,1000
random,20,8313,295033,1000
random,20,8721,295441,1000
random,20,8821,295541,1000
random,20,8936,295656,1000
random,20,9250,295970,1000
random,20,9360,296080,1000
random,20,9455,296175,1000
random,20,9610,296330,1000
random,20,9664,296384,1000
random,20,10649,297369,1000
random,20,10943,297663,1000
random,20,11509,298229,1000
random,20,11697,298417,1000
random,20,11852,298572,1000
random,20,11988,298708,1000
random,20,12051,298771,1000
random,20,12142,298862,1000
random,20,12435,299155,1000
random,20,12468,299188,1000
random,20,13008,299728,1000
random,20,13132,299852,1000
random,20,13272,299992,1000
random,20,13393,300113,1000
random,20,13642,300362,1000
random,20,14009,300729,1000
random,20,14080,300800,1000
random,20,14196,300916,1000
random,21,109,301165,1000
random,21,493,301549,1000
random,21,685,301741,1000
random,21,737,301793,1000
random,21,1499,302555,1000
random,21,1843,302899,1000
random,21,1896,302952,1000
random,21,1972,303028,1000
random,21,2004,303060,1000
random,21,2498,303554,1000
random,21,2894,303950,1000
random,21,3366,304422,1000
random,21,3618,304674,1000
random,21,3620,304676,1000
random,21,3749,304805,1000
random,21,4200,305256,1000
random,21,4339,305395,1000
random,21,4365,305421,1000
random,21,4926,305982,1000
random,21,5141,306197,1000
random,21,5153,306209,1000
random,21,5286,306342,1000
random,21,5291,306347,1000
random,21,5610,306666,1000
random,21,5835,306891,1000
random,21,5988,307044,1000
random,21,6262,307318,1000
random,21,6351,307407,1000
random,21,6759,307815,1000
random,21,7038,308094,1000
random,21,7075,308131,1000
random,21,7429,308485,1000
random,21,7590,308646,1000
random,21,7695,308751,1000
random,21,7705,308761,1000
random,21,8523,309579,1000
random,21,8594,309650,1000
random,21,8735,309791,1000
random,21,8789,309845,1000
random,21,8814,309870,1000
random,21,8971,310027,1000
random,21,9137,310193,1000
random,21,10169,311225,1000
random,21,10185,311241,1000
random,21,10274,311330,1000
random,21,10368,311424,1000
random,21,10394,311450,1000
random,21,10796,311852,1000
random,21,10908,311964,1000
random,21,11161,312217,1000
random,21,11306,312362,1000
random,21,11561,312617,1000
random,21,11916,312972,1000
random,21,12067,313123,1000
random,21,12284,313340,1000
random,21,12325,313381,1000
random,21,12370,313426,1000
random,21,12486,313542,1000
random,21,12558,313614,1000
random,21,12649,313705,1000
random,21,12928,313984,1000
random,21,12951,314007,1000
random,21,12995,314051,1000
random,21,13366,314422,1000
random,21,13384,314440,1000
random,21,13727,314783,1000
random,21,13999,315055,1000
random,21,14088,315144,1000
random,21,14141,315197,1000
random,21,14173,315229,1000
random,22,94,315486,1000
random,22,1015,316407,1000
random,22,1277,316669,1000
random,22,1283,316675,1000
random,22,1344,316736,1000
random,22,1400,316792,1000
random,22,1746,317138,1000
random,22,1867,317259,1000
random,22,2641,318033,1000
random,22,2855,318247,1000
random,22,3244,318636,1000
random,22,3285,318677,1000
random,22,4243,319635,1000
random,22,4319,319711,1000
random,22,4549,319941,1000
random,22,4625,320017,1000
random,22,4784,320176,1000
random,22,4994,320386,1000
random,22,5015,320407,1000
random,22,5108,320500,1000
random,22,5312,320704,1000
random,22,5392,320784,1000
random,22,5867,321259,1000
random,22,5869,321261,1000
random,22,6823,322215,1000
random,22,6999,322391,1000
random,22,7297,322689,1000
random,22,7755,323147,1000
random,22,8265,323657,1000
random,22,8405,323797,1000
random,22,8683,324075,1000
random,22,8734,324126,1000
random,22,9076,324468,1000
random,22,9211,324603,1000
random,22,9645,325037,1000
random,22,9714,325106,1000
random,22,9963,325355,1000
random,22,10041,325433,1000
random,22,10159,325551,1000
random,22,10176,325568,1000
random,22,10826,326218,1000
random,22,11072,326464,1000
random,22,11122,326514,1000
random,22,11173,326565,1000
random,22,12176,327568,1000
random,22,12298,327690,1000
random,22,12827,328219,1000
random,22,12845,328237,1000
random,22,13346,328738,1000
random,22,13631,329023,1000
random,22,13687,329079,1000
random,22,13853,329245,1000
random,22,13967,329359,1000
random,22,14306,329698,1000
random,23,85,329813,1000
random,23,290,330018,1000
random,23,553,330281,1000
random,23,666,330394,1000
random,23,685,330413,1000
random,23,921,330649,1000
random,23,1374,331102,1000
random,23,1428,331156,1000
random,23,1679,331407,1000
random,23,2117,331845,1000
random,23,2400,332128,1000
random,23,2455,332183,1000
random,23,2635,332363,1000
random,23,2881,332609,1000
random,23,3013,332741,1000
random,23,3061,332789,1000
random,23,3467,333195,1000
random,23,3474,333202,1000
random,23,3476,333204,1000
random,23,3494,333222,1000
random,23,3521,333249,1000
random,23,3617,333345,1000
random,23,3639,333367,1000
random,23,3930,333658,1000
random,23,3975,333703,1000
random,23,4427,334155,1000
random,23,4477,334205,1000
random,23,4657,334385,1000
random,23,4679,334407,1000
random,23,5388,335116,1000
random,23,5496,335224,1000
random,23,5550,335278,1000
random,23,5600,335328,1000
random,23,5869,335597,1000
random,23,6002,335730,1000
random,23,6194,335922,1000
random,23,6206,335934,1000
random,23,6321,336049,1000
random,23,6473,336201,1000
random,23,6487,336215,1000
random,23,6559,336287,1000
random,23,6728,336456,1000
random,23,6991,336719,1000
random,23,7281,337009,1000
random,23,7307,337035,1000
random,23,7373,337101,1000
random,23,7986,337714,1000
random,23,8115,337843,1000
random,23,8238,337966,1000
random,23,8643,338371,1000
random,23,8658,338386,1000
random,23,8799,338527,1000
random,23,8806,338534,1000
random,23,9193,338921,1000
random,23,10182,339910,1000
random,23,10368,340096,1000
random,23,10813,340541,1000
random,23,10990,340718,1000
random,23,11344,341072,1000
random,23,11383,341111,1000
random,23,11644,341372,1000
random,23,11833,341561,1000
random,23,11905,341633,1000
random,23,12078,341806,1000
random,23,12412,342140,1000
random,23,12583,342311,1000
random,23,12934,342662,1000
random,23,12945,342673,1000
random,23,13203,342931,1000
random,23,13401,343129,1000
random,23,13446,343174,1000
random,23,13745,343473,1000
random,23,13814,343542,1000
random,23,13830,343558,1000
random,23,14093,343821,1000
random,23,14200,343928,1000
random,24,318,344382,1000
random,24,780,344844,1000
random,24,803,344867,1000
random,24,1004,345068,1000
random,24,1099,345163,1000
random,24,1753,345817,1000
random,24,2046,346110,1000
random,24,2795,346859,1000
random,24,2812,346876,1000
random,24,3191,347255,1000
random,24,3688,347752,1000
random,24,3706,347770,1000
random,24,3846,347910,1000
random,24,4065,348129,1000
random,24,4366,348430,1000
random,24,4479,348543,1000
random,24,4706,348770,1000
random,24,5249,349313,1000
random,24,5310,349374,1000
random,24,5401,349465,1000
random,24,5496,349560,1000
random,24,5595,349659,1000
random,24,5819,349883,1000
random,24,6022,350086,1000
random,24,6045,350109,1000
random,24,6113,350177,1000
random,24,6130,350194,1000
random,24,6456,350520,1000
random,24,6523,350587,1000
random,24,6887,350951,1000
random,24,7253,351317,1000
random,24,7551,351615,1000
random,24,7619,351683,1000
random,24,7795,351859,1000
random,24,7867,351931,1000
random,24,8039,352103,1000
random,24,8647,352711,1000
random,24,8707,352771,1000
random,24,8899,352963,1000
random,24,8960,353024,1000
random,24,9363,353427,1000
random,24,9506,353570,1000
random,24,9676,353740,1000
random,24,9733,353797,1000
random,24,9792,353856,1000
random,24,10055,354119,1000
random,24,10100,354164,1000
random,24,10477,354541,1000
random,24,10635,354699,1000
random,24,10818,354882,1000
random,24,10882,354946,1000
random,24,10892,354956,1000
random,24,11238,355302,1000
random,24,11257,355321,1000
random,24,11926,355990,1000
random,24,12110,356174,1000
random,24,12259,356323,1000
random,24,12347,356411,1000
random,24,12391,356455,1000
random,24,12797,356861,1000
random,24,12871,356935,1000
random,24,12970,357034,1000
random,24,13280,357344,1000
random,24,13290,357354,1000
random,24,13771,357835,1000
random,24,14006,358070,1000
random,24,14169,358233,1000
random,24,14178,358242,1000
random,24,14263,358327,1000
random,25,202,358602,1000
random,25,221,358621,1000
random,25,453,358853,1000
random,25,1119,359519,1000
random,25,1353,359753,1000
random,25,1405,359805,1000
random,25,1563,359963,1000
random,25,1791,360191,1000
random,25,1843,360243,1000
random,25,2072,360472,1000
random,25,2075,360475,1000
random,25,2873,361273,1000
random,25,2964,361364,1000
random,25,3048,361448,1000
random,25,3274,361674,1000
random,25,3363,361763,1000
random,25,3647,362047,1000
random,25,4020,362420,1000
random,25,4464,362864,1000
random,25,4698,363098,1000
random,25,4801,363201,1000
random,25,4844,363244,1000
random,25,4982,363382,1000
random,25,5319,363719,1000
random,25,5446,363846,1000
random,25,5775,364175,1000
random,25,5829,364229,1000
random,25,6013,364413,1000
random,25,6397,364797,1000
random,25,6422,364822,1000
random,25,6457,364857,1000
random,25,6601,365001,1000
random,25,6668,365068,1000
random,25,6901,365301,1000
random,25,6963,365363,1000
random,25,7046,365446,1000
random,25,7053,365453,1000
random,25,7189,365589,1000
random,25,7560,365960,1000
random,25,7597,365997,1000
random,25,7751,366151,1000
random,25,7841,366241,1000
random,25,8189,366589,1000
random,25,8843,367243,1000
random,25,8919,367319,1000
random,25,9088,367488,1000
random,25,9435,367835,1000
random,25,9606,368006,1000
random,25,9633,368033,1000
random,25,9680,368080,1000
random,25,9769,368169,1000
random,25,9773,368173,1000
random,25,9896,368296,1000
random,25,9952,368352,1000
random,25,10056,368456,1000
random,25,10527,368927,1000
random,25,10668,369068,1000
random,25,10744,369144,1000
random,25,10937,369337,1000
random,25,11407,369807,1000
random,25,11772,370172,1000
random,25,11790,370190,1000
random,25,12115,370515,1000
random,25,12319,370719,1000
random,25,12529,370929,1000
random,25,12914,371314,1000
random,25,12963,371363,1000
random,25,13239,371639,1000
random,25,13463,371863,1000
random,26,86,372822,1000
random,26,154,372890,1000
random,26,190,372926,1000
random,26,302,373038,1000
random,26,331,373067,1000
random,26,642,373378,1000
random,26,957,373693,1000
random,26,963,373699,1000
random,26,1112,373848,1000
random,26,1437,374173,1000
random,26,1455,374191,1000
random,26,1492,374228,1000
random,26,1563,374299,1000
random,26,1666,374402,1000
random,26,1798,374534,1000
random,26,2110,374846,1000
random,26,2575,375311,1000
random,26,2638,375374,1000
random,26,2796,375532,1000
random,26,2802,375538,1000
random,26,3245,375981,1000
random,26,3347,376083,1000
random,26,3630,376366,1000
random,26,4191,376927,1000
random,26,5528,378264,1000
random,26,6073,378809,1000
random,26,6148,378884,1000
random,26,6219,378955,1000
random,26,6264,379000,1000
random,26,6395,379131,1000
random,26,6516,379252,1000
random,26,6523,379259,1000
random,26,6980,379716,1000
random,26,7139,379875,1000
random,26,7233,379969,1000
random,26,7450,380186,1000
random,26,7665,380401,1000
random,26,7770,380506,1000
random,26,8285,381021,1000
random,26,8526,381262,1000
random,26,8682,381418,1000
random,26,8813,381549,1000
random,26,8969,381705,1000
random,26,9848,382584,1000
random,26,9972,382708,1000
random,26,10010,382746,1000
random,26,10023,382759,1000
random,26,10110,382846,1000
random,26,10274,383010,1000
random,26,10303,383039,1000
random,26,10353,383089,1000
random,26,10996,383732,1000
random,26,11013,383749,1000
random,26,11271,384007,1000
random,26,11513,384249,1000
random,26,11822,384558,1000
random,26,12507,385243,1000
random,26,12703,385439,1000
random,26,12970,385706,1000
random,26,13085,385821,1000
random,26,13118,385854,1000
random,26,13676,386412,1000
random,26,13953,386689,1000
random,26,13971,386707,1000
random,26,14119,386855,1000
random,26,14165,386901,1000
random,26,14171,386907,1000
random,26,14187,386923,1000
random,26,14240,386976,1000
random,27,179,387251,1000
random,27,323,387395,1000
random,27,653,387725,1000
random,27,733,387805,1000
random,27,752,387824,1000
random,27,836,387908,1000
random,27,938,388010,1000
random,27,1383,388455,1000
random,27,1524,388596,1000
random,27,1923,388995,1000
random,27,1932,389004,1000
random,27,2214,389286,1000
random,27,2317,389389,1000
random,27,2320,389392,1000
random,27,2445,389517,1000
random,27,2510,389582,1000
random,27,3104,390176,1000
random,27,3361,390433,1000
random,27,3634,390706,1000
random,27,3679,390751,1000
random,27,3838,390910,1000
random,27,4168,391240,1000
random,27,5380,392452,1000
random,27,5555,392627,1000
random,27,5653,392725,1000
random,27,5973,393045,1000
random,27,6442,393514,1000
random,27,6507,393579,1000
random,27,6871,393943,1000
random,27,6910,393982,1000
random,27,7092,394164,1000
random,27,7335,394407,1000
random,27,7464,394536,1000
random,27,7572,394644,1000
random,27,7588,394660,1000
random,27,7661,394733,1000
random,27,7859,394931,1000
random,27,7939,395011,1000
random,27,8310,395382,1000
random,27,8878,395950,1000
random,27,8929,396001,1000
random,27,9032,396104,1000
random,27,9163,396235,1000
random,27,9352,396424,1000
random,27,9432,396504,1000
random,27,9514,396586,1000
random,27,9615,396687,1000
random,27,9768,396840,1000
random,27,9983,397055,1000
random,27,10019,397091,1000
random,27,10033,397105,1000
random,27,10392,397464,1000
random,27,10495,397567,1000
random,27,10559,397631,1000
random,27,10864,397936,1000
random,27,10890,397962,1000
random,27,10930,398002,1000
random,27,11062,398134,1000
random,27,11288,398360,1000
random,27,11703,398775,1000
random,27,11878,398950,1000
random,27,12088,399160,1000
random,27,12145,399217,1000
random,27,12402,399474,1000
random,27,12438,399510,1000
random,27,12466,399538,1000
random,27,12673,399745,1000
random,27,12883,399955,1000
random,27,12954,400026,1000
random,27,13092,400164,1000
random,27,13199,400271,1000
random,27,13522,400594,1000
random,27,13634,400706,1000
random,27,13704,400776,1000
random,27,13778,400850,1000
random,27,13977,401049,1000
random,27,14247,401319,1000
random,28,426,401834,1000
random,28,910,402318,1000
random,28,1044,402452,1000
random,28,1151,402559,1000
random,28,1235,402643,1000
random,28,1453,402861,1000
random,28,1576,402984,1000
random,28,1804,403212,1000
random,28,2040,403448,1000
random,28,2115,403523,1000
random,28,2442,403850,1000
random,28,2483,403891,1000
random,28,2719,404127,1000
random,28,2847,404255,1000
random,28,2859,404267,1000
random,28,3132,404540,1000
random,28,3383,404791,1000
random,28,3627,405035,1000
random,28,3932,405340,1000
random,28,3989,405397,1000
random,28,4405,405813,1000
random,28,4409,405817,1000
random,28,4421,405829,1000
random,28,4575,405983,1000
random,28,4878,406286,1000
random,28,4932,406340,1000
random,28,5242,406650,1000
random,28,5471,406879,1000
random,28,5501,406909,1000
random,28,5548,406956,1000
random,28,5559,406967,1000
random,28,5795,407203,1000
random,28,6010,407418,1000
random,28,6138,407546,1000
random,28,6269,407677,1000
random,28,6569,407977,1000
random,28,6579,407987,1000
random,28,6859,408267,1000
random,28,7654,409062,1000
random,28,7680,409088,1000
random,28,7877,409285,1000
random,28,7919,409327,1000
random,28,8377,409785,1000
random,28,8875,410283,1000
random,28,9068,410476,1000
random,28,9145,410553,1000
random,28,9482,410890,1000
random,28,9514,410922,1000
random,28,9601,411009,1000
random,28,10239,411647,1000
random,28,10610,412018,1000
random,28,11163,412571,1000
random,28,11450,412858,1000
random,28,11630,413038,1000
random,28,11718,413126,1000
random,28,11818,413226,1000
random,28,12104,413512,1000
random,28,12361,413769,1000
random,28,12590,413998,1000
random,28,12592,414000,1000
random,28,12599,414007,1000
random,28,12678,414086,1000
random,28,12727,414135,1000
random,28,12764,414172,1000
random,28,12811,414219,1000
random,28,13154,414562,1000
random,28,13248,414656,1000
random,28,13530,414938,1000
random,28,13746,415154,1000
random,28,13859,415267,1000
random,28,14198,415606,1000
random,28,14213,415621,1000
random,29,89,415833,1000
random,29,267,416011,1000
random,29,442,416186,1000
random,29,493,416237,1000
random,29,600,416344,1000
random,29,773,416517,1000
random,29,1568,417312,1000
random,29,2208,417952,1000
random,29,3004,418748,1000
random,29,3362,419106,1000
random,29,3796,419540,1000
random,29,3871,419615,1000
random,29,4101,419845,1000
random,29,4580,420324,1000
random,29,4881,420625,1000
random,29,4997,420741,1000
random,29,5003,420747,1000
random,29,5142,420886,1000
random,29,5302,421046,1000
random,29,5645,421389,1000
random,29,5824,421568,1000
random,29,6209,421953,1000
random,29,6213,421957,1000
random,29,6849,422593,1000
random,29,7269,423013,1000
random,29,7537,423281,1000
random,29,7699,423443,1000
random,29,7759,423503,1000
random,29,7780,423524,1000
random,29,8037,423781,1000
random,29,8070,423814,1000
random,29,8326,424070,1000
random,29,8404,424148,1000
random,29,9018,424762,1000
random,29,9231,424975,1000
random,29,9295,425039,1000
random,29,9326,425070,1000
random,29,9434,425178,1000
random,29,9463,425207,1000
random,29,9503,425247,1000
random,29,9805,425549,1000
random,29,9858,425602,1000
random,29,9979,425723,1000
random,29,10024,425768,1000
random,29,10244,425988,1000
random,29,10459,426203,1000
random,29,10598,426342,1000
random,29,10617,426361,1000
random,29,11919,427663,1000
random,29,12056,427800,1000
random,29,12083,427827,1000
random,29,12147,427891,1000
random,29,12383,428127,1000
random,29,12597,428341,1000
random,29,12673,428417,1000
random,29,12799,428543,1000
random,29,12826,428570,1000
random,29,12856,428600,1000
random,29,13388,429132,1000
random,29,13414,429158,1000
random,29,13809,429553,1000
random,29,13950,429694,1000
random,29,14175,429919,1000
random,30,359,430439,1000
random,30,393,430473,1000
random,30,428,430508,1000
random,30,568,430648,1000
random,30,607,430687,1000
random,30,993,431073,1000
random,30,1007,431087,1000
random,30,1603,431683,1000
random,30,1767,431847,1000
random,30,1924,432004,1000
random,30,2196,432276,1000
random,30,2302,432382,1000
random,30,3119,433199,1000
random,30,3277,433357,1000
random,30,3366,433446,1000
random,30,3408,433488,1000
random,30,3462,433542,1000
random,30,3712,433792,1000
random,30,3739,433819,1000
random,30,3900,433980,1000
random,30,4051,434131,1000
random,30,4090,434170,1000
random,30,4204,434284,1000
random,30,4273,434353,1000
random,30,4339,434419,1000
random,30,4498,434578,1000
random,30,4622,434702,1000
random,30,4719,434799,1000
random,30,4996,435076,1000
random,30,5070,435150,1000
random,30,5157,435237,1000
random,30,5534,435614,1000
random,30,5864,435944,1000
random,30,6060,436140,1000
random,30,6159,436239,1000
random,30,6323,436403,1000
random,30,6467,436547,1000
random,30,6845,436925,1000
random,30,7083,437163,1000
random,30,7116,437196,1000
random,30,7330,437410,1000
random,30,7653,437733,1000
random,30,8091,438171,1000
random,30,8222,438302,1000
random,30,8274,438354,1000
random,30,8544,438624,1000
random,30,8585,438665,1000
random,30,8739,438819,1000
random,30,8821,438901,1000
random,30,8826,438906,1000
random,30,8892,438972,1000
random,30,8944,439024,1000
random,30,9012,439092,1000
random,30,9052,439132,1000
random,30,9074,439154,1000
random,30,9107,439187,1000
random,30,9398,439478,1000
random,30,9465,439545,1000
random,30,9478,439558,1000
random,30,9624,439704,1000
random,30,9666,439746,1000
random,30,9900,439980,1000
random,30,9996,440076,1000
random,30,10064,440144,1000
random,30,10474,440554,1000
random,30,10509,440589,1000
random,30,10553,440633,1000
random,30,10566,440646,1000
random,30,11028,441108,1000
random,30,11344,441424,1000
random,30,11521,441601,1000
random,30,11647,441727,1000
random,30,11672,441752,1000
random,30,11881,441961,1000
random,30,12181,442261,1000
random,30,12477,442557,1000
random,30,12753,442833,1000
random,30,13213,443293,1000
random,30,13719,443799,1000
random,30,13879,443959,1000
random,30,14139,444219,1000
random,30,14184,444264,1000
random,30,14201,444281,1000
random,31,4,444420,1000
random,31,45,444461,1000
random,31,80,444496,1000
random,31,1067,445483,1000
random,31,1107,445523,1000
random,31,1201,445617,1000
random,31,1278,445694,1000
random,31,1325,445741,1000
random,31,1400,445816,1000
random,31,1574,445990,1000
random,31,1767,446183,1000
random,31,2041,446457,1000
random,31,2142,446558,1000
random,31,2420,446836,1000
random,31,2559,446975,1000
random,31,2572,446988,1000
random,31,3074,447490,1000
random,31,3486,447902,1000
random,31,3488,447904,1000
random,31,3564,447980,1000
random,31,3972,448388,1000
random,31,4427,448843,1000
random,31,4478,448894,1000
random,31,4627,449043,1000
random,31,4712,449128,1000
random,31,4762,449178,1000
random,31,5012,449428,1000
random,31,5056,449472,1000
random,31,5297,449713,1000
random,31,5693,450109,1000
random,31,5916,450332,1000
random,31,5983,450399,1000
random,31,6281,450697,1000
random,31,6446,450862,1000
random,31,6459,450875,1000
random,31,6683,451099,1000
random,31,6780,451196,1000
random,31,7110,451526,1000
random,31,7399,451815,1000
random,31,7469,451885,1000
random,31,7716,452132,1000
random,31,7823,452239,1000
random,31,7888,452304,1000
random,31,8239,452655,1000
random,31,8308,452724,1000
random,31,8380,452796,1000
random,31,8678,453094,1000
random,31,8900,453316,1000
random,31,9012,453428,1000
random,31,9644,454060,1000
random,31,9730,454146,1000
random,31,9852,454268,1000
random,31,9894,454310,1000
random,31,10197,454613,1000
random,31,10347,454763,1000
random,31,10373,454789,1000
random,31,10523,454939,1000
random,31,10707,455123,1000
random,31,10891,455307,1000
random,31,11206,455622,1000
random,31,11297,455713,1000
random,31,11791,456207,1000
random,31,11846,456262,1000
random,31,11894,456310,1000
random,31,12001,456417,1000
random,31,12781,457197,1000
random,31,13024,457440,1000
random,31,13101,457517,1000
random,31,13145,457561,1000
random,31,13290,457706,1000
random,31,13475,457891,1000
random,31,13666,458082,1000
random,31,14196,458612,1000
random,31,14330,458746,1000
