layer,neuron_index,rank_siren,percentile_siren,rank_yang_harmfulness,percentile_yang_harmfulness,consensus_score,n_methods_at_N,methods_that_selected_it_at_N
31,14201,56,0.00011989074683215949,11,2.179831760584718e-05,7.084453221900334e-05,2,siren;yang_harmfulness
31,12950,32,6.757478457812626e-05,94,0.00020272435373437878,0.00013514956915625253,2,siren;yang_harmfulness
31,2207,271,0.0005885545753578739,45,9.59125974657276e-05,0.00034223358641180074,2,siren;yang_harmfulness
31,9326,314,0.0006822873410630168,240,0.0005209797907797476,0.0006016335659213822,2,siren;yang_harmfulness
30,6156,130,0.00028119829711542864,447,0.0009722049652207842,0.0006267016311681064,2,siren;yang_harmfulness
30,3786,457,0.0009940032828266315,142,0.00030735627824244525,0.0006506797805345384,2,siren;yang_harmfulness
29,254,663,0.0014430486255070834,131,0.00028337812887601336,0.0008632133771915483,1,yang_harmfulness
30,3903,550,0.0011967276365610101,264,0.0005732957530337809,0.0008850116947973955,1,yang_harmfulness
21,1832,196,0.00042506719331402,641,0.0013950923267742196,0.0009100797600441198,1,siren
27,11330,268,0.0005820150800761197,571,0.0012425041035332893,0.0009122595918047045,1,siren
31,8410,188,0.00040762853922934227,666,0.0014495881207888376,0.00092860833000909,1,siren
30,13226,596,0.0012969998975479072,323,0.0007019058269082792,0.0009994528622280932,1,yang_harmfulness
22,8514,123,0.0002659394747913356,808,0.0017591242307918675,0.0010125318527916015,1,siren
14,3917,146,0.0003160756052847841,806,0.001754764567270698,0.001035420086277741,1,siren
29,7349,391,0.00085013438662804,569,0.0012381444400121199,0.00104413941332008,1,siren
31,14027,921,0.0020054452197379407,60,0.00012861007387449837,0.0010670276468062196,1,yang_harmfulness
10,1084,57,0.00012207057859274422,928,0.0020207040420620334,0.0010713873103273888,1,siren
30,12484,830,0.0018070805295247313,261,0.0005667562577520267,0.001186918393638379,1,yang_harmfulness
31,507,845,0.001839778005933502,250,0.0005427781083855948,0.0011912780571595484,1,yang_harmfulness
31,9825,1173,0.0025547628234052896,6,1.089915880292359e-05,0.0012828309911041065,1,yang_harmfulness
31,5540,887,0.0019313309398780601,359,0.0007803797702893291,0.0013558553550836946,1,yang_harmfulness
31,6575,962,0.002094818321921914,380,0.0008261562372616081,0.001460487279591761,1,yang_harmfulness
30,12016,1147,0.0024980871976300867,218,0.0004730234920468838,0.0014855553448384852,1,yang_harmfulness
31,2836,1033,0.002249586376923429,332,0.0007215243127535417,0.0014855553448384854,1,yang_harmfulness
31,6109,1210,0.002635416598546924,237,0.0005144402954979935,0.0015749284470224587,1,yang_harmfulness
27,2170,28,5.8855457535787386e-05,1431,0.003117159417636147,0.0015880074375859672,1,siren
31,3557,228,0.000494821809652731,1278,0.002783645158266685,0.001639233483959708,1,siren
31,11581,1427,0.003108440090593808,133,0.0002877377923971828,0.0016980889414954954,1,yang_harmfulness
31,9658,1319,0.0028730182604506586,249,0.0005405982766250101,0.0017068082685378343,1,yang_harmfulness
30,12185,1639,0.0035705644238377683,93,0.00020054452197379406,0.0018855544729057812,1,yang_harmfulness
31,287,1466,0.003193453529256612,285,0.0006190722200060599,0.0019062628746313358,1,yang_harmfulness
30,1130,1818,0.003960754308982433,68,0.00014604872795917612,0.0020534015184708043,1,yang_harmfulness
30,6897,78,0.0001678470455650233,1809,0.0039411358231371705,0.002054491434351097,1,siren
30,7146,1861,0.004054487074687575,63,0.00013514956915625253,0.002094818321921914,1,yang_harmfulness
29,6982,176,0.00038147055810232566,1771,0.003858302216234951,0.0021198863871686384,1,siren
31,3607,1607,0.0035008098074990573,361,0.0007847394338104985,0.002142774620654778,1,yang_harmfulness
31,11488,1950,0.004248492101379615,56,0.00011989074683215949,0.0021841914241058874,1,yang_harmfulness
31,3409,2013,0.0043858215022964525,4,6.539495281754154e-06,0.002196180498789103,1,yang_harmfulness
31,2954,1914,0.004170018157998566,156,0.0003378739228906313,0.0022539460404445984,1,yang_harmfulness
26,2776,95,0.0002049041854949635,2035,0.0044337778010293165,0.00231934099326214,1,siren
30,3695,368,0.0007999982561345915,1773,0.0038626618797561203,0.002331330067945356,1,siren
30,13587,226,0.0004904621461315616,2007,0.004372742511732945,0.002431602328932253,1,siren
31,5542,101,0.0002179831760584718,2221,0.004839226508498074,0.002528604842278273,1,siren
31,8583,2079,0.0045296903984950445,251,0.0005449579401461795,0.002537324169320612,1,yang_harmfulness
31,2012,2307,0.00502669203990836,113,0.00024414115718548844,0.002635416598546924,1,yang_harmfulness
11,4258,55,0.00011771091507157477,2409,0.005249034879488001,0.002683372897279788,1,siren
31,3646,2367,0.005157481945543443,152,0.00032915459584829243,0.002743318270695868,1,yang_harmfulness
31,13833,2273,0.0049525777600484796,297,0.0006452302011330766,0.002798903980590778,1,yang_harmfulness
31,12222,2241,0.004882823143709769,336,0.0007302436397958805,0.0028065333917528246,1,yang_harmfulness
31,10973,2497,0.005440860074419456,95,0.0002049041854949635,0.00282288212995721,1,yang_harmfulness
31,3084,2432,0.00529917100998145,183,0.0003967293804264187,0.0028479501952039343,1,yang_harmfulness
31,3769,2684,0.005848488613648798,35,7.411427985988042e-05,0.002961301446754339,1,yang_harmfulness
31,10492,2461,0.005362386131038406,288,0.0006256117152878141,0.00299399892316311,1,yang_harmfulness
30,742,2509,0.0054670180555464725,282,0.0006125327247243058,0.003039775390135389,1,yang_harmfulness
12,10867,297,0.0006452302011330766,2624,0.005717698708013716,0.003181464454573396,1,siren
26,5062,357,0.0007760201067681596,2609,0.005685001231604945,0.0032305106691865523,1,siren
31,3166,2812,0.006127507079003642,201,0.0004359663521169436,0.003281736715560293,1,yang_harmfulness
31,3396,390,0.0008479545548674553,2631,0.005732957530337809,0.003290456042602632,1,siren
31,11695,2964,0.00645884150661252,102,0.00022016300781905652,0.0033395022572157884,1,yang_harmfulness
31,3840,2934,0.006393446553794978,280,0.0006081730612031364,0.0035008098074990573,1,yang_harmfulness
31,8053,3176,0.00692096583985648,126,0.00027247897007308977,0.003596722404964785,1,yang_harmfulness
31,12525,3292,0.0071738263240843075,77,0.00016566721380443857,0.0036697467689443732,1,yang_harmfulness
14,1559,100,0.00021580334429788708,3361,0.0073242347155646524,0.0037700190299312696,1,siren
31,5371,3440,0.007496441424650845,21,4.359663521169436e-05,0.00377001902993127,1,yang_harmfulness
31,12913,3467,0.007555296882186633,2,2.179831760584718e-06,0.003778738356973609,1,yang_harmfulness
15,3580,54,0.00011553108331099005,3476,0.0075749153680318955,0.003845223225671443,1,siren
30,7675,3371,0.0073460330331705,182,0.00039454954866583396,0.0038702912909181673,1,yang_harmfulness
31,11638,3497,0.007620691835004174,124,0.00026811930655192034,0.003944405570778047,1,yang_harmfulness
31,12591,3695,0.00805229852359995,28,5.8855457535787386e-05,0.004055576990567868,1,yang_harmfulness
13,7787,144,0.0003117159417636147,3610,0.007867012823950248,0.004089364382856931,1,siren
31,8112,3351,0.0073024363979588055,425,0.0009242486664879204,0.004113342532223363,1,yang_harmfulness
19,1399,312,0.0006779276775418473,3515,0.0076599288066947,0.004168928242118274,1,siren
30,6159,3638,0.00792804811324662,348,0.0007564016209228972,0.004342224867084759,1,yang_harmfulness
31,714,3955,0.008619054781351975,64,0.00013732940091683724,0.004378192091134406,1,yang_harmfulness
28,2807,29,6.103528929637211e-05,3994,0.00870406822001478,0.004382551754655576,1,siren
29,11005,229,0.0004970016414133158,3913,0.008527501847407417,0.004512251744410366,1,siren
31,13076,4318,0.009410333710444228,32,6.757478457812626e-05,0.004738954247511177,1,yang_harmfulness
31,14276,4373,0.009530224457276387,15,3.0517644648186055e-05,0.004780371050962287,1,yang_harmfulness
21,23,22,4.577646697227908e-05,4433,0.00966101436291147,0.004853395414941875,1,siren
30,6623,4204,0.00916183288973757,267,0.000579835248315535,0.004870834069026553,1,yang_harmfulness
31,8300,4095,0.008924231227833836,413,0.0008980906853609038,0.00491116095659737,1,yang_harmfulness
31,14107,4150,0.009044121974665996,381,0.0008283360690221928,0.0049362290218440946,1,yang_harmfulness
31,13774,4234,0.009227227842555112,349,0.0007585814526834819,0.004992904647619297,1,yang_harmfulness
31,2756,4458,0.009715510156926089,222,0.0004817428190892227,0.005098626488007655,1,yang_harmfulness
31,3685,4429,0.009652295035869132,265,0.0005754755847943656,0.005113885310331749,1,yang_harmfulness
30,12446,4642,0.010116599200873676,74,0.00015912771852268442,0.00513786345969818,1,yang_harmfulness
30,10431,4570,0.009959651314111577,294,0.0006386907058513224,0.00529917100998145,1,yang_harmfulness
31,9692,4870,0.010613600842286993,9,1.7438654084677745e-05,0.005315519748185836,1,yang_harmfulness
16,11992,106,0.0002288823348613954,4916,0.01071387310327389,0.005471377719067643,1,siren
31,4358,4764,0.010382538675665012,284,0.0006168923882454752,0.005499715531955243,1,yang_harmfulness
31,260,4975,0.010842483177148388,96,0.0002070840172555482,0.005524783597201968,1,yang_harmfulness
31,1506,4952,0.01079234704665494,193,0.00041852769803226586,0.005605437372343603,1,yang_harmfulness
30,1171,5049,0.011003790727431656,117,0.0002528604842278273,0.005628325605829741,1,yang_harmfulness
31,2268,5164,0.011254471379898899,162,0.0003509529134541396,0.00580271214667652,1,yang_harmfulness
15,3816,195,0.0004228873615534353,5153,0.011230493230532467,0.005826690296042951,1,siren
31,1493,5220,0.011376541958491644,187,0.00040544870746875755,0.005890995332980201,1,yang_harmfulness
31,8350,5377,0.011718775544903444,86,0.00018528569964970103,0.005952030622276573,1,yang_harmfulness
31,13801,5354,0.011668639414409996,112,0.0002419613254249037,0.005955300369917449,1,yang_harmfulness
27,1253,69,0.00014822855971976083,5402,0.011773271338918062,0.005960749949318911,1,siren
31,5230,5248,0.011437577247788015,226,0.0004904621461315616,0.005964019696959789,1,yang_harmfulness
18,922,165,0.00035749240873589376,5370,0.011703516722579351,0.006030504565657622,1,siren
22,5031,73,0.0001569478867620997,5556,0.01210896543004811,0.006132956658405105,1,siren
16,14185,154,0.00033351425936946187,5500,0.011986894851455364,0.006160204555412413,1,siren
31,8154,5721,0.012468637670544588,3,4.359663521169436e-06,0.006236498667032879,1,yang_harmfulness
31,6657,5748,0.012527493128080375,52,0.00011117141978982062,0.006319332273935098,1,yang_harmfulness
31,1286,5432,0.011838666291735604,371,0.0008065377514163457,0.006322602021575975,1,yang_harmfulness
30,4438,5445,0.011867004104623205,386,0.0008392352278251164,0.006353119666224161,1,yang_harmfulness
31,9587,5824,0.012693160341884814,110,0.00023760166190373426,0.006465381001894274,1,yang_harmfulness
31,1678,5800,0.01264084437963078,326,0.0007084453221900334,0.006674644850910407,1,yang_harmfulness
31,4661,6112,0.013320951888933213,66,0.00014168906443800668,0.00673132047668561,1,yang_harmfulness
30,5526,5868,0.01278907293935054,418,0.0009089898441638274,0.006849031391757184,1,yang_harmfulness
31,10408,6059,0.013205420805622222,246,0.000534058781343256,0.006869739793482739,1,yang_harmfulness
31,12358,6239,0.013597790522527471,78,0.0001678470455650233,0.006882818784046247,1,yang_harmfulness
31,9416,6442,0.014040296369926169,31,6.539495281754155e-05,0.007052845661371855,1,yang_harmfulness
31,3811,6493,0.01415146778971599,43,9.155293394455816e-05,0.007121510361830274,1,yang_harmfulness
16,9600,446,0.0009700251334601995,6099,0.01329261407604561,0.0071313196047529046,1,siren
30,12150,6425,0.01400323922999623,144,0.0003117159417636147,0.007157477585879922,1,yang_harmfulness
29,9571,30,6.321512105695683e-05,6628,0.014445745077394927,0.0072544800992259415,1,siren
9,5767,396,0.0008610335454309636,6276,0.013678444297669106,0.007269738921550035,1,siren
31,3261,6317,0.01376781739985308,360,0.0007825596020499138,0.007275188500951497,1,yang_harmfulness
31,8359,6646,0.014484982049085451,83,0.00017874620436794688,0.007331864126726699,1,yang_harmfulness
31,8382,6722,0.01465064926288989,22,4.577646697227908e-05,0.007348212864931085,1,yang_harmfulness
31,3616,6874,0.014981983690498767,99,0.00021362351253730236,0.007597803601518034,1,yang_harmfulness
31,6772,6619,0.014426126591549664,400,0.0008697528724733025,0.007647939732011484,1,yang_harmfulness
31,10834,7080,0.015431029033179219,49,0.00010463192450806646,0.0077678304788436426,1,yang_harmfulness
31,5617,7098,0.015470266004869743,199,0.00043160668859577417,0.00795093634673276,1,yang_harmfulness
23,3118,216,0.00046866382852571437,7392,0.01611113654248165,0.008289900185503683,1,siren
31,3871,7527,0.016405413830160587,195,0.0004228873615534353,0.008414150595857012,1,yang_harmfulness
24,9648,269,0.0005841949118367045,7490,0.016324760055018955,0.00845447748342783,1,siren
31,3387,7775,0.016946012106785598,25,5.231596225403323e-05,0.008499164034519816,1,yang_harmfulness
31,5850,7502,0.01635091803614597,306,0.000664848686978339,0.008507883361562154,1,yang_harmfulness
13,13879,98,0.00021144368077671765,7815,0.017033205377208985,0.008622324528992852,1,siren
31,7278,7850,0.017109499488829453,188,0.00040762853922934227,0.008758564014029397,1,yang_harmfulness
31,7598,7700,0.016782524724741746,345,0.000749862125641143,0.008766193425191445,1,yang_harmfulness
10,4789,11,2.179831760584718e-05,8169,0.017804865820455977,0.008913332069030912,1,siren
31,12814,8198,0.017868080941512935,79,0.000170026877325608,0.009019053909419272,1,yang_harmfulness
31,4046,8223,0.01792257673552755,111,0.00023978149366431898,0.009081179114595935,1,yang_harmfulness
30,5948,8135,0.017730751540596095,377,0.000819616741979854,0.009275184141287975,1,yang_harmfulness
31,9445,8121,0.017700233895947912,443,0.0009634856381784453,0.009331859767063178,1,yang_harmfulness
30,3727,8427,0.018367262414686836,172,0.0003727512310599868,0.009370006822873412,1,yang_harmfulness
31,4179,8539,0.018611403571872322,160,0.0003465932499329702,0.009478998410902646,1,yang_harmfulness
31,3444,8347,0.018192875873840057,363,0.0007890990973316679,0.009490987485585863,1,yang_harmfulness
27,13333,361,0.0007847394338104985,8363,0.018227753182009414,0.009506246307909956,1,siren
29,3490,8510,0.018548188450815364,252,0.0005471377719067643,0.009547663111361064,1,yang_harmfulness
31,2266,8662,0.018879522878424242,123,0.0002659394747913356,0.009572731176607788,1,yang_harmfulness
31,3474,8492,0.01850895147912484,328,0.0007128049857112028,0.009610878232418022,1,yang_harmfulness
31,5021,8807,0.01919559848370903,143,0.00030953611000302997,0.00975256729685603,1,yang_harmfulness
31,5144,8905,0.01940922199624633,97,0.00020926384901613293,0.009809242922631231,1,yang_harmfulness
30,2762,8681,0.018920939681875353,322,0.0006997259951476945,0.009810332838511524,1,yang_harmfulness
30,5542,8809,0.019199958147230196,225,0.0004882823143709769,0.009844120230800587,1,yang_harmfulness
29,4918,8769,0.01911276487680681,281,0.0006103528929637211,0.009861558884885265,1,yang_harmfulness
31,11808,9000,0.019616306013501877,61,0.0001307899056350831,0.00987354795956848,1,yang_harmfulness
14,5718,278,0.0006038133976819669,8814,0.01921085730603312,0.009907335351857543,1,siren
31,8732,8763,0.0190996858862433,384,0.000834875564303947,0.009967280725273623,1,yang_harmfulness
31,8990,8922,0.01944627913617627,266,0.0005776554165549503,0.01001196727636561,1,yang_harmfulness
26,8842,436,0.0009482268158543523,8918,0.01943755980913393,0.010192893312494141,1,siren
31,7673,9461,0.020621208455131435,155,0.0003356940911300466,0.01047845127313074,1,yang_harmfulness
31,13115,9298,0.020265895878156123,404,0.0008784721995156414,0.010572184038835883,1,yang_harmfulness
12,5006,158,0.00034223358641180074,9587,0.020895867256965107,0.010619050421688455,1,siren
31,5253,9689,0.02111821009654475,75,0.00016130755028326914,0.01063975882341401,1,yang_harmfulness
30,10139,9459,0.020616848791610264,333,0.0007237041445141264,0.010670276468062194,1,yang_harmfulness
31,1654,9622,0.02097216136858557,235,0.0005100806319768241,0.010741121000281198,1,yang_harmfulness
30,6894,9723,0.021192324376404628,214,0.00046430416500454493,0.010828314270704586,1,yang_harmfulness
19,14292,362,0.0007869192655710832,9898,0.021573794934506955,0.011180357100039019,1,siren
31,5604,10180,0.022188507490991844,164,0.00035531257697530904,0.011271910033983576,1,yang_harmfulness
31,4261,10095,0.022003221791342144,311,0.0006757478457812626,0.011339484818561703,1,yang_harmfulness
31,4577,10380,0.02262447384310879,37,7.847394338104985e-05,0.01135147389324492,1,yang_harmfulness
30,3364,10062,0.021931287343242848,387,0.0008414150595857012,0.011386351201414275,1,yang_harmfulness
28,7903,10296,0.022441367975219673,301,0.0006539495281754154,0.011547658751697543,1,yang_harmfulness
31,11652,10425,0.022722566272335102,198,0.00042942685683518945,0.011575996564585146,1,yang_harmfulness
31,12863,10559,0.023014663728253452,136,0.00029427728767893695,0.011654470507966194,1,yang_harmfulness
31,6588,10290,0.022428288984656163,423,0.000919889002966751,0.011674088993811458,1,yang_harmfulness
31,8959,10470,0.022820658701561414,244,0.0005296991178220865,0.01167517890969175,1,yang_harmfulness
31,13909,10604,0.023112756157479767,260,0.000564576425991442,0.011838666291735604,1,yang_harmfulness
30,9457,10675,0.02326752421248128,219,0.0004752033238074685,0.011871363768144374,1,yang_harmfulness
31,10948,10711,0.02334599815586233,268,0.0005820150800761197,0.011964006617969225,1,yang_harmfulness
26,2616,290,0.0006299713788089835,10708,0.023339458660580577,0.01198471501969478,1,siren
31,3930,10737,0.023402673781637535,415,0.0009024503488820732,0.012152562065259803,1,yang_harmfulness
31,8607,10799,0.023537823350793786,393,0.0008544940501492095,0.012196158700471497,1,yang_harmfulness
31,6159,10778,0.023492046883821508,429,0.0009329679935302593,0.012212507438675883,1,yang_harmfulness
31,11079,11294,0.024616840072283222,39,8.283360690221929e-05,0.012349836839592721,1,yang_harmfulness
31,3175,11312,0.024656077043973747,44,9.373276570514288e-05,0.012374904904839445,1,yang_harmfulness
30,10725,11133,0.02426588715882908,242,0.0005253394543009171,0.012395613306564999,1,yang_harmfulness
31,8118,11186,0.02438141824214007,216,0.00046866382852571437,0.012425041035332892,1,yang_harmfulness
31,3759,11273,0.02457106360531094,130,0.00028119829711542864,0.012426130951213185,1,yang_harmfulness
31,1395,11335,0.024706213174467195,90,0.0001940050266920399,0.012450109100579618,1,yang_harmfulness
31,9261,11230,0.0244773308396058,238,0.0005166201272585782,0.012496975483432189,1,yang_harmfulness
30,1797,11266,0.02455580478298685,279,0.0006059932294425516,0.0125808990062147,1,yang_harmfulness
23,971,366,0.0007956385926134221,11325,0.024684414856861348,0.012740026724737384,1,siren
29,7425,337,0.0007324234715564653,11388,0.024821744257778184,0.012777083864667325,1,siren
31,11541,12068,0.026304029854975795,100,0.00021580334429788708,0.01325991659963684,1,yang_harmfulness
30,1595,319,0.0006931864998659403,11864,0.02585934417581651,0.013276265337841224,1,siren
31,11208,11840,0.025807028213562476,434,0.0009438671523331829,0.013375447682947829,1,yang_harmfulness
30,8726,12169,0.026524192862794848,135,0.00029209745591835223,0.0134081451593566,1,yang_harmfulness
31,8652,12151,0.026484955891104323,223,0.0004839226508498074,0.013484439270977065,1,yang_harmfulness
31,1324,12433,0.027099668447589216,19,3.9236971690524926e-05,0.01356945270963987,1,yang_harmfulness
31,13869,12416,0.027062611307659273,71,0.00015258822324093027,0.013607599765450102,1,yang_harmfulness
31,7450,12594,0.027450621361043356,7,1.3078990563508308e-05,0.013731850175803433,1,yang_harmfulness
31,6467,12556,0.027367787754141136,80,0.00017220670908619273,0.013769997231613665,1,yang_harmfulness
30,2792,12787,0.027871328890836204,27,5.667562577520267e-05,0.013964002258305703,1,yang_harmfulness
31,9114,12777,0.027849530573230356,173,0.0003749310628205715,0.014112230818025463,1,yang_harmfulness
31,8937,13038,0.028418466662742968,12,2.39781493664319e-05,0.0142212224060547,1,yang_harmfulness
31,12529,12958,0.028244080121896192,134,0.0002899176241577675,0.01426699887302698,1,yang_harmfulness
30,635,12998,0.02833127339231958,137,0.00029645711943952167,0.01431386525587955,1,yang_harmfulness
31,6072,13095,0.0285427170730963,140,0.0003029966147212758,0.014422856843908788,1,yang_harmfulness
31,7416,13290,0.028967784266410317,30,6.321512105695683e-05,0.014515499693733638,1,yang_harmfulness
31,3540,13210,0.02879339772556354,141,0.00030517644648186054,0.0145492870860227,1,yang_harmfulness
31,850,13351,0.029100754003805986,23,4.79562987328638e-05,0.014574355151269425,1,yang_harmfulness
30,9247,13090,0.028531817914293375,287,0.0006234318835272294,0.014577624898910301,1,yang_harmfulness
31,1000,13251,0.028882770827747515,248,0.0005384184448644254,0.01471059463630597,1,yang_harmfulness
31,12119,13463,0.029344895160991476,40,8.5013438662804e-05,0.01471495429982714,1,yang_harmfulness
31,12323,13115,0.028586313708307994,414,0.0009002705171214885,0.014743292112714742,1,yang_harmfulness
31,12841,13426,0.02926424138584984,210,0.00045558483796220606,0.014859913111906023,1,yang_harmfulness
31,12193,13444,0.029303478357540366,200,0.0004337865203563589,0.014868632438948362,1,yang_harmfulness
31,11057,429,0.0009329679935302593,13257,0.028895849818311024,0.014914408905920641,1,siren
26,2128,76,0.00016348738204385386,13763,0.02999884468916689,0.015081166035605373,1,siren
31,3630,13719,0.029902932091701164,147,0.00031825543704536884,0.015110593764373266,1,yang_harmfulness
31,6761,13697,0.029854975792968298,298,0.0006474100328936613,0.01525119291293098,1,yang_harmfulness
27,1633,218,0.0004730234920468838,13781,0.030038081660857415,0.01525555257645215,1,siren
30,1795,13593,0.029628273289867488,411,0.0008937310218397344,0.01526100215585361,1,yang_harmfulness
29,11082,75,0.00016130755028326914,13931,0.030365056424945122,0.015263181987614196,1,siren
31,289,13797,0.03007295896902677,215,0.00046648399676512965,0.015269721482895949,1,yang_harmfulness
31,12973,13582,0.029604295140501054,446,0.0009700251334601995,0.015287160136980628,1,yang_harmfulness
30,5905,13745,0.029959607717476366,312,0.0006779276775418473,0.015318767697509107,1,yang_harmfulness
31,7844,13950,0.030406473228396232,331,0.000719344480992957,0.015562908854694595,1,yang_harmfulness
31,11314,14261,0.03108440090593808,107,0.0002310621666219801,0.01565773153628003,1,yang_harmfulness
31,9047,14143,0.030827180758189084,366,0.0007956385926134221,0.015811409675401254,1,yang_harmfulness
31,1798,14338,0.0312522479515031,175,0.00037929072634174094,0.01581576933892242,1,yang_harmfulness
1,1306,221,0.00047956298732863796,14412,0.03141355550178637,0.015946559244557505,1,siren
28,8985,425,0.0009242486664879204,14252,0.031064782420092817,0.01599451554329037,1,siren
31,1834,14493,0.03159012187439374,224,0.0004861024826103921,0.016038112178502064,1,yang_harmfulness
27,2165,315,0.0006844671728236015,14410,0.0314091958382652,0.016046831505544402,1,siren
31,6432,14750,0.032150338636864007,14,2.8337812887601334e-05,0.016089338224875804,1,yang_harmfulness
19,8298,63,0.00013514956915625253,14709,0.03206096553468003,0.016098057551918142,1,siren
31,12668,14610,0.031845162190382144,174,0.0003771108945811562,0.01611113654248165,1,yang_harmfulness
31,3828,14766,0.03218521594503336,58,0.00012425041035332894,0.016154733177693344,1,yang_harmfulness
31,345,14456,0.0315094680992521,440,0.0009569461428966912,0.016233207121074393,1,yang_harmfulness
31,7873,14903,0.03248385289623347,34,7.19344480992957e-05,0.016277893672166383,1,yang_harmfulness
31,12004,15091,0.032893661267223394,5,8.719327042338873e-06,0.016451190297132868,1,yang_harmfulness
30,7872,14978,0.03264734027827732,221,0.00047956298732863796,0.01656345163280298,1,yang_harmfulness
31,2305,15302,0.03335360576870677,41,8.719327042338872e-05,0.016720399519565082,1,yang_harmfulness
30,8716,15170,0.03306586797630959,185,0.0004010890439475881,0.016733478510128588,1,yang_harmfulness
31,11202,15033,0.032767231025109485,362,0.0007869192655710832,0.016777075145340284,1,yang_harmfulness
26,14003,112,0.0002419613254249037,15442,0.03365878221518863,0.016950371770306765,1,siren
31,5509,15544,0.03388112505476827,17,3.487730816935549e-05,0.016958001181468813,1,yang_harmfulness
31,2549,15585,0.033970498156952245,26,5.449579401461795e-05,0.017012496975483432,1,yang_harmfulness
31,12226,15467,0.03371327800920325,245,0.0005318789495826712,0.01712257847939296,1,yang_harmfulness
18,290,214,0.00046430416500454493,15559,0.03391382253117704,0.017189063348090793,1,siren
31,14211,15755,0.03434106955625165,129,0.0002790184653548439,0.017310044010803247,1,yang_harmfulness
31,2958,15899,0.03465496532977585,104,0.00022452267134022595,0.017439744000558036,1,yang_harmfulness
31,1681,16051,0.03498629975738472,36,7.629411162046513e-05,0.017531296934502595,1,yang_harmfulness
31,1209,15843,0.0345328947511831,257,0.0005580369307096878,0.017545465840946396,1,yang_harmfulness
29,1251,15796,0.034430442658435624,357,0.0007760201067681596,0.01760323138260189,1,yang_harmfulness
19,2017,212,0.0004599445014833755,15976,0.03482281237534087,0.017641378438412122,1,siren
31,3548,16146,0.03519338377464027,103,0.00022234283957964124,0.017707863307109956,1,yang_harmfulness
16,6950,17,3.487730816935549e-05,16240,0.035398287960135236,0.017716582634152295,1,siren
29,1246,15993,0.034859869515270814,324,0.0007040856586688639,0.017781977586969838,1,yang_harmfulness
31,7693,16238,0.035393928296614065,181,0.00039236971690524925,0.017893149006759656,1,yang_harmfulness
31,12584,16310,0.035550876183376164,177,0.0003836503898629104,0.017967263286619538,1,yang_harmfulness
31,6511,16109,0.03511272999949864,385,0.0008370553960645317,0.017974892697781585,1,yang_harmfulness
31,3251,16257,0.03543534510006518,351,0.0007629411162046513,0.018099143108134916,1,yang_harmfulness
31,4160,16514,0.03599556186253545,98,0.00021144368077671765,0.018103502771656083,1,yang_harmfulness
31,4512,16587,0.036154689581058136,158,0.00034223358641180074,0.018248461583734967,1,yang_harmfulness
30,10682,16378,0.03569910474309593,396,0.0008610335454309636,0.018280069144263444,1,yang_harmfulness
19,635,162,0.0003509529134541396,16733,0.036472945018103504,0.018411948965778822,1,siren
31,2188,16714,0.03643152821465239,236,0.0005122604637374088,0.0184718943391949,1,yang_harmfulness
31,14196,16952,0.036950328173671554,20,4.1416803451109644e-05,0.01849587248856133,1,yang_harmfulness
31,1165,16623,0.036233163524439185,455,0.000989643619305462,0.018611403571872322,1,yang_harmfulness
15,9635,16,3.269747640877077e-05,17217,0.03752798359022651,0.01878034053331764,1,siren
30,3970,17008,0.0370723987522643,239,0.0005187999590191629,0.01879559935564173,1,yang_harmfulness
12,9336,60,0.00012861007387449837,17256,0.03761299702888931,0.018870803551381904,1,siren
30,11725,17222,0.03753888274902943,163,0.0003531327452147243,0.018946007747122077,1,yang_harmfulness
31,3568,17320,0.03775250626156673,106,0.0002288823348613954,0.018990694298214063,1,yang_harmfulness
31,5448,17502,0.03814923564199315,151,0.0003269747640877077,0.01923810520304043,1,yang_harmfulness
31,6096,17430,0.03799228775523105,405,0.0008806520312762261,0.01943646989325364,1,yang_harmfulness
31,1940,17864,0.03893833473932482,1,0.0,0.01946916736966241,1,yang_harmfulness
31,14073,17901,0.03901898851446645,67,0.0001438688961985914,0.019581428705332523,1,yang_harmfulness
31,4609,17996,0.039226072531722,105,0.00022670250310081067,0.019726387517411407,1,yang_harmfulness
31,5553,18133,0.03952470948292211,57,0.00012207057859274422,0.019823390030757428,1,yang_harmfulness
31,2657,18035,0.0393110859703848,165,0.00035749240873589376,0.019834289189560348,1,yang_harmfulness
29,12988,17912,0.03904296666383288,296,0.0006430503693724918,0.019843008516602686,1,yang_harmfulness
12,2963,344,0.0007476822938805583,17871,0.03895359356164891,0.019850637927764734,1,siren
31,5615,18157,0.03957702544517614,76,0.00016348738204385386,0.019870256413609996,1,yang_harmfulness
30,1777,18127,0.0395116304923586,132,0.0002855579606365981,0.019898594226497597,1,yang_harmfulness
31,1572,18276,0.039836425424685726,51,0.0001089915880292359,0.019972708506357482,1,yang_harmfulness
31,11913,17941,0.039106181784889844,406,0.0008828318630368108,0.019994506823963327,1,yang_harmfulness
16,11277,18097,0.03944623553954106,274,0.000595094070639628,0.020020664805090346,1,yang_harmfulness
31,11817,18216,0.03970563551905064,206,0.0004468655109198672,0.020076250514985253,1,yang_harmfulness
31,9175,18310,0.039910539704545604,166,0.0003596722404964785,0.02013510597252104,1,yang_harmfulness
31,9187,18513,0.0403530455519443,115,0.0002485008207066579,0.02030077318632548,1,yang_harmfulness
30,6976,18434,0.040180838842858106,247,0.0005362386131038407,0.020358538727980973,1,yang_harmfulness
30,8223,18374,0.040050048937223026,313,0.000680107509302432,0.02036507822326273,1,yang_harmfulness
31,14224,18794,0.04096557827666861,16,3.269747640877077e-05,0.02049913787653869,1,yang_harmfulness
30,1793,18506,0.040337786729620205,409,0.0008893713583185649,0.020613579043969384,1,yang_harmfulness
31,3428,18732,0.040830428707512356,196,0.00042506719331402,0.020627747950413187,1,yang_harmfulness
30,7813,18915,0.041229337919699356,47,0.00010027226098689703,0.020664805090343127,1,yang_harmfulness
31,9664,18974,0.041357947993573854,13,2.6157981127016616e-05,0.020692052987350436,1,yang_harmfulness
31,1050,18835,0.04105495137885258,325,0.0007062654904294487,0.020880608434641016,1,yang_harmfulness
31,8984,19095,0.04162170763660461,229,0.0004970016414133158,0.021059354639008963,1,yang_harmfulness
31,900,18872,0.04113560515399421,459,0.000998362946347801,0.021066984050171007,1,yang_harmfulness
31,1576,18994,0.04140154462878555,368,0.0007999982561345915,0.02110077144246007,1,yang_harmfulness
16,10853,250,0.0005427781083855948,19113,0.041660944608295135,0.021101861358340364,1,siren
18,1454,64,0.00013732940091683724,19351,0.0421797445673143,0.02115853698411557,1,siren
30,2310,19060,0.04154541352498414,403,0.0008762923677550566,0.0212108529463696,1,yang_harmfulness
31,374,19361,0.04220154288492014,121,0.0002615798112701662,0.021231561348095153,1,yang_harmfulness
31,486,19257,0.04197484038181933,457,0.0009940032828266315,0.02148442183232298,1,yang_harmfulness
31,6579,19772,0.04309745373852046,159,0.00034441341817238546,0.021720933578346424,1,yang_harmfulness
31,7365,19815,0.043191186504225605,149,0.0003226151005665383,0.021756900802396072,1,yang_harmfulness
31,3611,19877,0.043326336073381856,186,0.00040326887570817283,0.021864802474545014,1,yang_harmfulness
31,9519,20072,0.043751403266695875,48,0.00010245209274748175,0.021926927679721677,1,yang_harmfulness
30,11574,19958,0.04350290244598922,302,0.0006561293599360001,0.022079515902962612,1,yang_harmfulness
31,4064,20220,0.044074018367262414,82,0.00017656637260736216,0.02212529236993489,1,yang_harmfulness
30,8539,20235,0.044106715843671186,88,0.00018964536317087047,0.02214818060342103,1,yang_harmfulness
2,611,409,0.0008893713583185649,19969,0.04352688059535565,0.022208125976837106,1,siren
30,10840,20050,0.043703446967963015,364,0.0007912789290922526,0.022247362948527635,1,yang_harmfulness
3,13690,259,0.0005623965942308573,20193,0.044015162909726624,0.02228877975197874,1,siren
31,5311,20696,0.04511161828530074,8,1.5258822324093028e-05,0.022563438553812418,1,yang_harmfulness
31,8950,20462,0.04460153765332392,398,0.000865393208952133,0.022733465431138026,1,yang_harmfulness
11,5657,383,0.0008326957325433623,20523,0.04473450739071958,0.02278360156163147,1,siren
22,11108,440,0.0009569461428966912,20543,0.04477810402593128,0.022867525084413982,1,siren
31,5772,20971,0.045711072019461535,38,8.065377514163457e-05,0.022895862897301583,1,yang_harmfulness
29,4946,449,0.0009765646287419538,20584,0.04486747712811525,0.022922020878428602,1,siren
31,9119,21209,0.0462298719784807,24,5.0136130493448515e-05,0.023140004054487073,1,yang_harmfulness
31,5041,21270,0.04636284171587637,85,0.00018310586788911632,0.023272973791882742,1,yang_harmfulness
31,4934,21145,0.046090362745803276,307,0.0006670285187389237,0.0233786956322711,1,yang_harmfulness
31,9575,21548,0.04696883494531892,42,8.937310218397344e-05,0.023529104023751447,1,yang_harmfulness
31,7866,21313,0.04645657448158151,329,0.0007149848174717875,0.02358577964952665,1,yang_harmfulness
31,7973,21594,0.04706910720630582,70,0.00015040839148034555,0.023609757798893082,1,yang_harmfulness
26,5286,90,0.0001940050266920399,21762,0.04743531894208405,0.023814661984388044,1,siren
20,5425,353,0.0007673007797258208,21500,0.04686420302081085,0.02381575190026834,1,siren
16,9861,399,0.0008675730407127178,21558,0.04699063326292477,0.023929103151818742,1,siren
31,9355,21746,0.04740044163391469,352,0.000765120947965236,0.024082781290939964,1,yang_harmfulness
31,7019,21967,0.04788218445300392,150,0.000324794932327123,0.02410348969266552,1,yang_harmfulness
31,7861,21791,0.04749853406314101,370,0.000804357919655761,0.024151445991398384,1,yang_harmfulness
29,446,283,0.0006147125564848905,22189,0.04836610710385372,0.024490409830169306,1,siren
31,4790,22268,0.048538313812939916,209,0.00045340500620162134,0.024495859409570768,1,yang_harmfulness
31,11010,22526,0.049100710407170775,18,3.705713992994021e-05,0.02456888377355036,1,yang_harmfulness
16,12478,202,0.0004381461838775283,22440,0.048913244875760487,0.02467569552981901,1,siren
31,6069,22440,0.048913244875760487,207,0.0004490453426804519,0.024681145109220468,1,yang_harmfulness
31,13622,22507,0.04905929360371967,154,0.00033351425936946187,0.024696403931544566,1,yang_harmfulness
30,8142,22252,0.04850343650477056,448,0.0009743847969813689,0.024738910650875967,1,yang_harmfulness
17,12927,354,0.0007694806114864055,22590,0.0492402196398482,0.0250048501256673,1,siren
27,8140,22734,0.049554115413372395,330,0.0007171646492323722,0.025135640031302385,1,yang_harmfulness
31,3583,22700,0.049480001133512516,428,0.0009307881617696746,0.025205394647641096,1,yang_harmfulness
31,1095,22960,0.05004675739126454,202,0.0004381461838775283,0.025242451787571035,1,yang_harmfulness
31,9866,23113,0.050380271650634,205,0.00044468567915928247,0.025412478664896643,1,yang_harmfulness
31,5335,23135,0.05042822794936687,232,0.0005035411366950699,0.02546588454303097,1,yang_harmfulness
31,5933,23486,0.051193348897332104,114,0.00024632098894607316,0.025719834943139088,1,yang_harmfulness
31,13647,23309,0.05080751867570861,308,0.0006692083504995085,0.02573836351310406,1,yang_harmfulness
31,14113,23658,0.051568279960152674,335,0.0007280638080352958,0.026148171884093983,1,yang_harmfulness
31,8591,23726,0.05171650851987244,451,0.0009809242922631232,0.02634871640606778,1,yang_harmfulness
31,3197,24173,0.0526908933168538,54,0.00011553108331099005,0.026403212200082397,1,yang_harmfulness
31,3493,23789,0.05185383792078927,438,0.0009525864793755218,0.026403212200082397,1,yang_harmfulness
23,8249,120,0.00025939997950958146,24305,0.05297863110925099,0.026619015544380283,1,siren
31,273,24420,0.05322931176171823,316,0.0006866470045841862,0.02695797938315121,1,yang_harmfulness
31,3252,24509,0.05342331678841027,253,0.000549317603667349,0.02698631719603881,1,yang_harmfulness
31,12185,24463,0.053323044527423376,390,0.0008479545548674553,0.027085499541145416,1,yang_harmfulness
31,2241,24735,0.05391595876630242,128,0.0002768386335942592,0.02709639869994834,1,yang_harmfulness
31,13933,24987,0.05446527636996976,101,0.0002179831760584718,0.027341629773014117,1,yang_harmfulness
31,8664,24914,0.05430614865144708,319,0.0006931864998659403,0.02749966757565651,1,yang_harmfulness
31,11827,24938,0.05435846461370111,304,0.0006604890234571696,0.02750947681857914,1,yang_harmfulness
2,2482,308,0.0006692083504995085,25012,0.05451977216398438,0.027594490257241946,1,siren
31,5283,25167,0.05485764608687502,327,0.0007106251539506181,0.027784135620412816,1,yang_harmfulness
31,4436,25541,0.0556729031653337,62,0.0001329697373956678,0.027902936451364685,1,yang_harmfulness
13,5418,420,0.0009133495076849968,25193,0.05491432171265022,0.02791383561016761,1,siren
5,4690,322,0.0006997259951476945,25350,0.05525655529906202,0.027978140647104854,1,siren
30,4035,25404,0.05537426621413359,340,0.0007389629668382194,0.028056614590485904,1,yang_harmfulness
31,5562,25455,0.05548543763392341,383,0.0008326957325433623,0.028159066683233386,1,yang_harmfulness
31,7851,25828,0.056298514880621514,55,0.00011771091507157477,0.028208112897846544,1,yang_harmfulness
31,9818,25804,0.056246198918367483,171,0.00037057139929940207,0.02830838515883344,1,yang_harmfulness
31,2477,26112,0.056917587100627574,73,0.0001569478867620997,0.028537267493694837,1,yang_harmfulness
31,14242,25851,0.05634865101111496,365,0.0007934587608528374,0.0285710548859839,1,yang_harmfulness
31,102,26002,0.056677805606963255,347,0.0007542217891623124,0.028716013698062783,1,yang_harmfulness
31,11013,26089,0.056867450970134126,374,0.0008130772466980998,0.028840264108416114,1,yang_harmfulness
30,10830,26037,0.05675409971858372,450,0.0009787444605025384,0.02886642208954313,1,yang_harmfulness
31,5814,26371,0.057482163526619015,125,0.00027029913831250505,0.02887623133246576,1,yang_harmfulness
26,4587,51,0.0001089915880292359,26548,0.05786799374824251,0.028988492668135874,1,siren
14,4333,323,0.0007019058269082792,26871,0.05857207940691137,0.029636992616909826,1,siren
31,2875,26905,0.05864619368677126,291,0.0006321512105695683,0.02963917244867041,1,yang_harmfulness
15,8354,148,0.00032043526880595356,27163,0.05920859028100211,0.02976451277490403,1,siren
31,2646,27223,0.059339380186637196,176,0.00038147055810232566,0.02986042537236976,1,yang_harmfulness
30,8639,27190,0.0592674457385379,271,0.0005885545753578739,0.029928000156947885,1,yang_harmfulness
31,3691,27179,0.05924346758917147,354,0.0007694806114864055,0.030006474100328938,1,yang_harmfulness
31,3289,27495,0.05993229442551624,145,0.0003138957735241994,0.030123095099520217,1,yang_harmfulness
31,8193,27914,0.060845643933201236,87,0.00018746553141028575,0.030516554732305762,1,yang_harmfulness
14,75,367,0.0007978184243740068,27738,0.060461993543338324,0.030629905983856166,1,siren
31,10674,28164,0.06139060187334742,59,0.00012643024211391366,0.030758516057730667,1,yang_harmfulness
29,14025,28183,0.061432018676798525,283,0.0006147125564848905,0.031023365616641707,1,yang_harmfulness
31,3848,28437,0.06198569594398704,430,0.000935147825290844,0.03146042188463894,1,yang_harmfulness
31,4594,28696,0.06255027236997848,179,0.0003880100533840798,0.03146914121168128,1,yang_harmfulness
17,10712,18,3.705713992994021e-05,29129,0.06349413952231167,0.0317655983311208,1,siren
31,11350,29068,0.063361169784916,109,0.00023542183014314954,0.031798295807529575,1,yang_harmfulness
31,10334,29233,0.06372084202541248,231,0.0005013613049344852,0.03211110166517348,1,yang_harmfulness
31,3464,29496,0.06429413777844625,108,0.00023324199838256482,0.03226368988841441,1,yang_harmfulness
31,5924,29576,0.06446852431929304,454,0.0009874637875448772,0.03272799405341895,1,yang_harmfulness
31,6676,29638,0.06460367388844929,441,0.0009591259746572759,0.03278139993155328,1,yang_harmfulness
31,9205,29815,0.06498950411007279,392,0.0008523142183886247,0.032920909164230704,1,yang_harmfulness
31,11342,30216,0.06586361664606726,72,0.00015476805500151499,0.033009192350534386,1,yang_harmfulness
31,9573,30157,0.06573500657219276,305,0.0006626688552177543,0.033198837713705256,1,yang_harmfulness
31,6466,30831,0.06720421317882685,161,0.0003487730816935549,0.0337764931302602,1,yang_harmfulness
29,9301,124,0.00026811930655192034,31060,0.06770339465200076,0.03398575697927634,1,siren
11,8111,12,2.39781493664319e-05,31545,0.06876061305588435,0.03439229560262539,1,siren
31,11062,31899,0.06953227349913134,204,0.00044250584739869775,0.03498738967326502,1,yang_harmfulness
3,14176,4,6.539495281754154e-06,32354,0.07052409695019739,0.035265318222739574,1,siren
26,9609,372,0.0008087175831769304,31999,0.0697502566751898,0.035279487129183364,1,siren
31,5835,31958,0.06966088357300583,432,0.0009395074888120135,0.03530019553090892,1,yang_harmfulness
5,11443,68,0.00014604872795917612,32403,0.07063090870646603,0.0353884787172126,1,siren
13,2741,52,0.00011117141978982062,32462,0.07075951878034054,0.03543534510006518,1,siren
20,12794,414,0.0009002705171214885,32328,0.07046742132442219,0.03568384592077184,1,siren
31,11084,32574,0.07100365993752603,192,0.00041634786627168114,0.03571000390189885,1,yang_harmfulness
31,12423,33062,0.07206741783669136,217,0.0004708436602862991,0.03626913074848883,1,yang_harmfulness
14,4671,451,0.0009809242922631232,33029,0.07199548338859207,0.0364882038404276,1,siren
31,566,33737,0.07353880427508605,138,0.0002986369512001064,0.03691872061314308,1,yang_harmfulness
31,996,34235,0.07462436049185724,53,0.00011335125155040534,0.03736885587170382,1,yang_harmfulness
30,3587,178,0.0003858302216234951,34571,0.0753567839634137,0.037871307092518604,1,siren
31,12367,34591,0.0754003805986254,310,0.0006735680140206779,0.03803697430632304,1,yang_harmfulness
31,12839,34829,0.07591918055764456,127,0.0002746588018336745,0.03809691967973912,1,yang_harmfulness
26,9917,39,8.283360690221929e-05,34937,0.0761546023877877,0.03811871799734496,1,siren
31,10759,34749,0.07574479401679779,259,0.0005623965942308573,0.03815359530551432,1,yang_harmfulness
13,12570,284,0.0006168923882454752,34812,0.07588212341771462,0.03824950790298005,1,siren
31,7592,34951,0.0761851200324359,342,0.0007433226303593889,0.038464221331397645,1,yang_harmfulness
26,11172,192,0.00041634786627168114,35163,0.07664724436567985,0.038531796115975764,1,siren
16,2995,298,0.0006474100328936613,35762,0.0779529635902701,0.03930018681158188,1,siren
17,4652,209,0.00045340500620162134,35873,0.078194924915695,0.039324164960948316,1,siren
31,5082,36218,0.07894696687309674,170,0.00036839156753881735,0.03965767922031778,1,yang_harmfulness
30,12387,36499,0.07955949959782103,208,0.0004512251744410366,0.04000536238613103,1,yang_harmfulness
24,5698,217,0.0004708436602862991,36746,0.08009791804268547,0.04028438085148588,1,siren
31,181,37382,0.08148429104241735,395,0.0008588537136703789,0.041171572378043864,1,yang_harmfulness
10,2727,155,0.0003356940911300466,38198,0.08326303375905447,0.04179936392509226,1,siren
31,13470,38272,0.08342434130933775,426,0.0009264284982485051,0.04217538490379313,1,yang_harmfulness
5,13129,255,0.0005536772671885184,38552,0.08403469420230146,0.04229418573474499,1,siren
9,7855,443,0.0009634856381784453,38717,0.08439436644279795,0.042678926040488195,1,siren
30,9739,39227,0.08550608064069615,338,0.00073460330331705,0.0431203419720066,1,yang_harmfulness
30,10303,412,0.0008959108536003191,39490,0.08607937639372994,0.043487643623665126,1,siren
31,6566,39893,0.08695784859324557,263,0.0005711159212731962,0.04376448225725938,1,yang_harmfulness
17,13532,62,0.0001329697373956678,40156,0.08753114434627936,0.04383205704183751,1,siren
24,3166,169,0.00036621173577823263,40877,0.08910280304566094,0.04473450739071959,1,siren
30,4727,40704,0.08872569215107978,343,0.0007455024621199736,0.04473559730659988,1,yang_harmfulness
17,979,306,0.000664848686978339,40957,0.08927718958650771,0.04497101913674303,1,siren
28,8413,320,0.0006953663316265251,41124,0.08964122149052536,0.04516829391107594,1,siren
12,9114,204,0.00044250584739869775,41688,0.09087064660349514,0.04565657622544692,1,siren
23,2913,264,0.0005732957530337809,42337,0.09228535741611463,0.0464293265845742,1,siren
31,11504,42512,0.09266682797421695,314,0.0006822873410630168,0.04667455765763998,1,yang_harmfulness
5,1814,313,0.000680107509302432,42728,0.09313767163450325,0.04690888957190284,1,siren
9,5243,206,0.0004468655109198672,42884,0.09347772538915447,0.04696229545003717,1,siren
31,1813,43344,0.09448044799902343,119,0.00025722014774899675,0.04736883407338621,1,yang_harmfulness
25,3787,26,5.449579401461795e-05,43690,0.09523466978818575,0.04764458279110018,1,siren
31,6227,43926,0.09574911008368374,346,0.0007520419574017277,0.04825057602054273,1,yang_harmfulness
2,2661,184,0.0003989092121870034,44382,0.09674311336651037,0.04857101128934869,1,siren
31,1460,44734,0.0975104141462362,397,0.0008632133771915483,0.04918681376171387,1,yang_harmfulness
31,5437,45088,0.09828207458948318,292,0.000634331042330153,0.04945820281590667,1,yang_harmfulness
31,1166,45710,0.09963792994456688,10,1.9618485845262463e-05,0.049828774215206074,1,yang_harmfulness
26,8518,310,0.0006735680140206779,45644,0.09949406104836829,0.05008381453119448,1,siren
6,7994,135,0.00029209745591835223,45910,0.10007389629668383,0.05018299687630109,1,siren
2,3174,210,0.00045558483796220606,45852,0.0999474660545699,0.050201525446266056,1,siren
31,1159,46221,0.10075182397422566,146,0.0003160756052847841,0.05053394978975522,1,yang_harmfulness
5,72,282,0.0006125327247243058,46804,0.10202266589064655,0.05131759930768543,1,siren
16,4974,350,0.0007607612844440666,47919,0.10445317830369852,0.05260696979407129,1,siren
5,7729,415,0.0009024503488820732,48083,0.10481067071243441,0.05285656053065824,1,siren
31,11244,49233,0.10731747723710684,258,0.0005602167624702726,0.053938846999788556,1,yang_harmfulness
11,5737,103,0.00022234283957964124,50150,0.10931638296156303,0.054769362900571335,1,siren
31,13324,50584,0.1102624299456568,422,0.0009177091712061663,0.05559006955843148,1,yang_harmfulness
12,8197,13,2.6157981127016616e-05,53183,0.11592781269141647,0.05797698533627174,1,siren
31,4120,53592,0.11681936388149562,289,0.0006277915470483988,0.05872357771427201,1,yang_harmfulness
17,6231,159,0.00034441341817238546,54014,0.11773925288446238,0.059041833151317384,1,siren
17,8931,54371,0.11851745282299112,358,0.0007781999385287443,0.05964782638075993,1,yang_harmfulness
26,3764,387,0.0008414150595857012,55908,0.12186785423900984,0.061354634649297767,1,siren
22,526,174,0.0003771108945811562,56909,0.12404986583135513,0.062213488362968146,1,siren
31,12277,57087,0.12443787588473922,243,0.0005275192860615018,0.06248269758540036,1,yang_harmfulness
31,13457,57484,0.12530326909369136,273,0.0005929142388790433,0.0629480916662852,1,yang_harmfulness
29,13799,57360,0.12503296995537885,453,0.0009852839557842926,0.06300912695558157,1,yang_harmfulness
5,966,401,0.0008719327042338872,58017,0.126465119422083,0.06366852606315844,1,siren
10,6230,254,0.0005514974354279337,58270,0.12701661685751095,0.06378405714646944,1,siren
31,2474,58697,0.12794740501928062,227,0.0004926419778921463,0.06422002349858638,1,yang_harmfulness
28,10405,170,0.00036839156753881735,58879,0.12834413439970704,0.06435626298362293,1,siren
28,8589,58866,0.12831579658681944,341,0.0007411427985988041,0.06452846969270912,1,yang_harmfulness
31,963,59321,0.12930762003788548,89,0.0001918251949314552,0.06474972261640848,1,yang_harmfulness
31,879,60021,0.13083350227029478,355,0.0007716604432469902,0.06580258135677089,1,yang_harmfulness
21,9137,288,0.0006256117152878141,60385,0.13162696103114763,0.06612628637321773,1,siren
31,12968,60272,0.13138064004220154,402,0.0008741125359944719,0.06612737628909801,1,yang_harmfulness
31,4352,61891,0.1349097876625882,91,0.00019618485845262462,0.06755298626052042,1,yang_harmfulness
23,9911,167,0.0003618520722570632,62069,0.13529779771597228,0.06782982489411467,1,siren
26,11984,249,0.0005405982766250101,62006,0.13516046831505543,0.06785053329584022,1,siren
31,11553,63295,0.13797027145444915,293,0.0006365108740907377,0.06930339116426995,1,yang_harmfulness
15,8218,330,0.0007171646492323722,63378,0.13815119749057767,0.06943418106990502,1,siren
31,11248,352,0.000765120947965236,64035,0.13958334695728183,0.07017423395262354,1,siren
30,4770,65476,0.1427244845242844,262,0.0005689360895126114,0.07164671030689851,1,yang_harmfulness
25,9848,252,0.0005471377719067643,65945,0.14374682561999866,0.07214698169595271,1,siren
31,5630,65870,0.1435833382379548,436,0.0009482268158543523,0.07226578252690458,1,yang_harmfulness
9,9420,300,0.0006517696964148307,66122,0.14413265584162213,0.07239221276901849,1,siren
13,9240,327,0.0007106251539506181,66233,0.14437461716704705,0.07254262116049884,1,siren
12,4697,251,0.0005449579401461795,67658,0.14748087742588026,0.07401291768301321,1,siren
31,6720,68292,0.14886289076209097,148,0.00032043526880595356,0.07459166301544846,1,yang_harmfulness
31,4622,68870,0.15012283351970895,118,0.00025504031598841203,0.07518893691784868,1,yang_harmfulness
26,11779,68764,0.14989177135308696,456,0.0009918234510660467,0.0754417974020765,1,yang_harmfulness
2,8037,233,0.0005057209684556546,69627,0.15177296616247157,0.07613934356546362,1,siren
31,13102,69998,0.1525816837456485,391,0.00085013438662804,0.07671590906613827,1,yang_harmfulness
31,953,70633,0.15396587691361982,178,0.0003858302216234951,0.07717585356762166,1,yang_harmfulness
26,4607,445,0.0009678453016996148,70379,0.1534121996464313,0.07719002247406545,1,siren
21,1297,105,0.00022670250310081067,70784,0.1542950315094681,0.07726086700628446,1,siren
28,6269,74,0.00015912771852268442,70830,0.154395303770455,0.07727721574448884,1,siren
5,9417,378,0.0008217965737404387,71589,0.1560497960767388,0.07843579632523962,1,siren
30,8562,72071,0.15710047498534063,46,9.809242922631231e-05,0.07859928370728347,1,yang_harmfulness
14,8646,234,0.0005079008002162393,73738,0.16073425453023535,0.08062107766522579,1,siren
21,13596,152,0.00032915459584829243,74411,0.16220128130510889,0.08126521795047859,1,siren
15,1719,377,0.000819616741979854,74862,0.16318438542913258,0.08200200108555622,1,siren
4,4873,267,0.000579835248315535,75038,0.16356803581899548,0.08207393553365551,1,siren
31,6614,75276,0.16408683577801464,29,6.103528929637211e-05,0.08207393553365551,1,yang_harmfulness
31,6691,74897,0.16326067954075305,449,0.0009765646287419538,0.0821186220847475,1,yang_harmfulness
21,57,379,0.0008239764055010234,75476,0.1645228021301316,0.08267338926781631,1,siren
28,482,75421,0.16440291138329943,452,0.0009831041240237078,0.08269300775366158,1,yang_harmfulness
18,8429,19,3.9236971690524926e-05,76501,0.16675712968473094,0.08339818332821074,1,siren
5,6882,91,0.00019618485845262462,78296,0.1706699276949805,0.08543305627671656,1,siren
31,13030,79015,0.1722372267308409,122,0.0002637596430307509,0.08625049318693583,1,yang_harmfulness
20,13974,21,4.359663521169436e-05,79344,0.1729543913800733,0.0864989940076425,1,siren
2,10582,113,0.00024414115718548844,80068,0.17453258957473664,0.08738836536596106,1,siren
31,4374,82768,0.18041813532831535,431,0.0009373276570514287,0.09067773149268339,1,yang_harmfulness
31,674,83345,0.18167589825417274,372,0.0008087175831769304,0.09124230791867484,1,yang_harmfulness
23,2803,72,0.00015476805500151499,84124,0.18337398719566825,0.09176437762533488,1,siren
30,3415,83964,0.18302521411397468,388,0.0008435948913462859,0.09193440450266048,1,yang_harmfulness
31,13691,84204,0.183548373736515,213,0.0004621243332439602,0.09200524903487949,1,yang_harmfulness
26,7267,172,0.0003727512310599868,85966,0.1873892372986653,0.09388099426486264,1,siren
31,13605,88574,0.19307423853027023,276,0.0005994537341607975,0.0968368461322155,1,yang_harmfulness
26,4654,280,0.0006081730612031364,89003,0.1940093863555611,0.09730877970838211,1,siren
5,11992,140,0.0003029966147212758,93844,0.2045619519085517,0.10243247426163649,1,siren
31,12252,94573,0.20615104926201797,233,0.0005057209684556546,0.10332838511523681,1,yang_harmfulness
31,5074,94517,0.2060289786834252,399,0.0008675730407127178,0.10344827586206896,1,yang_harmfulness
31,1314,95082,0.20726058362815558,337,0.0007324234715564653,0.10399650354985603,1,yang_harmfulness
17,5671,454,0.0009874637875448772,96422,0.2101815581873391,0.105584510987442,1,siren
31,9410,100216,0.2184518398869975,300,0.0006517696964148307,0.10955180479170618,1,yang_harmfulness
29,5776,103705,0.2260572728996776,407,0.0008850116947973955,0.11347114229723751,1,yang_harmfulness
26,2678,400,0.0008697528724733025,104633,0.22808015677350021,0.11447495482298675,1,siren
16,6901,59,0.00012643024211391366,106243,0.2315896859080416,0.11585805807507776,1,siren
25,5296,205,0.00044468567915928247,107864,0.23512319319194944,0.11778393943555436,1,siren
19,11694,114,0.00024632098894607316,109830,0.239408742433259,0.11982753171110254,1,siren
31,9501,109973,0.23972045837502262,375,0.0008152570784586845,0.12026785772674066,1,yang_harmfulness
26,7496,84,0.0001809260361285316,111534,0.24312317575329537,0.12165205089471195,1,siren
26,6754,133,0.0002877377923971828,112157,0.24448121094013964,0.12238447436626841,1,siren
6,1372,81,0.00017438654084677745,113028,0.24637984440360894,0.12327711547222786,1,siren
8,405,371,0.0008065377514163457,113403,0.2471972813138282,0.12400190953262227,1,siren
19,4762,410,0.0008915511900791497,113580,0.2475831115354517,0.12423733136276542,1,siren
27,1532,168,0.0003640319040176479,113929,0.24834387281989576,0.1243539523619567,1,siren
26,785,213,0.0004621243332439602,114126,0.24877329967673095,0.12461771200498746,1,siren
18,12248,458,0.0009961831145872161,114158,0.24884305429306966,0.12491961870382844,1,siren
30,3342,115742,0.25229590780183586,295,0.0006408705376119071,0.1264683891697239,1,yang_harmfulness
7,13106,363,0.0007890990973316679,116639,0.2542512168910803,0.127520157994206,1,siren
20,9928,181,0.00039236971690524925,116988,0.2550119781755244,0.12770217394621483,1,siren
27,1133,405,0.0008806520312762261,117295,0.2556811865260239,0.12828091927865007,1,siren
5,9582,86,0.00018528569964970103,118191,0.2576343157835078,0.12890980074157876,1,siren
26,815,404,0.0008784721995156414,120860,0.2634522867525084,0.13216537947601203,1,siren
31,5593,121799,0.26549914877569747,157,0.000340053754651216,0.13291960126517435,1,yang_harmfulness
3,7909,246,0.000534058781343256,121901,0.26572149161527714,0.1331277751983102,1,siren
4,8346,342,0.0007433226303593889,122872,0.2678381082548049,0.13429071544258214,1,siren
20,9424,77,0.00016566721380443857,123449,0.26909587118066225,0.13463076919723335,1,siren
25,7987,341,0.0007411427985988041,123457,0.26911330983474696,0.1349272263166729,1,siren
22,13292,386,0.0008392352278251164,124161,0.2706479113941986,0.13574357331101186,1,siren
31,9538,124260,0.27086371473849646,379,0.0008239764055010234,0.13584384557199874,1,yang_harmfulness
26,4999,125,0.00027029913831250505,126130,0.2749400001307899,0.1376051496345512,1,siren
25,8710,439,0.0009547663111361065,125893,0.27442338000353134,0.13768907315733372,1,siren
5,9391,115,0.0002485008207066579,127481,0.27788495283933984,0.13906672683002325,1,siren
30,11976,127856,0.27870238974955913,442,0.0009613058064178606,0.1398318477779885,1,yang_harmfulness
31,2945,128533,0.280178135851475,92,0.00019836469021320934,0.1401882502708441,1,yang_harmfulness
3,4059,382,0.0008305159007827776,128424,0.27994053418957127,0.140385525045177,1,siren
30,1588,275,0.0005972739024002128,129363,0.2819873962127603,0.14129233505758027,1,siren
24,5249,364,0.0007912789290922526,130095,0.28358303306150834,0.1421871559953003,1,siren
9,9325,348,0.0007564016209228972,130538,0.2845486985314473,0.1426525500761851,1,siren
31,1236,133988,0.2920691181054646,275,0.0005972739024002128,0.1463331960039324,1,yang_harmfulness
2,6401,136,0.00029427728767893695,134761,0.2937541280563966,0.14702420267203778,1,siren
30,9086,135732,0.2958707446959244,272,0.0005907344071184586,0.1482307395515214,1,yang_harmfulness
31,11543,135839,0.29610398669430693,255,0.0005536772671885184,0.14832883198074773,1,yang_harmfulness
26,7175,380,0.0008261562372616081,136311,0.2971328672853029,0.14897951176128227,1,siren
14,2015,15,3.0517644648186055e-05,138099,0.3010304064732284,0.15053046205893827,1,siren
24,2598,25,5.231596225403323e-05,139091,0.30319279957972844,0.15162255777099123,1,siren
2,11075,3,4.359663521169436e-06,139268,0.3035786298013519,0.15179149473243655,1,siren
30,5024,139276,0.30359606845543663,116,0.0002506806524672426,0.15192337455395194,1,yang_harmfulness
31,10459,139526,0.30414102639558277,203,0.00044032601563811304,0.15229067620561043,1,yang_harmfulness
5,7127,43,9.155293394455816e-05,140654,0.3065998766215223,0.15334571477773346,1,siren
3,640,273,0.0005929142388790433,140526,0.3063208581561675,0.15345688619752326,1,siren
17,10466,257,0.0005580369307096878,141468,0.30837425967463833,0.15446614830267402,1,siren
5,4724,34,7.19344480992957e-05,145659,0.3175099345832489,0.15879093451567408,1,siren
23,5263,24,5.0136130493448515e-05,146139,0.3185562538283295,0.15930319497941148,1,siren
31,6696,146126,0.31852791601544195,256,0.0005558570989491031,0.15954188655719553,1,yang_harmfulness
28,12775,220,0.00047738315556805324,147406,0.32131810066899036,0.1608977419122792,1,siren
22,5981,333,0.0007237041445141264,147524,0.32157532081673934,0.16114951248062673,1,siren
9,743,10,1.9618485845262463e-05,147996,0.3226042014077353,0.1613119099467903,1,siren
5,13308,236,0.0005122604637374088,148608,0.3239382584452132,0.1622252594544753,1,siren
26,2376,321,0.0006975461633871098,148892,0.32455733066521925,0.1626274384143032,1,siren
31,4126,149123,0.32506087180191434,234,0.0005079008002162393,0.1627843863010653,1,yang_harmfulness
31,5118,149283,0.3254096448836079,81,0.00017438654084677745,0.16279201571222734,1,yang_harmfulness
29,13826,152465,0.33234586954578843,419,0.0009111696759244121,0.16662851961085642,1,yang_harmfulness
18,8426,408,0.0008871915265579802,152857,0.3332003635959377,0.16704377756124783,1,siren
22,11622,225,0.0004882823143709769,153816,0.3352908222543384,0.1678895522843547,1,siren
24,1619,71,0.00015258822324093027,155027,0.3379305985164065,0.16904159336982372,1,siren
14,14318,53,0.00011335125155040534,155639,0.33926465555388435,0.1696890034027174,1,siren
26,13601,351,0.0007629411162046513,155575,0.33912514632120694,0.1699440437187058,1,siren
5,10300,302,0.0006561293599360001,156805,0.3418063393867261,0.17123123437333104,1,siren
31,3237,160679,0.3502510076272313,290,0.0006299713788089835,0.17544048950302016,1,yang_harmfulness
3,8902,374,0.0008130772466980998,160978,0.35090277732364616,0.17585792728517213,1,siren
3,3980,83,0.00017874620436794688,164643,0.35889186072618917,0.17953530346527857,1,siren
31,8499,164720,0.35905970777175417,412,0.0008959108536003191,0.17997780931267723,1,yang_harmfulness
7,2899,132,0.0002855579606365981,165860,0.36154471597882076,0.1809151369697287,1,siren
5,4148,179,0.0003880100533840798,165906,0.3616449882398077,0.18101649914659587,1,siren
6,4413,427,0.0009286083300090899,166223,0.362335994907913,0.18163230161896105,1,siren
8,6371,459,0.000998362946347801,166374,0.3626651495037613,0.18183175622505454,1,siren
11,4088,245,0.0005318789495826712,167088,0.3642215493808188,0.18237671416520074,1,siren
25,6654,296,0.0006430503693724918,167833,0.3658455240424544,0.18324428720591346,1,siren
31,13883,145,0.0003138957735241994,172860,0.3768035383029138,0.188558717038219,1,siren
3,5079,397,0.0008632133771915483,173596,0.37840789447870415,0.18963555392794784,1,siren
30,1721,175095,0.3816754622878206,211,0.0004577646697227908,0.1910666134787717,1,yang_harmfulness
31,11919,175111,0.38171033959599,389,0.0008457747231068706,0.19127805715954843,1,yang_harmfulness
12,4498,110,0.00023760166190373426,177917,0.3878269475161907,0.1940322745890472,1,siren
26,11169,44,9.373276570514288e-05,179967,0.3922956026253894,0.19619466769554725,1,siren
31,8862,179913,0.3921778917103178,416,0.000904630180642658,0.19654126094548025,1,yang_harmfulness
3,9204,424,0.0009220688347273357,180144,0.39268143284701285,0.1968017508408701,1,siren
31,12773,182175,0.39710867115276044,356,0.0007738402750075749,0.19894125571388402,1,yang_harmfulness
14,7736,406,0.0008828318630368108,182329,0.3974443652438905,0.19916359855346366,1,siren
8,6267,277,0.0006016335659213822,183398,0.39977460539595555,0.20018811948093845,1,siren
26,5298,240,0.0005209797907797476,183757,0.4005571649980055,0.20053907239439261,1,siren
0,12222,355,0.0007716604432469902,184646,0.4024950354331653,0.20163334793820614,1,siren
18,11018,116,0.0002506806524672426,185008,0.40328413453049694,0.2017674075914821,1,siren
2,10014,87,0.00018746553141028575,185964,0.40536805369361595,0.20277775961251313,1,siren
3,5660,129,0.0002790184653548439,187488,0.40869011729674704,0.20448456788105093,1,siren
31,14106,187746,0.4092525138909779,33,6.975461633871098e-05,0.2046611342536583,1,yang_harmfulness
5,9704,385,0.0008370553960645317,190161,0.41451680759278997,0.20767693149442726,1,siren
5,430,82,0.00017656637260736216,191370,0.4171522241913369,0.20866439528197214,1,siren
30,5794,191115,0.4165963670923878,369,0.0008021780878951762,0.20869927259014148,1,yang_harmfulness
21,13995,58,0.00012425041035332894,191449,0.4173244309004231,0.20872434065538822,1,siren
25,2732,65,0.00013950923267742196,191584,0.41761870818810204,0.20887910871038973,1,siren
31,6527,191671,0.41780835355127294,382,0.0008305159007827776,0.20931943472602785,1,yang_harmfulness
26,7711,35,7.411427985988042e-05,192432,0.41946720552107786,0.20977065990046886,1,siren
11,12103,291,0.0006321512105695683,192707,0.4200666592552387,0.21034940523290413,1,siren
31,12923,193219,0.42118273311665805,120,0.00025939997950958146,0.2107210665480838,1,yang_harmfulness
21,2303,422,0.0009177091712061663,192954,0.4206050777001031,0.21076139343565461,1,siren
5,110,200,0.0004337865203563589,193929,0.4227304136666732,0.21158210009351477,1,siren
26,3049,201,0.0004359663521169436,194266,0.4234650169699903,0.21195049166105362,1,siren
24,416,318,0.0006910066681053556,194236,0.42339962201717274,0.21204531434263904,1,siren
11,5488,151,0.0003269747640877077,195942,0.4271184150007302,0.21372269488240897,1,siren
14,7673,191,0.0004141680345110964,197246,0.4299609156165327,0.2151875418255219,1,siren
10,3625,346,0.0007520419574017277,198097,0.4318159524447903,0.21628399720109603,1,siren
3,6790,89,0.0001918251949314552,198858,0.4334748044145953,0.21683331480476337,1,siren
26,2901,453,0.0009852839557842926,198792,0.4333309355183967,0.2171581097370905,1,siren
0,3486,207,0.0004490453426804519,201908,0.44012329128437866,0.22028616831352957,1,siren
5,8197,441,0.0009591259746572759,202261,0.44089277189586507,0.22092594893526116,1,siren
5,11491,99,0.00021362351253730236,203102,0.4427260104065168,0.22146981695952705,1,siren
31,10204,203597,0.44380502712800624,344,0.0007476822938805583,0.2222763547109434,1,yang_harmfulness
8,7710,142,0.00030735627824244525,203935,0.44454181026308387,0.22242458327066317,1,siren
26,6480,231,0.0005013613049344852,204027,0.4447423547850577,0.2226218580449961,1,siren
3,1972,309,0.0006713881822600932,204054,0.4448012102425935,0.2227362992124268,1,siren
3,3833,117,0.0002528604842278273,204545,0.4458715076370406,0.22306218406063422,1,siren
19,11771,20,4.1416803451109644e-05,205659,0.44829984021833197,0.22417062851089153,1,siren
5,11739,190,0.0004119882027505117,208336,0.45413524984141723,0.22727361902208387,1,siren
18,8730,311,0.0006757478457812626,210966,0.45986820737175504,0.23027197760876816,1,siren
18,2020,360,0.0007825596020499138,211444,0.46091016695331455,0.23084636327768224,1,siren
5,51,127,0.0002746588018336745,214639,0.4678747294283827,0.2340746941151082,1,siren
1,865,137,0.00029645711943952167,216089,0.47103548548123053,0.23566597130033504,1,siren
9,12473,61,0.0001307899056350831,217629,0.47439242639253104,0.23726160814908306,1,siren
31,11690,217916,0.47501803810781884,394,0.0008566738819097942,0.23793735599486432,1,yang_harmfulness
5,1769,356,0.0007738402750075749,218712,0.4767531841892443,0.23876351223212594,1,siren
30,2653,31,6.539495281754155e-05,219726,0.4789635335944772,0.23951446427364737,1,siren
3,13538,358,0.0007781999385287443,219546,0.4785711638775719,0.23967468190805033,1,siren
3,9513,147,0.00031825543704536884,220691,0.48106707124344145,0.24069266334024342,1,siren
7,11986,79,0.000170026877325608,222993,0.48608504395630747,0.24312753541681653,1,siren
31,7706,223930,0.4881275463159753,190,0.0004119882027505117,0.24426976725936292,1,yang_harmfulness
31,4873,224699,0.48980383693986496,353,0.0007673007797258208,0.24528556885979538,1,yang_harmfulness
1,2273,345,0.000749862125641143,225403,0.49133843849931663,0.2460441503124789,1,siren
31,10030,226124,0.4929100971986982,315,0.0006844671728236015,0.2467972821857609,1,yang_harmfulness
3,12958,286,0.0006212520517666447,227595,0.49611662971851833,0.2483689408851425,1,siren
26,5146,272,0.0005907344071184586,227809,0.49658311371528346,0.24858692406120095,1,siren
6,9667,248,0.0005384184448644254,228614,0.49833787828255416,0.24943814836370928,1,siren
0,11282,274,0.000595094070639628,229881,0.501099725123215,0.2508474095969273,1,siren
31,2213,230449,0.5023378695632271,191,0.0004141680345110964,0.2513760187988691,1,yang_harmfulness
7,6987,303,0.0006583091916965849,231060,0.5036697467689444,0.2521640279803205,1,siren
30,11104,231024,0.5035912728255634,410,0.0008915511900791497,0.25224141200782124,1,yang_harmfulness
2,9961,359,0.0007803797702893291,231747,0.505167291188466,0.2529738354793777,1,siren
31,7513,233183,0.5082975295966657,309,0.0006713881822600932,0.2544844588894629,1,yang_harmfulness
6,847,369,0.0008021780878951762,233198,0.5083302270730745,0.25456620258048485,1,siren
1,5410,389,0.0008457747231068706,234099,0.5102942554893614,0.2555700151062341,1,siren
6,7370,307,0.0006670285187389237,234878,0.5119923444308568,0.25632968647479787,1,siren
5,1111,171,0.00037057139929940207,235105,0.5124871662405096,0.2564288688199045,1,siren
31,13592,235538,0.5134310333928428,278,0.0006038133976819669,0.2570174233952624,1,yang_harmfulness
25,4507,392,0.0008523142183886247,235518,0.5133874367576311,0.25711987548800985,1,siren
8,4398,50,0.00010681175626865118,236422,0.5153580046691997,0.2577324082127342,1,siren
13,10672,376,0.0008174369102192693,239753,0.5226190242637073,0.2617182305869633,1,siren
31,9995,240947,0.5252217433858455,303,0.0006583091916965849,0.26294002628877106,1,yang_harmfulness
7,7193,418,0.0009089898441638274,245202,0.5344969275271334,0.26770295868564864,1,siren
12,10334,393,0.0008544940501492095,247148,0.5387388801332313,0.2697966870916903,1,siren
31,7517,247773,0.5401012749835967,230,0.0004991814731739005,0.2703002282283853,1,yang_harmfulness
24,9483,121,0.0002615798112701662,248312,0.541276204302552,0.27076889205691107,1,siren
31,9071,249441,0.5437372343602521,167,0.0003618520722570632,0.2720495432162546,1,yang_harmfulness
10,1918,107,0.0002310621666219801,250249,0.5454985384228045,0.2728648002947132,1,siren
20,8953,293,0.0006365108740907377,250192,0.5453742880124512,0.273005399443271,1,siren
28,545,122,0.0002637596430307509,250668,0.5464118879304896,0.27333782378676014,1,siren
31,11172,251149,0.5474603870073308,277,0.0006016335659213822,0.2740310102866261,1,yang_harmfulness
0,14168,326,0.0007084453221900334,251880,0.5490538440243182,0.27488114467325414,1,siren
13,507,237,0.0005144402954979935,252639,0.550708336330602,0.27561138831305,1,siren
26,6184,141,0.00030517644648186054,254283,0.5542919797450033,0.2772985780957426,1,siren
0,6768,430,0.000935147825290844,260423,0.5676761467549934,0.2843056472901421,1,siren
3,13772,175,0.00037929072634174094,260707,0.5682952189749995,0.2843372548506706,1,siren
1,13556,434,0.0009438671523331829,262885,0.573042892549553,0.2869933798509431,1,siren
0,7886,45,9.59125974657276e-05,263364,0.5740870319628731,0.28709147228016946,1,siren
31,10345,263693,0.5748041966121055,212,0.0004599445014833755,0.2876320705567944,1,yang_harmfulness
18,5964,262,0.0005689360895126114,266081,0.5800096348563818,0.2902892854729472,1,siren
31,13555,267442,0.5829763858825376,421,0.0009155293394455816,0.2919459576109916,1,yang_harmfulness
30,13720,268231,0.584696273141639,435,0.0009460469840937676,0.29282116006286635,1,yang_harmfulness
31,7950,268562,0.5854177974543925,408,0.0008871915265579802,0.29315249449047526,1,yang_harmfulness
7,4136,186,0.00040326887570817283,270435,0.5895006223419677,0.2949519456088379,1,siren
9,9439,157,0.000340053754651216,273151,0.5954210454037158,0.2978805495791835,1,siren
0,989,1,0.0,274045,0.5973698149976785,0.29868490749883925,1,siren
0,12063,153,0.00033133442760887715,274219,0.5977491057240202,0.29904022007581454,1,siren
30,1457,274830,0.5990809829297374,299,0.000649589864654246,0.29986528639719584,1,yang_harmfulness
0,12982,339,0.0007367831350776347,275017,0.5994886114689668,0.3001126973020222,1,siren
3,13949,407,0.0008850116947973955,275455,0.6004433777801029,0.30066419473745015,1,siren
31,1677,276275,0.6022308398237824,317,0.0006888268363447709,0.3014598333300636,1,yang_harmfulness
8,1759,416,0.000904630180642658,276516,0.6027561792780833,0.301830404729363,1,siren
1,8738,2,2.179831760584718e-06,277502,0.6049054933940199,0.3024538366128902,1,siren
8,14209,325,0.0007062654904294487,277216,0.6042820615104926,0.302494163500461,1,siren
31,2775,278662,0.6074340982362981,189,0.000409808370989927,0.303921953303644,1,yang_harmfulness
30,12142,279094,0.6083757855568708,444,0.0009656654699390301,0.3046707255134049,1,yang_harmfulness
31,10310,279678,0.6096488073050522,378,0.0008217965737404387,0.30523530193939635,1,yang_harmfulness
26,5848,27,5.667562577520267e-05,280117,0.6106057534479489,0.305331214536862,1,siren
7,5489,8,1.5258822324093028e-05,281165,0.6128902171330417,0.3064527379776829,1,siren
0,5639,331,0.000719344480992957,281296,0.6131757750936783,0.3069475597873356,1,siren
25,12840,156,0.0003378739228906313,281681,0.6140150103215034,0.307176442122197,1,siren
26,10718,340,0.0007389629668382194,282490,0.6157784942158164,0.3082587285913273,1,siren
9,5183,253,0.000549317603667349,282635,0.6160945698211012,0.3083219437123843,1,siren
13,9215,14,2.8337812887601334e-05,283736,0.618494564589505,0.3092614512011963,1,siren
10,8289,299,0.000649589864654246,284154,0.6194057342654294,0.31002766206504184,1,siren
31,4128,284650,0.6204869308186794,69,0.00014822855971976083,0.3103175796891996,1,yang_harmfulness
17,11378,111,0.00023978149366431898,284728,0.620656957696005,0.3104483695948347,1,siren
31,11985,285891,0.623192102033565,84,0.0001809260361285316,0.31168651403484676,1,yang_harmfulness
0,13539,223,0.0004839226508498074,286010,0.6234515020130746,0.31196771233196224,1,siren
31,4560,286616,0.624772480059989,153,0.00033133442760887715,0.31255190724379894,1,yang_harmfulness
3,4307,324,0.0007040856586688639,286474,0.6244629439499859,0.3125835148043274,1,siren
22,11137,23,4.79562987328638e-05,287380,0.6264378715250757,0.3132429139119043,1,siren
23,1385,316,0.0006866470045841862,287343,0.626357217749934,0.3135219323772591,1,siren
28,4233,373,0.0008108974149375151,287357,0.6263877353945823,0.3135993164047599,1,siren
15,8185,421,0.0009155293394455816,287876,0.6275190680783257,0.31421729870888565,1,siren
5,4266,450,0.0009787444605025384,289757,0.6316193316199856,0.31629903804024406,1,siren
31,11175,292541,0.6376879832414534,180,0.00039018988514466453,0.319039086563299,1,yang_harmfulness
31,7906,296791,0.6469522682239385,220,0.00047738315556805324,0.32371482568975324,1,yang_harmfulness
27,3878,119,0.00025722014774899675,297016,0.64744273037007,0.3238499752589095,1,siren
10,9064,203,0.00044032601563811304,297171,0.6477806042929607,0.3241104651542994,1,siren
1,6820,304,0.0006604890234571696,298430,0.6505250124795369,0.325592750751497,1,siren
28,12167,302559,0.6595255378189911,254,0.0005514974354279337,0.33003851762720954,1,yang_harmfulness
5,10965,243,0.0005275192860615018,302942,0.6603604133832951,0.3304439663346783,1,siren
31,4393,304242,0.6631941946720552,350,0.0007607612844440666,0.3319774779782496,1,yang_harmfulness
1,4568,177,0.0003836503898629104,304474,0.6636999156405109,0.3320417830151869,1,siren
3,9403,163,0.0003531327452147243,304910,0.6646503222881258,0.3325017275166703,1,siren
6,12606,193,0.00041852769803226586,305200,0.6652824734986954,0.33285050059836385,1,siren
31,122,305423,0.6657685759813058,437,0.000950406647614937,0.33335949131446035,1,yang_harmfulness
25,4953,108,0.00023324199838256482,307089,0.6694001756944399,0.33481670884641124,1,siren
8,8632,96,0.0002070840172555482,307598,0.6705097100605776,0.33535839703891657,1,siren
3,13775,224,0.0004861024826103921,308082,0.6715647486327005,0.33602542555765547,1,siren
21,10170,332,0.0007215243127535417,309391,0.674418148407306,0.33756983636002974,1,siren
30,3033,309897,0.6755211432781618,417,0.0009068100124032427,0.3382139766452825,1,yang_harmfulness
4,9158,432,0.0009395074888120135,310585,0.6770208675294441,0.33898018750912806,1,siren
0,6877,305,0.0006626688552177543,311049,0.6780323094663554,0.33934748916078655,1,siren
3,2145,456,0.0009918234510660467,311844,0.6797652757160202,0.34037854958354313,1,siren
0,12564,452,0.0009831041240237078,312619,0.6814546453304734,0.34121887472724854,1,siren
0,11793,230,0.0004991814731739005,314465,0.6854786147605127,0.3429888981168433,1,siren
31,11640,315006,0.6866579037429891,168,0.0003640319040176479,0.3435109678235034,1,yang_harmfulness
4,7096,5,8.719327042338873e-06,316112,0.6890687976701958,0.3445387584986191,1,siren
24,13069,411,0.0008937310218397344,317327,0.6917172932593062,0.346305512140573,1,siren
5,9839,227,0.0004926419778921463,317743,0.6926241032717095,0.3465583726248008,1,siren
20,11031,128,0.0002768386335942592,319261,0.6959330878842771,0.3481049632589357,1,siren
2,7173,335,0.0007280638080352958,320435,0.6984922103712036,0.3496101370896194,1,siren
5,10722,349,0.0007585814526834819,321394,0.7005826690296043,0.3506706252411439,1,siren
5,7261,292,0.000634331042330153,321603,0.7010382538675665,0.3508362924549483,1,siren
9,6064,109,0.00023542183014314954,322848,0.7037521444094945,0.3519937831198188,1,siren
0,11752,398,0.000865393208952133,323153,0.7044169930964728,0.3526411931527125,1,siren
31,1121,323778,0.7057793879468383,241,0.0005231596225403324,0.3531512737846893,1,yang_harmfulness
3,7005,97,0.00020926384901613293,324192,0.7066818382957203,0.3534455510723682,1,siren
0,13808,447,0.0009722049652207842,327089,0.7129968109061343,0.35698450793567754,1,siren
30,2403,328311,0.7156605653175688,420,0.0009133495076849968,0.3582869574126269,1,yang_harmfulness
4,2026,183,0.0003967293804264187,330156,0.7196823549158476,0.36003954214813705,1,siren
30,840,330178,0.7197303112145804,339,0.0007367831350776347,0.360233547174829,1,yang_harmfulness
31,9663,332864,0.725585339323511,65,0.00013950923267742196,0.36286242427809423,1,yang_harmfulness
5,4644,338,0.00073460330331705,333419,0.7267951459506355,0.3637648746269763,1,siren
2,6515,40,8.5013438662804e-05,334218,0.7285368315273427,0.3643109224830028,1,siren
31,13150,334458,0.7290599911498831,320,0.0006953663316265251,0.3648776787407548,1,yang_harmfulness
2,5965,161,0.0003487730816935549,334730,0.729652905388762,0.3650008392352278,1,siren
29,9053,334780,0.7297618969767913,401,0.0008719327042338872,0.3653169148405126,1,yang_harmfulness
15,1751,287,0.0006234318835272294,335192,0.7306599876621522,0.3656417097728397,1,siren
0,9768,166,0.0003596722404964785,339756,0.7406087398174609,0.3704842060289787,1,siren
8,11150,9,1.7438654084677745e-05,340221,0.7416223615861328,0.37081990012010874,1,siren
26,14088,428,0.0009307881617696746,340344,0.7418904808926847,0.3714106345272272,1,siren
31,8229,341402,0.7441967428953833,445,0.0009678453016996148,0.37258229409854143,1,yang_harmfulness
31,7093,345434,0.7529858245540609,286,0.0006212520517666447,0.3768035383029138,1,yang_harmfulness
2,7776,285,0.0006190722200060599,346085,0.7544048950302016,0.3775119836251038,1,siren
15,1832,102,0.00022016300781905652,348311,0.7592572005292632,0.3797386817685411,1,siren
0,11690,85,0.00018310586788911632,348635,0.7599634660196926,0.38007328594379086,1,siren
29,11650,348903,0.7605476609315293,169,0.00036621173577823263,0.38045693633365374,1,yang_harmfulness
31,14306,349229,0.76125828608548,373,0.0008108974149375151,0.38103459175020876,1,yang_harmfulness
3,2260,198,0.00042942685683518945,350646,0.7643471076902285,0.38238826727353187,1,siren
3,12834,343,0.0007455024621199736,351105,0.7653476504683369,0.38304657646522844,1,siren
6,9908,7,1.3078990563508308e-05,351953,0.7671961478013127,0.3836046133959381,1,siren
17,386,403,0.0008762923677550566,351766,0.7667885192620834,0.38383240581491923,1,siren
2,13418,437,0.000950406647614937,351757,0.766768900776238,0.3838596537119265,1,siren
26,12894,301,0.0006539495281754154,353081,0.7696549980272522,0.38515447377771383,1,siren
3,7756,70,0.00015040839148034555,354029,0.7717214785362866,0.3859359434638835,1,siren
7,10664,244,0.0005296991178220865,353875,0.7713857844451565,0.3859577417814893,1,siren
5,289,426,0.0009264284982485051,353891,0.7714206617533259,0.3861735451257872,1,siren
0,4077,238,0.0005166201272585782,354629,0.7730293775926373,0.386772998859948,1,siren
0,6677,33,6.975461633871098e-05,354863,0.7735394582246142,0.3868046064204765,1,siren
27,11510,455,0.000989643619305462,355985,0.7759852294599903,0.38848743653964785,1,siren
22,4164,279,0.0006059932294425516,356443,0.7769835924063381,0.3887947928178903,1,siren
0,12182,289,0.0006277915470483988,356762,0.7776789587379646,0.3891533751425065,1,siren
5,13532,149,0.0003226151005665383,356902,0.7779841351844464,0.3891533751425065,1,siren
2,6951,258,0.0005602167624702726,357235,0.7787100191607211,0.3896351179615957,1,siren
11,2434,431,0.0009373276570514287,359352,0.783324722997879,0.39213102532746524,1,siren
28,2128,270,0.0005863747435972892,359920,0.7845628674378912,0.3925746210907442,1,siren
8,9966,187,0.00040544870746875755,361891,0.7888593158380036,0.39463238227273617,1,siren
1,14272,92,0.00019836469021320934,362335,0.7898271611397032,0.3950127629149582,1,siren
5,4886,208,0.0004512251744410366,362684,0.7905879224241473,0.3955195737992942,1,siren
0,12242,104,0.00022452267134022595,363094,0.7914816534459871,0.39585308805866365,1,siren
31,105,363670,0.7927372365400839,458,0.0009961831145872161,0.3968667098273356,1,yang_harmfulness
3,14192,211,0.0004577646697227908,365010,0.7956582110992674,0.3980579878844951,1,siren
31,3420,365001,0.7956385926134221,439,0.0009547663111361065,0.3982966794622791,1,yang_harmfulness
0,4252,67,0.0001438688961985914,366179,0.7982064344273909,0.39917515166179474,1,siren
26,225,150,0.000324794932327123,366121,0.798080004185277,0.3992023995588021,1,siren
0,12250,143,0.00030953611000302997,366375,0.7986336814524655,0.3994716087812343,1,siren
0,2358,365,0.0007934587608528374,366968,0.7999263216864922,0.4003598902236725,1,siren
5,3593,219,0.0004752033238074685,367185,0.8003993451785392,0.4004372742511733,1,siren
0,14042,88,0.00018964536317087047,369241,0.8048810792783013,0.4025353623207361,1,siren
3,1160,42,8.937310218397344e-05,369536,0.8055241296476738,0.4028067513749289,1,siren
10,1091,395,0.0008588537136703789,369915,0.8063502858849354,0.40360456979930287,1,siren
3,12571,235,0.0005100806319768241,371154,0.8090510974362999,0.4047805890341383,1,siren
3,3260,138,0.0002986369512001064,371543,0.8098990519911673,0.4050988444711837,1,siren
31,2398,371839,0.8105442821923003,269,0.0005841949118367045,0.4055642385520685,1,yang_harmfulness
3,6301,294,0.0006386907058513224,372939,0.8129420971289436,0.40679039391739746,1,siren
0,846,197,0.00042724702507460473,373894,0.815023836460302,0.40772554174268827,1,siren
0,6129,180,0.00039018988514466453,377785,0.8235055618407371,0.41194787586294085,1,siren
21,6821,242,0.0005253394543009171,378596,0.8252734053985713,0.4128993724264361,1,siren
5,4011,6,1.089915880292359e-05,380245,0.8288679479717755,0.41443942356528923,1,siren
5,6348,47,0.00010027226098689703,384220,0.8375327792200998,0.41881652574054334,1,siren
20,13715,239,0.0005187999590191629,384253,0.8376047136681991,0.41906175681360913,1,siren
13,2550,194,0.0004207075297928506,384909,0.8390346833031427,0.41972769541646776,1,siren
0,1439,266,0.0005776554165549503,386684,0.8429038846781806,0.42174077004736776,1,siren
11,2573,336,0.0007302436397958805,386930,0.8434401232912844,0.42208518346554014,1,siren
11,5846,199,0.00043160668859577417,387290,0.8442248627250949,0.42232823470684533,1,siren
1,5786,263,0.0005711159212731962,387597,0.8448940710755943,0.4227325934984338,1,siren
12,923,442,0.0009613058064178606,387882,0.845515323127361,0.4232383144668894,1,siren
4,2975,94,0.00020272435373437878,388857,0.8476406590939312,0.42392169172383276,1,siren
0,12048,295,0.0006408705376119071,388735,0.8473747196191398,0.4240077950783758,1,siren
3,12831,435,0.0009460469840937676,388936,0.8478128658030173,0.4243794563935555,1,siren
0,11910,388,0.0008435948913462859,389788,0.8496700824630355,0.42525683867719094,1,siren
15,11129,241,0.0005231596225403324,390122,0.8503981462710708,0.4254606529468056,1,siren
5,9150,38,8.065377514163457e-05,391660,0.8537507275188501,0.42691569064699586,1,siren
31,7465,392081,0.8546684366900562,424,0.0009220688347273357,0.4277952527623918,1,yang_harmfulness
5,576,276,0.0005994537341607975,392693,0.8560024937275341,0.42830097373084747,1,siren
30,3961,393141,0.8569790583562761,376,0.0008174369102192693,0.4288982476332477,1,yang_harmfulness
3,7234,334,0.0007258839762747111,393289,0.8573016734568426,0.42901377871655866,1,siren
19,47,260,0.000564576425991442,393559,0.8578902280322005,0.42922740222909594,1,siren
0,6344,118,0.00025504031598841203,394128,0.8591305523039732,0.4296927963099808,1,siren
0,13218,438,0.0009525864793755218,394017,0.8588885909785483,0.42992058872896194,1,siren
26,1180,164,0.00035531257697530904,395572,0.8622782293662575,0.4313167709716164,1,siren
0,4123,173,0.0003749310628205715,395841,0.8628646041098548,0.4316197675863377,1,siren
5,7721,134,0.0002899176241577675,396231,0.8637147384964828,0.4320023280603203,1,siren
0,3717,402,0.0008741125359944719,397768,0.8670651399125016,0.433969626224248,1,siren
3,381,36,7.629411162046513e-05,398809,0.8693343447752703,0.43470531944344537,1,siren
0,3974,93,0.00020054452197379406,400298,0.8725801142667808,0.43639032939437733,1,siren
5,12928,265,0.0005754755847943656,400166,0.8722923764743837,0.436433926029589,1,siren
30,13759,402854,0.8781517642468354,184,0.0003989092121870034,0.4392753367295112,1,yang_harmfulness
0,258,126,0.00027247897007308977,404573,0.8818988950432806,0.44108568700667683,1,siren
5,4900,394,0.0008566738819097942,405183,0.8832285924172373,0.44204263314957354,1,siren
31,1739,405519,0.8839610158887937,228,0.000494821809652731,0.44222791884922324,1,yang_harmfulness
2,13496,66,0.00014168906443800668,406591,0.8862977955361405,0.44321974230028927,1,siren
31,11929,406908,0.8869888022042459,50,0.00010681175626865118,0.4435478069802573,1,yang_harmfulness
26,7258,329,0.0007149848174717875,407037,0.8872700005013613,0.44399249265941654,1,siren
0,8407,413,0.0008980906853609038,407368,0.8879915248141148,0.4444448077497379,1,siren
31,416,408069,0.8895195868782847,194,0.0004207075297928506,0.44497014720403877,1,yang_harmfulness
0,744,347,0.0007542217891623124,408006,0.8893822574773679,0.4450682396332651,1,siren
26,13274,261,0.0005667562577520267,408346,0.8901234002759667,0.4453450782668594,1,siren
26,3851,419,0.0009111696759244121,409375,0.8923664471576084,0.4466388084167664,1,siren
5,3132,160,0.0003465932499329702,415961,0.9067228191328194,0.4535347061913762,1,siren
0,9362,37,7.847394338104985e-05,416179,0.9071980224566268,0.4536382482000039,1,siren
0,13253,256,0.0005558570989491031,416335,0.907538076211278,0.45404696665511357,1,siren
0,1408,247,0.0005362386131038407,416929,0.9088328962770653,0.45468456744508456,1,siren
3,11000,185,0.0004010890439475881,417082,0.9091664105364348,0.45478374979019115,1,siren
31,4645,417690,0.9104917482468703,433,0.0009416873205725982,0.45571671778372147,1,yang_harmfulness
0,7278,49,0.00010463192450806646,421128,0.9179860098397605,0.4590453208821343,1,siren
0,4790,281,0.0006103528929637211,421868,0.9195990853425933,0.4601047191177785,1,siren
31,13754,423960,0.9241592933857364,427,0.0009286083300090899,0.46254395085787275,1,yang_harmfulness
1,11737,48,0.00010245209274748175,425204,0.9268710040959038,0.4634867280943257,1,siren
5,3939,370,0.000804357919655761,425612,0.9277603754542224,0.46428236668693906,1,siren
30,8589,426986,0.9307554642932658,334,0.0007258839762747111,0.46574067413477027,1,yang_harmfulness
5,7693,328,0.0007128049857112028,427447,0.9317603667348954,0.4662365858603033,1,siren
31,9696,428020,0.9330094103337104,367,0.0007978184243740068,0.4669036143790422,1,yang_harmfulness
0,12339,423,0.000919889002966751,428467,0.9339837951306919,0.4674518420668293,1,siren
0,5221,375,0.0008152570784586845,429611,0.9364775226648008,0.4686463898716297,1,siren
10,3534,444,0.0009656654699390301,430165,0.9376851494601647,0.46932540746505186,1,siren
0,5471,381,0.0008283360690221928,431748,0.9411358231371703,0.47098207960309624,1,siren
2,9841,384,0.000834875564303947,431905,0.9414780567235821,0.471156466143943,1,siren
3,12499,46,9.809242922631231e-05,432728,0.9432720582625433,0.47168507534588483,1,siren
31,11914,433657,0.9452971219681265,139,0.0003008167829606911,0.4727989693755436,1,yang_harmfulness
0,10953,41,8.719327042338872e-05,434173,0.9464219151565882,0.4732545542135058,1,siren
0,3400,80,0.00017220670908619273,434207,0.9464960294364481,0.47333411807276715,1,siren
0,13838,189,0.000409808370989927,435621,0.9495783115459149,0.4749940599584524,1,siren
31,2631,435701,0.9497526980867617,318,0.0006910066681053556,0.47522185237743353,1,yang_harmfulness
26,4254,182,0.00039454954866583396,440574,0.960375018256091,0.4803847839023784,1,siren
31,13179,440781,0.960826243430532,321,0.0006975461633871098,0.4807618947969596,1,yang_harmfulness
5,959,433,0.0009416873205725982,440832,0.9609374148503218,0.4809395510854472,1,siren
0,10905,317,0.0006888268363447709,443170,0.9660338615065689,0.4833613441714568,1,siren
26,5956,222,0.0004817428190892227,450405,0.9818049442943994,0.49114334355674427,1,siren
0,11762,215,0.00046648399676512965,450907,0.9828992198382129,0.491682851917489,1,siren
0,4699,139,0.0003008167829606911,451495,0.9841809609134367,0.49224088884819867,1,siren
0,10621,131,0.00028337812887601336,452282,0.9858964885090169,0.49308993331894646,1,siren
8,7130,232,0.0005035411366950699,453849,0.9893122848778532,0.4949079130072741,1,siren
3,7311,448,0.0009743847969813689,454200,0.9900774058258184,0.4955258953113999,1,siren
23,4869,417,0.0009068100124032427,454518,0.9907705923256843,0.49583870116904377,1,siren
31,3104,456761,0.9956599549646759,197,0.00042724702507460473,0.4980436009948752,1,yang_harmfulness
31,8771,456759,0.9956555953011547,270,0.0005863747435972892,0.49812098502237595,1,yang_harmfulness
