variant,layer,neuron_index,entered_via,also_in,n_methods_at_N,selection_step,rank_siren,rank_yang_harmfulness,percentile_siren,percentile_yang_harmfulness,consensus_score
quota,0,989,siren,,1,1,1,274045,0.0,0.5973698149976785,0.29868490749883925
quota,31,1940,yang_harmfulness,,1,2,17864,1,0.03893833473932482,0.0,0.01946916736966241
quota,1,8738,siren,,1,3,2,277502,2.179831760584718e-06,0.6049054933940199,0.3024538366128902
quota,31,12913,yang_harmfulness,,1,4,3467,2,0.007555296882186633,2.179831760584718e-06,0.003778738356973609
quota,2,11075,siren,,1,5,3,139268,4.359663521169436e-06,0.3035786298013519,0.15179149473243655
quota,31,8154,yang_harmfulness,,1,6,5721,3,0.012468637670544588,4.359663521169436e-06,0.006236498667032879
quota,3,14176,siren,,1,7,4,32354,6.539495281754154e-06,0.07052409695019739,0.035265318222739574
quota,31,3409,yang_harmfulness,,1,8,2013,4,0.0043858215022964525,6.539495281754154e-06,0.002196180498789103
quota,4,7096,siren,,1,9,5,316112,8.719327042338873e-06,0.6890687976701958,0.3445387584986191
quota,31,12004,yang_harmfulness,,1,10,15091,5,0.032893661267223394,8.719327042338873e-06,0.016451190297132868
quota,5,4011,siren,,1,11,6,380245,1.089915880292359e-05,0.8288679479717755,0.41443942356528923
quota,31,9825,yang_harmfulness,,1,12,1173,6,0.0025547628234052896,1.089915880292359e-05,0.0012828309911041065
quota,6,9908,siren,,1,13,7,351953,1.3078990563508308e-05,0.7671961478013127,0.3836046133959381
quota,31,7450,yang_harmfulness,,1,14,12594,7,0.027450621361043356,1.3078990563508308e-05,0.013731850175803433
quota,7,5489,siren,,1,15,8,281165,1.5258822324093028e-05,0.6128902171330417,0.3064527379776829
quota,31,5311,yang_harmfulness,,1,16,20696,8,0.04511161828530074,1.5258822324093028e-05,0.022563438553812418
quota,8,11150,siren,,1,17,9,340221,1.7438654084677745e-05,0.7416223615861328,0.37081990012010874
quota,31,9692,yang_harmfulness,,1,18,4870,9,0.010613600842286993,1.7438654084677745e-05,0.005315519748185836
quota,9,743,siren,,1,19,10,147996,1.9618485845262463e-05,0.3226042014077353,0.1613119099467903
quota,31,1166,yang_harmfulness,,1,20,45710,10,0.09963792994456688,1.9618485845262463e-05,0.049828774215206074
quota,10,4789,siren,,1,21,11,8169,2.179831760584718e-05,0.017804865820455977,0.008913332069030912
quota,31,14201,yang_harmfulness,siren,2,22,56,11,0.00011989074683215949,2.179831760584718e-05,7.084453221900334e-05
quota,11,8111,siren,,1,23,12,31545,2.39781493664319e-05,0.06876061305588435,0.03439229560262539
quota,31,8937,yang_harmfulness,,1,24,13038,12,0.028418466662742968,2.39781493664319e-05,0.0142212224060547
quota,12,8197,siren,,1,25,13,53183,2.6157981127016616e-05,0.11592781269141647,0.05797698533627174
quota,31,9664,yang_harmfulness,,1,26,18974,13,0.041357947993573854,2.6157981127016616e-05,0.020692052987350436
quota,13,9215,siren,,1,27,14,283736,2.8337812887601334e-05,0.618494564589505,0.3092614512011963
quota,31,6432,yang_harmfulness,,1,28,14750,14,0.032150338636864007,2.8337812887601334e-05,0.016089338224875804
quota,14,2015,siren,,1,29,15,138099,3.0517644648186055e-05,0.3010304064732284,0.15053046205893827
quota,31,14276,yang_harmfulness,,1,30,4373,15,0.009530224457276387,3.0517644648186055e-05,0.004780371050962287
quota,15,9635,siren,,1,31,16,17217,3.269747640877077e-05,0.03752798359022651,0.01878034053331764
quota,31,14224,yang_harmfulness,,1,32,18794,16,0.04096557827666861,3.269747640877077e-05,0.02049913787653869
quota,16,6950,siren,,1,33,17,16240,3.487730816935549e-05,0.035398287960135236,0.017716582634152295
quota,31,5509,yang_harmfulness,,1,34,15544,17,0.03388112505476827,3.487730816935549e-05,0.016958001181468813
quota,17,10712,siren,,1,35,18,29129,3.705713992994021e-05,0.06349413952231167,0.0317655983311208
quota,31,11010,yang_harmfulness,,1,36,22526,18,0.049100710407170775,3.705713992994021e-05,0.02456888377355036
quota,18,8429,siren,,1,37,19,76501,3.9236971690524926e-05,0.16675712968473094,0.08339818332821074
quota,31,1324,yang_harmfulness,,1,38,12433,19,0.027099668447589216,3.9236971690524926e-05,0.01356945270963987
quota,19,11771,siren,,1,39,20,205659,4.1416803451109644e-05,0.44829984021833197,0.22417062851089153
quota,31,14196,yang_harmfulness,,1,40,16952,20,0.036950328173671554,4.1416803451109644e-05,0.01849587248856133
quota,20,13974,siren,,1,41,21,79344,4.359663521169436e-05,0.1729543913800733,0.0864989940076425
quota,31,5371,yang_harmfulness,,1,42,3440,21,0.007496441424650845,4.359663521169436e-05,0.00377001902993127
quota,21,23,siren,,1,43,22,4433,4.577646697227908e-05,0.00966101436291147,0.004853395414941875
quota,31,8382,yang_harmfulness,,1,44,6722,22,0.01465064926288989,4.577646697227908e-05,0.007348212864931085
quota,22,11137,siren,,1,45,23,287380,4.79562987328638e-05,0.6264378715250757,0.3132429139119043
quota,31,850,yang_harmfulness,,1,46,13351,23,0.029100754003805986,4.79562987328638e-05,0.014574355151269425
quota,23,5263,siren,,1,47,24,146139,5.0136130493448515e-05,0.3185562538283295,0.15930319497941148
quota,31,9119,yang_harmfulness,,1,48,21209,24,0.0462298719784807,5.0136130493448515e-05,0.023140004054487073
quota,24,2598,siren,,1,49,25,139091,5.231596225403323e-05,0.30319279957972844,0.15162255777099123
quota,31,3387,yang_harmfulness,,1,50,7775,25,0.016946012106785598,5.231596225403323e-05,0.008499164034519816
quota,25,3787,siren,,1,51,26,43690,5.449579401461795e-05,0.09523466978818575,0.04764458279110018
quota,31,2549,yang_harmfulness,,1,52,15585,26,0.033970498156952245,5.449579401461795e-05,0.017012496975483432
quota,26,5848,siren,,1,53,27,280117,5.667562577520267e-05,0.6106057534479489,0.305331214536862
quota,30,2792,yang_harmfulness,,1,54,12787,27,0.027871328890836204,5.667562577520267e-05,0.013964002258305703
quota,27,2170,siren,,1,55,28,1431,5.8855457535787386e-05,0.003117159417636147,0.0015880074375859672
quota,31,12591,yang_harmfulness,,1,56,3695,28,0.00805229852359995,5.8855457535787386e-05,0.004055576990567868
quota,28,2807,siren,,1,57,29,3994,6.103528929637211e-05,0.00870406822001478,0.004382551754655576
quota,31,6614,yang_harmfulness,,1,58,75276,29,0.16408683577801464,6.103528929637211e-05,0.08207393553365551
quota,29,9571,siren,,1,59,30,6628,6.321512105695683e-05,0.014445745077394927,0.0072544800992259415
quota,31,7416,yang_harmfulness,,1,60,13290,30,0.028967784266410317,6.321512105695683e-05,0.014515499693733638
quota,30,2653,siren,,1,61,31,219726,6.539495281754155e-05,0.4789635335944772,0.23951446427364737
quota,31,9416,yang_harmfulness,,1,62,6442,31,0.014040296369926169,6.539495281754155e-05,0.007052845661371855
quota,31,12950,siren,yang_harmfulness,2,63,32,94,6.757478457812626e-05,0.00020272435373437878,0.00013514956915625253
quota,31,13076,yang_harmfulness,,1,64,4318,32,0.009410333710444228,6.757478457812626e-05,0.004738954247511177
quota,0,6677,siren,,1,65,33,354863,6.975461633871098e-05,0.7735394582246142,0.3868046064204765
quota,31,14106,yang_harmfulness,,1,66,187746,33,0.4092525138909779,6.975461633871098e-05,0.2046611342536583
quota,5,4724,siren,,1,67,34,145659,7.19344480992957e-05,0.3175099345832489,0.15879093451567408
quota,31,7873,yang_harmfulness,,1,68,14903,34,0.03248385289623347,7.19344480992957e-05,0.016277893672166383
quota,26,7711,siren,,1,69,35,192432,7.411427985988042e-05,0.41946720552107786,0.20977065990046886
quota,31,3769,yang_harmfulness,,1,70,2684,35,0.005848488613648798,7.411427985988042e-05,0.002961301446754339
quota,3,381,siren,,1,71,36,398809,7.629411162046513e-05,0.8693343447752703,0.43470531944344537
quota,31,1681,yang_harmfulness,,1,72,16051,36,0.03498629975738472,7.629411162046513e-05,0.017531296934502595
quota,0,9362,siren,,1,73,37,416179,7.847394338104985e-05,0.9071980224566268,0.4536382482000039
quota,31,4577,yang_harmfulness,,1,74,10380,37,0.02262447384310879,7.847394338104985e-05,0.01135147389324492
quota,5,9150,siren,,1,75,38,391660,8.065377514163457e-05,0.8537507275188501,0.42691569064699586
quota,31,5772,yang_harmfulness,,1,76,20971,38,0.045711072019461535,8.065377514163457e-05,0.022895862897301583
quota,26,9917,siren,,1,77,39,34937,8.283360690221929e-05,0.0761546023877877,0.03811871799734496
quota,31,11079,yang_harmfulness,,1,78,11294,39,0.024616840072283222,8.283360690221929e-05,0.012349836839592721
quota,2,6515,siren,,1,79,40,334218,8.5013438662804e-05,0.7285368315273427,0.3643109224830028
quota,31,12119,yang_harmfulness,,1,80,13463,40,0.029344895160991476,8.5013438662804e-05,0.01471495429982714
quota,0,10953,siren,,1,81,41,434173,8.719327042338872e-05,0.9464219151565882,0.4732545542135058
quota,31,2305,yang_harmfulness,,1,82,15302,41,0.03335360576870677,8.719327042338872e-05,0.016720399519565082
quota,3,1160,siren,,1,83,42,369536,8.937310218397344e-05,0.8055241296476738,0.4028067513749289
quota,31,9575,yang_harmfulness,,1,84,21548,42,0.04696883494531892,8.937310218397344e-05,0.023529104023751447
quota,5,7127,siren,,1,85,43,140654,9.155293394455816e-05,0.3065998766215223,0.15334571477773346
quota,31,3811,yang_harmfulness,,1,86,6493,43,0.01415146778971599,9.155293394455816e-05,0.007121510361830274
quota,26,11169,siren,,1,87,44,179967,9.373276570514288e-05,0.3922956026253894,0.19619466769554725
quota,31,3175,yang_harmfulness,,1,88,11312,44,0.024656077043973747,9.373276570514288e-05,0.012374904904839445
quota,0,7886,siren,,1,89,45,263364,9.59125974657276e-05,0.5740870319628731,0.28709147228016946
quota,31,2207,yang_harmfulness,siren,2,90,271,45,0.0005885545753578739,9.59125974657276e-05,0.00034223358641180074
quota,3,12499,siren,,1,91,46,432728,9.809242922631231e-05,0.9432720582625433,0.47168507534588483
quota,30,8562,yang_harmfulness,,1,92,72071,46,0.15710047498534063,9.809242922631231e-05,0.07859928370728347
quota,5,6348,siren,,1,93,47,384220,0.00010027226098689703,0.8375327792200998,0.41881652574054334
quota,30,7813,yang_harmfulness,,1,94,18915,47,0.041229337919699356,0.00010027226098689703,0.020664805090343127
quota,1,11737,siren,,1,95,48,425204,0.00010245209274748175,0.9268710040959038,0.4634867280943257
quota,31,9519,yang_harmfulness,,1,96,20072,48,0.043751403266695875,0.00010245209274748175,0.021926927679721677
quota,0,7278,siren,,1,97,49,421128,0.00010463192450806646,0.9179860098397605,0.4590453208821343
quota,31,10834,yang_harmfulness,,1,98,7080,49,0.015431029033179219,0.00010463192450806646,0.0077678304788436426
quota,8,4398,siren,,1,99,50,236422,0.00010681175626865118,0.5153580046691997,0.2577324082127342
quota,31,11929,yang_harmfulness,,1,100,406908,50,0.8869888022042459,0.00010681175626865118,0.4435478069802573
quota,26,4587,siren,,1,101,51,26548,0.0001089915880292359,0.05786799374824251,0.028988492668135874
quota,31,1572,yang_harmfulness,,1,102,18276,51,0.039836425424685726,0.0001089915880292359,0.019972708506357482
quota,13,2741,siren,,1,103,52,32462,0.00011117141978982062,0.07075951878034054,0.03543534510006518
quota,31,6657,yang_harmfulness,,1,104,5748,52,0.012527493128080375,0.00011117141978982062,0.006319332273935098
quota,14,14318,siren,,1,105,53,155639,0.00011335125155040534,0.33926465555388435,0.1696890034027174
quota,31,996,yang_harmfulness,,1,106,34235,53,0.07462436049185724,0.00011335125155040534,0.03736885587170382
quota,15,3580,siren,,1,107,54,3476,0.00011553108331099005,0.0075749153680318955,0.003845223225671443
quota,31,3197,yang_harmfulness,,1,108,24173,54,0.0526908933168538,0.00011553108331099005,0.026403212200082397
quota,11,4258,siren,,1,109,55,2409,0.00011771091507157477,0.005249034879488001,0.002683372897279788
quota,31,7851,yang_harmfulness,,1,110,25828,55,0.056298514880621514,0.00011771091507157477,0.028208112897846544
quota,10,1084,siren,,1,111,57,928,0.00012207057859274422,0.0020207040420620334,0.0010713873103273888
quota,31,11488,yang_harmfulness,,1,112,1950,56,0.004248492101379615,0.00011989074683215949,0.0021841914241058874
quota,21,13995,siren,,1,113,58,191449,0.00012425041035332894,0.4173244309004231,0.20872434065538822
quota,31,5553,yang_harmfulness,,1,114,18133,57,0.03952470948292211,0.00012207057859274422,0.019823390030757428
quota,16,6901,siren,,1,115,59,106243,0.00012643024211391366,0.2315896859080416,0.11585805807507776
quota,31,3828,yang_harmfulness,,1,116,14766,58,0.03218521594503336,0.00012425041035332894,0.016154733177693344
quota,12,9336,siren,,1,117,60,17256,0.00012861007387449837,0.03761299702888931,0.018870803551381904
quota,31,10674,yang_harmfulness,,1,118,28164,59,0.06139060187334742,0.00012643024211391366,0.030758516057730667
quota,9,12473,siren,,1,119,61,217629,0.0001307899056350831,0.47439242639253104,0.23726160814908306
quota,31,14027,yang_harmfulness,,1,120,921,60,0.0020054452197379407,0.00012861007387449837,0.0010670276468062196
quota,17,13532,siren,,1,121,62,40156,0.0001329697373956678,0.08753114434627936,0.04383205704183751
quota,31,11808,yang_harmfulness,,1,122,9000,61,0.019616306013501877,0.0001307899056350831,0.00987354795956848
quota,19,8298,siren,,1,123,63,14709,0.00013514956915625253,0.03206096553468003,0.016098057551918142
quota,31,4436,yang_harmfulness,,1,124,25541,62,0.0556729031653337,0.0001329697373956678,0.027902936451364685
quota,18,1454,siren,,1,125,64,19351,0.00013732940091683724,0.0421797445673143,0.02115853698411557
quota,30,7146,yang_harmfulness,,1,126,1861,63,0.004054487074687575,0.00013514956915625253,0.002094818321921914
quota,25,2732,siren,,1,127,65,191584,0.00013950923267742196,0.41761870818810204,0.20887910871038973
quota,31,714,yang_harmfulness,,1,128,3955,64,0.008619054781351975,0.00013732940091683724,0.004378192091134406
quota,2,13496,siren,,1,129,66,406591,0.00014168906443800668,0.8862977955361405,0.44321974230028927
quota,31,9663,yang_harmfulness,,1,130,332864,65,0.725585339323511,0.00013950923267742196,0.36286242427809423
quota,0,4252,siren,,1,131,67,366179,0.0001438688961985914,0.7982064344273909,0.39917515166179474
quota,31,4661,yang_harmfulness,,1,132,6112,66,0.013320951888933213,0.00014168906443800668,0.00673132047668561
quota,5,11443,siren,,1,133,68,32403,0.00014604872795917612,0.07063090870646603,0.0353884787172126
quota,31,14073,yang_harmfulness,,1,134,17901,67,0.03901898851446645,0.0001438688961985914,0.019581428705332523
quota,27,1253,siren,,1,135,69,5402,0.00014822855971976083,0.011773271338918062,0.005960749949318911
quota,30,1130,yang_harmfulness,,1,136,1818,68,0.003960754308982433,0.00014604872795917612,0.0020534015184708043
quota,3,7756,siren,,1,137,70,354029,0.00015040839148034555,0.7717214785362866,0.3859359434638835
quota,31,4128,yang_harmfulness,,1,138,284650,69,0.6204869308186794,0.00014822855971976083,0.3103175796891996
quota,24,1619,siren,,1,139,71,155027,0.00015258822324093027,0.3379305985164065,0.16904159336982372
quota,31,7973,yang_harmfulness,,1,140,21594,70,0.04706910720630582,0.00015040839148034555,0.023609757798893082
quota,23,2803,siren,,1,141,72,84124,0.00015476805500151499,0.18337398719566825,0.09176437762533488
quota,31,13869,yang_harmfulness,,1,142,12416,71,0.027062611307659273,0.00015258822324093027,0.013607599765450102
quota,22,5031,siren,,1,143,73,5556,0.0001569478867620997,0.01210896543004811,0.006132956658405105
quota,31,11342,yang_harmfulness,,1,144,30216,72,0.06586361664606726,0.00015476805500151499,0.033009192350534386
quota,28,6269,siren,,1,145,74,70830,0.00015912771852268442,0.154395303770455,0.07727721574448884
quota,31,2477,yang_harmfulness,,1,146,26112,73,0.056917587100627574,0.0001569478867620997,0.028537267493694837
quota,29,11082,siren,,1,147,75,13931,0.00016130755028326914,0.030365056424945122,0.015263181987614196
quota,30,12446,yang_harmfulness,,1,148,4642,74,0.010116599200873676,0.00015912771852268442,0.00513786345969818
quota,26,2128,siren,,1,149,76,13763,0.00016348738204385386,0.02999884468916689,0.015081166035605373
quota,31,5253,yang_harmfulness,,1,150,9689,75,0.02111821009654475,0.00016130755028326914,0.01063975882341401
quota,20,9424,siren,,1,151,77,123449,0.00016566721380443857,0.26909587118066225,0.13463076919723335
quota,31,5615,yang_harmfulness,,1,152,18157,76,0.03957702544517614,0.00016348738204385386,0.019870256413609996
quota,30,6897,siren,,1,153,78,1809,0.0001678470455650233,0.0039411358231371705,0.002054491434351097
quota,31,12525,yang_harmfulness,,1,154,3292,77,0.0071738263240843075,0.00016566721380443857,0.0036697467689443732
quota,7,11986,siren,,1,155,79,222993,0.000170026877325608,0.48608504395630747,0.24312753541681653
quota,31,12358,yang_harmfulness,,1,156,6239,78,0.013597790522527471,0.0001678470455650233,0.006882818784046247
quota,0,3400,siren,,1,157,80,434207,0.00017220670908619273,0.9464960294364481,0.47333411807276715
quota,31,12814,yang_harmfulness,,1,158,8198,79,0.017868080941512935,0.000170026877325608,0.009019053909419272
quota,6,1372,siren,,1,159,81,113028,0.00017438654084677745,0.24637984440360894,0.12327711547222786
quota,31,6467,yang_harmfulness,,1,160,12556,80,0.027367787754141136,0.00017220670908619273,0.013769997231613665
quota,5,430,siren,,1,161,82,191370,0.00017656637260736216,0.4171522241913369,0.20866439528197214
quota,31,5118,yang_harmfulness,,1,162,149283,81,0.3254096448836079,0.00017438654084677745,0.16279201571222734
quota,3,3980,siren,,1,163,83,164643,0.00017874620436794688,0.35889186072618917,0.17953530346527857
quota,31,4064,yang_harmfulness,,1,164,20220,82,0.044074018367262414,0.00017656637260736216,0.02212529236993489
quota,26,7496,siren,,1,165,84,111534,0.0001809260361285316,0.24312317575329537,0.12165205089471195
quota,31,8359,yang_harmfulness,,1,166,6646,83,0.014484982049085451,0.00017874620436794688,0.007331864126726699
quota,0,11690,siren,,1,167,85,348635,0.00018310586788911632,0.7599634660196926,0.38007328594379086
quota,31,11985,yang_harmfulness,,1,168,285891,84,0.623192102033565,0.0001809260361285316,0.31168651403484676
quota,5,9582,siren,,1,169,86,118191,0.00018528569964970103,0.2576343157835078,0.12890980074157876
quota,31,5041,yang_harmfulness,,1,170,21270,85,0.04636284171587637,0.00018310586788911632,0.023272973791882742
quota,2,10014,siren,,1,171,87,185964,0.00018746553141028575,0.40536805369361595,0.20277775961251313
quota,31,8350,yang_harmfulness,,1,172,5377,86,0.011718775544903444,0.00018528569964970103,0.005952030622276573
quota,0,14042,siren,,1,173,88,369241,0.00018964536317087047,0.8048810792783013,0.4025353623207361
quota,31,8193,yang_harmfulness,,1,174,27914,87,0.060845643933201236,0.00018746553141028575,0.030516554732305762
quota,3,6790,siren,,1,175,89,198858,0.0001918251949314552,0.4334748044145953,0.21683331480476337
quota,30,8539,yang_harmfulness,,1,176,20235,88,0.044106715843671186,0.00018964536317087047,0.02214818060342103
quota,26,5286,siren,,1,177,90,21762,0.0001940050266920399,0.04743531894208405,0.023814661984388044
quota,31,963,yang_harmfulness,,1,178,59321,89,0.12930762003788548,0.0001918251949314552,0.06474972261640848
quota,5,6882,siren,,1,179,91,78296,0.00019618485845262462,0.1706699276949805,0.08543305627671656
quota,31,1395,yang_harmfulness,,1,180,11335,90,0.024706213174467195,0.0001940050266920399,0.012450109100579618
quota,1,14272,siren,,1,181,92,362335,0.00019836469021320934,0.7898271611397032,0.3950127629149582
quota,31,4352,yang_harmfulness,,1,182,61891,91,0.1349097876625882,0.00019618485845262462,0.06755298626052042
quota,0,3974,siren,,1,183,93,400298,0.00020054452197379406,0.8725801142667808,0.43639032939437733
quota,31,2945,yang_harmfulness,,1,184,128533,92,0.280178135851475,0.00019836469021320934,0.1401882502708441
quota,4,2975,siren,,1,185,94,388857,0.00020272435373437878,0.8476406590939312,0.42392169172383276
quota,30,12185,yang_harmfulness,,1,186,1639,93,0.0035705644238377683,0.00020054452197379406,0.0018855544729057812
quota,26,2776,siren,,1,187,95,2035,0.0002049041854949635,0.0044337778010293165,0.00231934099326214
quota,31,10973,yang_harmfulness,,1,188,2497,95,0.005440860074419456,0.0002049041854949635,0.00282288212995721
quota,8,8632,siren,,1,189,96,307598,0.0002070840172555482,0.6705097100605776,0.33535839703891657
quota,31,260,yang_harmfulness,,1,190,4975,96,0.010842483177148388,0.0002070840172555482,0.005524783597201968
quota,3,7005,siren,,1,191,97,324192,0.00020926384901613293,0.7066818382957203,0.3534455510723682
quota,31,5144,yang_harmfulness,,1,192,8905,97,0.01940922199624633,0.00020926384901613293,0.009809242922631231
quota,13,13879,siren,,1,193,98,7815,0.00021144368077671765,0.017033205377208985,0.008622324528992852
quota,31,4160,yang_harmfulness,,1,194,16514,98,0.03599556186253545,0.00021144368077671765,0.018103502771656083
quota,5,11491,siren,,1,195,99,203102,0.00021362351253730236,0.4427260104065168,0.22146981695952705
quota,31,3616,yang_harmfulness,,1,196,6874,99,0.014981983690498767,0.00021362351253730236,0.007597803601518034
quota,14,1559,siren,,1,197,100,3361,0.00021580334429788708,0.0073242347155646524,0.0037700190299312696
quota,31,11541,yang_harmfulness,,1,198,12068,100,0.026304029854975795,0.00021580334429788708,0.01325991659963684
quota,31,5542,siren,,1,199,101,2221,0.0002179831760584718,0.004839226508498074,0.002528604842278273
quota,31,13933,yang_harmfulness,,1,200,24987,101,0.05446527636996976,0.0002179831760584718,0.027341629773014117
quota,15,1832,siren,,1,201,102,348311,0.00022016300781905652,0.7592572005292632,0.3797386817685411
quota,31,11695,yang_harmfulness,,1,202,2964,102,0.00645884150661252,0.00022016300781905652,0.0033395022572157884
quota,11,5737,siren,,1,203,103,50150,0.00022234283957964124,0.10931638296156303,0.054769362900571335
quota,31,3548,yang_harmfulness,,1,204,16146,103,0.03519338377464027,0.00022234283957964124,0.017707863307109956
quota,0,12242,siren,,1,205,104,363094,0.00022452267134022595,0.7914816534459871,0.39585308805866365
quota,31,2958,yang_harmfulness,,1,206,15899,104,0.03465496532977585,0.00022452267134022595,0.017439744000558036
quota,21,1297,siren,,1,207,105,70784,0.00022670250310081067,0.1542950315094681,0.07726086700628446
quota,31,4609,yang_harmfulness,,1,208,17996,105,0.039226072531722,0.00022670250310081067,0.019726387517411407
quota,16,11992,siren,,1,209,106,4916,0.0002288823348613954,0.01071387310327389,0.005471377719067643
quota,31,3568,yang_harmfulness,,1,210,17320,106,0.03775250626156673,0.0002288823348613954,0.018990694298214063
quota,10,1918,siren,,1,211,107,250249,0.0002310621666219801,0.5454985384228045,0.2728648002947132
quota,31,11314,yang_harmfulness,,1,212,14261,107,0.03108440090593808,0.0002310621666219801,0.01565773153628003
quota,25,4953,siren,,1,213,108,307089,0.00023324199838256482,0.6694001756944399,0.33481670884641124
quota,31,3464,yang_harmfulness,,1,214,29496,108,0.06429413777844625,0.00023324199838256482,0.03226368988841441
quota,9,6064,siren,,1,215,109,322848,0.00023542183014314954,0.7037521444094945,0.3519937831198188
quota,31,11350,yang_harmfulness,,1,216,29068,109,0.063361169784916,0.00023542183014314954,0.031798295807529575
quota,12,4498,siren,,1,217,110,177917,0.00023760166190373426,0.3878269475161907,0.1940322745890472
quota,31,9587,yang_harmfulness,,1,218,5824,110,0.012693160341884814,0.00023760166190373426,0.006465381001894274
quota,17,11378,siren,,1,219,111,284728,0.00023978149366431898,0.620656957696005,0.3104483695948347
quota,31,4046,yang_harmfulness,,1,220,8223,111,0.01792257673552755,0.00023978149366431898,0.009081179114595935
quota,26,14003,siren,,1,221,112,15442,0.0002419613254249037,0.03365878221518863,0.016950371770306765
quota,31,13801,yang_harmfulness,,1,222,5354,112,0.011668639414409996,0.0002419613254249037,0.005955300369917449
quota,2,10582,siren,,1,223,113,80068,0.00024414115718548844,0.17453258957473664,0.08738836536596106
quota,31,2012,yang_harmfulness,,1,224,2307,113,0.00502669203990836,0.00024414115718548844,0.002635416598546924
quota,19,11694,siren,,1,225,114,109830,0.00024632098894607316,0.239408742433259,0.11982753171110254
quota,31,5933,yang_harmfulness,,1,226,23486,114,0.051193348897332104,0.00024632098894607316,0.025719834943139088
quota,5,9391,siren,,1,227,115,127481,0.0002485008207066579,0.27788495283933984,0.13906672683002325
quota,31,9187,yang_harmfulness,,1,228,18513,115,0.0403530455519443,0.0002485008207066579,0.02030077318632548
quota,18,11018,siren,,1,229,116,185008,0.0002506806524672426,0.40328413453049694,0.2017674075914821
quota,30,5024,yang_harmfulness,,1,230,139276,116,0.30359606845543663,0.0002506806524672426,0.15192337455395194
quota,3,3833,siren,,1,231,117,204545,0.0002528604842278273,0.4458715076370406,0.22306218406063422
quota,30,1171,yang_harmfulness,,1,232,5049,117,0.011003790727431656,0.0002528604842278273,0.005628325605829741
quota,0,6344,siren,,1,233,118,394128,0.00025504031598841203,0.8591305523039732,0.4296927963099808
quota,31,4622,yang_harmfulness,,1,234,68870,118,0.15012283351970895,0.00025504031598841203,0.07518893691784868
quota,27,3878,siren,,1,235,119,297016,0.00025722014774899675,0.64744273037007,0.3238499752589095
quota,31,1813,yang_harmfulness,,1,236,43344,119,0.09448044799902343,0.00025722014774899675,0.04736883407338621
quota,23,8249,siren,,1,237,120,24305,0.00025939997950958146,0.05297863110925099,0.026619015544380283
quota,31,12923,yang_harmfulness,,1,238,193219,120,0.42118273311665805,0.00025939997950958146,0.2107210665480838
quota,24,9483,siren,,1,239,121,248312,0.0002615798112701662,0.541276204302552,0.27076889205691107
quota,31,374,yang_harmfulness,,1,240,19361,121,0.04220154288492014,0.0002615798112701662,0.021231561348095153
quota,28,545,siren,,1,241,122,250668,0.0002637596430307509,0.5464118879304896,0.27333782378676014
quota,31,13030,yang_harmfulness,,1,242,79015,122,0.1722372267308409,0.0002637596430307509,0.08625049318693583
quota,22,8514,siren,,1,243,123,808,0.0002659394747913356,0.0017591242307918675,0.0010125318527916015
quota,31,2266,yang_harmfulness,,1,244,8662,123,0.018879522878424242,0.0002659394747913356,0.009572731176607788
quota,29,9301,siren,,1,245,124,31060,0.00026811930655192034,0.06770339465200076,0.03398575697927634
quota,31,11638,yang_harmfulness,,1,246,3497,124,0.007620691835004174,0.00026811930655192034,0.003944405570778047
quota,26,4999,siren,,1,247,125,126130,0.00027029913831250505,0.2749400001307899,0.1376051496345512
quota,31,5814,yang_harmfulness,,1,248,26371,125,0.057482163526619015,0.00027029913831250505,0.02887623133246576
quota,0,258,siren,,1,249,126,404573,0.00027247897007308977,0.8818988950432806,0.44108568700667683
quota,31,8053,yang_harmfulness,,1,250,3176,126,0.00692096583985648,0.00027247897007308977,0.003596722404964785
quota,5,51,siren,,1,251,127,214639,0.0002746588018336745,0.4678747294283827,0.2340746941151082
quota,31,12839,yang_harmfulness,,1,252,34829,127,0.07591918055764456,0.0002746588018336745,0.03809691967973912
quota,20,11031,siren,,1,253,128,319261,0.0002768386335942592,0.6959330878842771,0.3481049632589357
quota,31,2241,yang_harmfulness,,1,254,24735,128,0.05391595876630242,0.0002768386335942592,0.02709639869994834
quota,3,5660,siren,,1,255,129,187488,0.0002790184653548439,0.40869011729674704,0.20448456788105093
quota,31,14211,yang_harmfulness,,1,256,15755,129,0.03434106955625165,0.0002790184653548439,0.017310044010803247
quota,30,6156,siren,yang_harmfulness,2,257,130,447,0.00028119829711542864,0.0009722049652207842,0.0006267016311681064
quota,31,3759,yang_harmfulness,,1,258,11273,130,0.02457106360531094,0.00028119829711542864,0.012426130951213185
quota,0,10621,siren,,1,259,131,452282,0.00028337812887601336,0.9858964885090169,0.49308993331894646
quota,29,254,yang_harmfulness,,1,260,663,131,0.0014430486255070834,0.00028337812887601336,0.0008632133771915483
quota,7,2899,siren,,1,261,132,165860,0.0002855579606365981,0.36154471597882076,0.1809151369697287
quota,30,1777,yang_harmfulness,,1,262,18127,132,0.0395116304923586,0.0002855579606365981,0.019898594226497597
quota,26,6754,siren,,1,263,133,112157,0.0002877377923971828,0.24448121094013964,0.12238447436626841
quota,31,11581,yang_harmfulness,,1,264,1427,133,0.003108440090593808,0.0002877377923971828,0.0016980889414954954
quota,5,7721,siren,,1,265,134,396231,0.0002899176241577675,0.8637147384964828,0.4320023280603203
quota,31,12529,yang_harmfulness,,1,266,12958,134,0.028244080121896192,0.0002899176241577675,0.01426699887302698
quota,6,7994,siren,,1,267,135,45910,0.00029209745591835223,0.10007389629668383,0.05018299687630109
quota,30,8726,yang_harmfulness,,1,268,12169,135,0.026524192862794848,0.00029209745591835223,0.0134081451593566
quota,2,6401,siren,,1,269,136,134761,0.00029427728767893695,0.2937541280563966,0.14702420267203778
quota,31,12863,yang_harmfulness,,1,270,10559,136,0.023014663728253452,0.00029427728767893695,0.011654470507966194
quota,1,865,siren,,1,271,137,216089,0.00029645711943952167,0.47103548548123053,0.23566597130033504
quota,30,635,yang_harmfulness,,1,272,12998,137,0.02833127339231958,0.00029645711943952167,0.01431386525587955
quota,3,3260,siren,,1,273,138,371543,0.0002986369512001064,0.8098990519911673,0.4050988444711837
quota,31,566,yang_harmfulness,,1,274,33737,138,0.07353880427508605,0.0002986369512001064,0.03691872061314308
quota,0,4699,siren,,1,275,139,451495,0.0003008167829606911,0.9841809609134367,0.49224088884819867
quota,31,11914,yang_harmfulness,,1,276,433657,139,0.9452971219681265,0.0003008167829606911,0.4727989693755436
quota,5,11992,siren,,1,277,140,93844,0.0003029966147212758,0.2045619519085517,0.10243247426163649
quota,31,6072,yang_harmfulness,,1,278,13095,140,0.0285427170730963,0.0003029966147212758,0.014422856843908788
quota,26,6184,siren,,1,279,141,254283,0.00030517644648186054,0.5542919797450033,0.2772985780957426
quota,31,3540,yang_harmfulness,,1,280,13210,141,0.02879339772556354,0.00030517644648186054,0.0145492870860227
quota,8,7710,siren,,1,281,142,203935,0.00030735627824244525,0.44454181026308387,0.22242458327066317
quota,30,3786,yang_harmfulness,siren,2,282,457,142,0.0009940032828266315,0.00030735627824244525,0.0006506797805345384
quota,0,12250,siren,,1,283,143,366375,0.00030953611000302997,0.7986336814524655,0.3994716087812343
quota,31,5021,yang_harmfulness,,1,284,8807,143,0.01919559848370903,0.00030953611000302997,0.00975256729685603
quota,13,7787,siren,,1,285,144,3610,0.0003117159417636147,0.007867012823950248,0.004089364382856931
quota,30,12150,yang_harmfulness,,1,286,6425,144,0.01400323922999623,0.0003117159417636147,0.007157477585879922
quota,31,13883,siren,,1,287,145,172860,0.0003138957735241994,0.3768035383029138,0.188558717038219
quota,31,3289,yang_harmfulness,,1,288,27495,145,0.05993229442551624,0.0003138957735241994,0.030123095099520217
quota,14,3917,siren,,1,289,146,806,0.0003160756052847841,0.001754764567270698,0.001035420086277741
quota,31,1159,yang_harmfulness,,1,290,46221,146,0.10075182397422566,0.0003160756052847841,0.05053394978975522
quota,3,9513,siren,,1,291,147,220691,0.00031825543704536884,0.48106707124344145,0.24069266334024342
quota,31,3630,yang_harmfulness,,1,292,13719,147,0.029902932091701164,0.00031825543704536884,0.015110593764373266
quota,15,8354,siren,,1,293,148,27163,0.00032043526880595356,0.05920859028100211,0.02976451277490403
quota,31,6720,yang_harmfulness,,1,294,68292,148,0.14886289076209097,0.00032043526880595356,0.07459166301544846
quota,5,13532,siren,,1,295,149,356902,0.0003226151005665383,0.7779841351844464,0.3891533751425065
quota,31,7365,yang_harmfulness,,1,296,19815,149,0.043191186504225605,0.0003226151005665383,0.021756900802396072
quota,26,225,siren,,1,297,150,366121,0.000324794932327123,0.798080004185277,0.3992023995588021
quota,31,7019,yang_harmfulness,,1,298,21967,150,0.04788218445300392,0.000324794932327123,0.02410348969266552
quota,11,5488,siren,,1,299,151,195942,0.0003269747640877077,0.4271184150007302,0.21372269488240897
quota,31,5448,yang_harmfulness,,1,300,17502,151,0.03814923564199315,0.0003269747640877077,0.01923810520304043
quota,21,13596,siren,,1,301,152,74411,0.00032915459584829243,0.16220128130510889,0.08126521795047859
quota,31,3646,yang_harmfulness,,1,302,2367,152,0.005157481945543443,0.00032915459584829243,0.002743318270695868
quota,0,12063,siren,,1,303,153,274219,0.00033133442760887715,0.5977491057240202,0.29904022007581454
quota,31,4560,yang_harmfulness,,1,304,286616,153,0.624772480059989,0.00033133442760887715,0.31255190724379894
quota,16,14185,siren,,1,305,154,5500,0.00033351425936946187,0.011986894851455364,0.006160204555412413
quota,31,13622,yang_harmfulness,,1,306,22507,154,0.04905929360371967,0.00033351425936946187,0.024696403931544566
quota,10,2727,siren,,1,307,155,38198,0.0003356940911300466,0.08326303375905447,0.04179936392509226
quota,31,7673,yang_harmfulness,,1,308,9461,155,0.020621208455131435,0.0003356940911300466,0.01047845127313074
quota,25,12840,siren,,1,309,156,281681,0.0003378739228906313,0.6140150103215034,0.307176442122197
quota,31,2954,yang_harmfulness,,1,310,1914,156,0.004170018157998566,0.0003378739228906313,0.0022539460404445984
quota,9,9439,siren,,1,311,157,273151,0.000340053754651216,0.5954210454037158,0.2978805495791835
quota,31,5593,yang_harmfulness,,1,312,121799,157,0.26549914877569747,0.000340053754651216,0.13291960126517435
quota,12,5006,siren,,1,313,158,9587,0.00034223358641180074,0.020895867256965107,0.010619050421688455
quota,31,4512,yang_harmfulness,,1,314,16587,158,0.036154689581058136,0.00034223358641180074,0.018248461583734967
quota,17,6231,siren,,1,315,159,54014,0.00034441341817238546,0.11773925288446238,0.059041833151317384
quota,31,6579,yang_harmfulness,,1,316,19772,159,0.04309745373852046,0.00034441341817238546,0.021720933578346424
quota,5,3132,siren,,1,317,160,415961,0.0003465932499329702,0.9067228191328194,0.4535347061913762
quota,31,4179,yang_harmfulness,,1,318,8539,160,0.018611403571872322,0.0003465932499329702,0.009478998410902646
quota,2,5965,siren,,1,319,161,334730,0.0003487730816935549,0.729652905388762,0.3650008392352278
quota,31,6466,yang_harmfulness,,1,320,30831,161,0.06720421317882685,0.0003487730816935549,0.0337764931302602
quota,19,635,siren,,1,321,162,16733,0.0003509529134541396,0.036472945018103504,0.018411948965778822
quota,31,2268,yang_harmfulness,,1,322,5164,162,0.011254471379898899,0.0003509529134541396,0.00580271214667652
quota,3,9403,siren,,1,323,163,304910,0.0003531327452147243,0.6646503222881258,0.3325017275166703
quota,30,11725,yang_harmfulness,,1,324,17222,163,0.03753888274902943,0.0003531327452147243,0.018946007747122077
quota,26,1180,siren,,1,325,164,395572,0.00035531257697530904,0.8622782293662575,0.4313167709716164
quota,31,5604,yang_harmfulness,,1,326,10180,164,0.022188507490991844,0.00035531257697530904,0.011271910033983576
quota,18,922,siren,,1,327,165,5370,0.00035749240873589376,0.011703516722579351,0.006030504565657622
quota,31,2657,yang_harmfulness,,1,328,18035,165,0.0393110859703848,0.00035749240873589376,0.019834289189560348
quota,0,9768,siren,,1,329,166,339756,0.0003596722404964785,0.7406087398174609,0.3704842060289787
quota,31,9175,yang_harmfulness,,1,330,18310,166,0.039910539704545604,0.0003596722404964785,0.02013510597252104
quota,23,9911,siren,,1,331,167,62069,0.0003618520722570632,0.13529779771597228,0.06782982489411467
quota,31,9071,yang_harmfulness,,1,332,249441,167,0.5437372343602521,0.0003618520722570632,0.2720495432162546
quota,27,1532,siren,,1,333,168,113929,0.0003640319040176479,0.24834387281989576,0.1243539523619567
quota,31,11640,yang_harmfulness,,1,334,315006,168,0.6866579037429891,0.0003640319040176479,0.3435109678235034
quota,24,3166,siren,,1,335,169,40877,0.00036621173577823263,0.08910280304566094,0.04473450739071959
quota,29,11650,yang_harmfulness,,1,336,348903,169,0.7605476609315293,0.00036621173577823263,0.38045693633365374
quota,28,10405,siren,,1,337,170,58879,0.00036839156753881735,0.12834413439970704,0.06435626298362293
quota,31,5082,yang_harmfulness,,1,338,36218,170,0.07894696687309674,0.00036839156753881735,0.03965767922031778
quota,5,1111,siren,,1,339,171,235105,0.00037057139929940207,0.5124871662405096,0.2564288688199045
quota,31,9818,yang_harmfulness,,1,340,25804,171,0.056246198918367483,0.00037057139929940207,0.02830838515883344
quota,26,7267,siren,,1,341,172,85966,0.0003727512310599868,0.1873892372986653,0.09388099426486264
quota,30,3727,yang_harmfulness,,1,342,8427,172,0.018367262414686836,0.0003727512310599868,0.009370006822873412
quota,0,4123,siren,,1,343,173,395841,0.0003749310628205715,0.8628646041098548,0.4316197675863377
quota,31,9114,yang_harmfulness,,1,344,12777,173,0.027849530573230356,0.0003749310628205715,0.014112230818025463
quota,22,526,siren,,1,345,174,56909,0.0003771108945811562,0.12404986583135513,0.062213488362968146
quota,31,12668,yang_harmfulness,,1,346,14610,174,0.031845162190382144,0.0003771108945811562,0.01611113654248165
quota,3,13772,siren,,1,347,175,260707,0.00037929072634174094,0.5682952189749995,0.2843372548506706
quota,31,1798,yang_harmfulness,,1,348,14338,175,0.0312522479515031,0.00037929072634174094,0.01581576933892242
quota,29,6982,siren,,1,349,176,1771,0.00038147055810232566,0.003858302216234951,0.0021198863871686384
quota,31,2646,yang_harmfulness,,1,350,27223,176,0.059339380186637196,0.00038147055810232566,0.02986042537236976
quota,1,4568,siren,,1,351,177,304474,0.0003836503898629104,0.6636999156405109,0.3320417830151869
quota,31,12584,yang_harmfulness,,1,352,16310,177,0.035550876183376164,0.0003836503898629104,0.017967263286619538
quota,30,3587,siren,,1,353,178,34571,0.0003858302216234951,0.0753567839634137,0.037871307092518604
quota,31,953,yang_harmfulness,,1,354,70633,178,0.15396587691361982,0.0003858302216234951,0.07717585356762166
quota,5,4148,siren,,1,355,179,165906,0.0003880100533840798,0.3616449882398077,0.18101649914659587
quota,31,4594,yang_harmfulness,,1,356,28696,179,0.06255027236997848,0.0003880100533840798,0.03146914121168128
quota,0,6129,siren,,1,357,180,377785,0.00039018988514466453,0.8235055618407371,0.41194787586294085
quota,31,11175,yang_harmfulness,,1,358,292541,180,0.6376879832414534,0.00039018988514466453,0.319039086563299
quota,20,9928,siren,,1,359,181,116988,0.00039236971690524925,0.2550119781755244,0.12770217394621483
quota,31,7693,yang_harmfulness,,1,360,16238,181,0.035393928296614065,0.00039236971690524925,0.017893149006759656
quota,26,4254,siren,,1,361,182,440574,0.00039454954866583396,0.960375018256091,0.4803847839023784
quota,30,7675,yang_harmfulness,,1,362,3371,182,0.0073460330331705,0.00039454954866583396,0.0038702912909181673
quota,4,2026,siren,,1,363,183,330156,0.0003967293804264187,0.7196823549158476,0.36003954214813705
quota,31,3084,yang_harmfulness,,1,364,2432,183,0.00529917100998145,0.0003967293804264187,0.0028479501952039343
quota,2,2661,siren,,1,365,184,44382,0.0003989092121870034,0.09674311336651037,0.04857101128934869
quota,30,13759,yang_harmfulness,,1,366,402854,184,0.8781517642468354,0.0003989092121870034,0.4392753367295112
quota,3,11000,siren,,1,367,185,417082,0.0004010890439475881,0.9091664105364348,0.45478374979019115
quota,30,8716,yang_harmfulness,,1,368,15170,185,0.03306586797630959,0.0004010890439475881,0.016733478510128588
quota,7,4136,siren,,1,369,186,270435,0.00040326887570817283,0.5895006223419677,0.2949519456088379
quota,31,3611,yang_harmfulness,,1,370,19877,186,0.043326336073381856,0.00040326887570817283,0.021864802474545014
quota,8,9966,siren,,1,371,187,361891,0.00040544870746875755,0.7888593158380036,0.39463238227273617
quota,31,1493,yang_harmfulness,,1,372,5220,187,0.011376541958491644,0.00040544870746875755,0.005890995332980201
quota,31,8410,siren,,1,373,188,666,0.00040762853922934227,0.0014495881207888376,0.00092860833000909
quota,31,7278,yang_harmfulness,,1,374,7850,188,0.017109499488829453,0.00040762853922934227,0.008758564014029397
quota,0,13838,siren,,1,375,189,435621,0.000409808370989927,0.9495783115459149,0.4749940599584524
quota,31,2775,yang_harmfulness,,1,376,278662,189,0.6074340982362981,0.000409808370989927,0.303921953303644
quota,5,11739,siren,,1,377,190,208336,0.0004119882027505117,0.45413524984141723,0.22727361902208387
quota,31,7706,yang_harmfulness,,1,378,223930,190,0.4881275463159753,0.0004119882027505117,0.24426976725936292
quota,14,7673,siren,,1,379,191,197246,0.0004141680345110964,0.4299609156165327,0.2151875418255219
quota,31,2213,yang_harmfulness,,1,380,230449,191,0.5023378695632271,0.0004141680345110964,0.2513760187988691
quota,26,11172,siren,,1,381,192,35163,0.00041634786627168114,0.07664724436567985,0.038531796115975764
quota,31,11084,yang_harmfulness,,1,382,32574,192,0.07100365993752603,0.00041634786627168114,0.03571000390189885
quota,6,12606,siren,,1,383,193,305200,0.00041852769803226586,0.6652824734986954,0.33285050059836385
quota,31,1506,yang_harmfulness,,1,384,4952,193,0.01079234704665494,0.00041852769803226586,0.005605437372343603
quota,13,2550,siren,,1,385,194,384909,0.0004207075297928506,0.8390346833031427,0.41972769541646776
quota,31,416,yang_harmfulness,,1,386,408069,194,0.8895195868782847,0.0004207075297928506,0.44497014720403877
quota,15,3816,siren,,1,387,195,5153,0.0004228873615534353,0.011230493230532467,0.005826690296042951
quota,31,3871,yang_harmfulness,,1,388,7527,195,0.016405413830160587,0.0004228873615534353,0.008414150595857012
quota,21,1832,siren,,1,389,196,641,0.00042506719331402,0.0013950923267742196,0.0009100797600441198
quota,31,3428,yang_harmfulness,,1,390,18732,196,0.040830428707512356,0.00042506719331402,0.020627747950413187
quota,0,846,siren,,1,391,197,373894,0.00042724702507460473,0.815023836460302,0.40772554174268827
quota,31,3104,yang_harmfulness,,1,392,456761,197,0.9956599549646759,0.00042724702507460473,0.4980436009948752
quota,3,2260,siren,,1,393,198,350646,0.00042942685683518945,0.7643471076902285,0.38238826727353187
quota,31,11652,yang_harmfulness,,1,394,10425,198,0.022722566272335102,0.00042942685683518945,0.011575996564585146
quota,11,5846,siren,,1,395,199,387290,0.00043160668859577417,0.8442248627250949,0.42232823470684533
quota,31,5617,yang_harmfulness,,1,396,7098,199,0.015470266004869743,0.00043160668859577417,0.00795093634673276
quota,5,110,siren,,1,397,200,193929,0.0004337865203563589,0.4227304136666732,0.21158210009351477
quota,31,12193,yang_harmfulness,,1,398,13444,200,0.029303478357540366,0.0004337865203563589,0.014868632438948362
quota,26,3049,siren,,1,399,201,194266,0.0004359663521169436,0.4234650169699903,0.21195049166105362
quota,31,3166,yang_harmfulness,,1,400,2812,201,0.006127507079003642,0.0004359663521169436,0.003281736715560293
quota,16,12478,siren,,1,401,202,22440,0.0004381461838775283,0.048913244875760487,0.02467569552981901
quota,31,1095,yang_harmfulness,,1,402,22960,202,0.05004675739126454,0.0004381461838775283,0.025242451787571035
quota,10,9064,siren,,1,403,203,297171,0.00044032601563811304,0.6477806042929607,0.3241104651542994
quota,31,10459,yang_harmfulness,,1,404,139526,203,0.30414102639558277,0.00044032601563811304,0.15229067620561043
quota,12,9114,siren,,1,405,204,41688,0.00044250584739869775,0.09087064660349514,0.04565657622544692
quota,31,11062,yang_harmfulness,,1,406,31899,204,0.06953227349913134,0.00044250584739869775,0.03498738967326502
quota,25,5296,siren,,1,407,205,107864,0.00044468567915928247,0.23512319319194944,0.11778393943555436
quota,31,9866,yang_harmfulness,,1,408,23113,205,0.050380271650634,0.00044468567915928247,0.025412478664896643
quota,9,5243,siren,,1,409,206,42884,0.0004468655109198672,0.09347772538915447,0.04696229545003717
quota,31,11817,yang_harmfulness,,1,410,18216,206,0.03970563551905064,0.0004468655109198672,0.020076250514985253
quota,0,3486,siren,,1,411,207,201908,0.0004490453426804519,0.44012329128437866,0.22028616831352957
quota,31,6069,yang_harmfulness,,1,412,22440,207,0.048913244875760487,0.0004490453426804519,0.024681145109220468
quota,5,4886,siren,,1,413,208,362684,0.0004512251744410366,0.7905879224241473,0.3955195737992942
quota,30,12387,yang_harmfulness,,1,414,36499,208,0.07955949959782103,0.0004512251744410366,0.04000536238613103
quota,17,4652,siren,,1,415,209,35873,0.00045340500620162134,0.078194924915695,0.039324164960948316
quota,31,4790,yang_harmfulness,,1,416,22268,209,0.048538313812939916,0.00045340500620162134,0.024495859409570768
quota,2,3174,siren,,1,417,210,45852,0.00045558483796220606,0.0999474660545699,0.050201525446266056
quota,31,12841,yang_harmfulness,,1,418,13426,210,0.02926424138584984,0.00045558483796220606,0.014859913111906023
quota,3,14192,siren,,1,419,211,365010,0.0004577646697227908,0.7956582110992674,0.3980579878844951
quota,30,1721,yang_harmfulness,,1,420,175095,211,0.3816754622878206,0.0004577646697227908,0.1910666134787717
quota,19,2017,siren,,1,421,212,15976,0.0004599445014833755,0.03482281237534087,0.017641378438412122
quota,31,10345,yang_harmfulness,,1,422,263693,212,0.5748041966121055,0.0004599445014833755,0.2876320705567944
quota,26,785,siren,,1,423,213,114126,0.0004621243332439602,0.24877329967673095,0.12461771200498746
quota,31,13691,yang_harmfulness,,1,424,84204,213,0.183548373736515,0.0004621243332439602,0.09200524903487949
quota,18,290,siren,,1,425,214,15559,0.00046430416500454493,0.03391382253117704,0.017189063348090793
quota,30,6894,yang_harmfulness,,1,426,9723,214,0.021192324376404628,0.00046430416500454493,0.010828314270704586
quota,0,11762,siren,,1,427,215,450907,0.00046648399676512965,0.9828992198382129,0.491682851917489
quota,31,289,yang_harmfulness,,1,428,13797,215,0.03007295896902677,0.00046648399676512965,0.015269721482895949
quota,23,3118,siren,,1,429,216,7392,0.00046866382852571437,0.01611113654248165,0.008289900185503683
quota,31,8118,yang_harmfulness,,1,430,11186,216,0.02438141824214007,0.00046866382852571437,0.012425041035332892
quota,24,5698,siren,,1,431,217,36746,0.0004708436602862991,0.08009791804268547,0.04028438085148588
quota,31,12423,yang_harmfulness,,1,432,33062,217,0.07206741783669136,0.0004708436602862991,0.03626913074848883
quota,27,1633,siren,,1,433,218,13781,0.0004730234920468838,0.030038081660857415,0.01525555257645215
quota,30,12016,yang_harmfulness,,1,434,1147,218,0.0024980871976300867,0.0004730234920468838,0.0014855553448384852
quota,5,3593,siren,,1,435,219,367185,0.0004752033238074685,0.8003993451785392,0.4004372742511733
quota,30,9457,yang_harmfulness,,1,436,10675,219,0.02326752421248128,0.0004752033238074685,0.011871363768144374
quota,28,12775,siren,,1,437,220,147406,0.00047738315556805324,0.32131810066899036,0.1608977419122792
quota,31,7906,yang_harmfulness,,1,438,296791,220,0.6469522682239385,0.00047738315556805324,0.32371482568975324
quota,1,1306,siren,,1,439,221,14412,0.00047956298732863796,0.03141355550178637,0.015946559244557505
quota,30,7872,yang_harmfulness,,1,440,14978,221,0.03264734027827732,0.00047956298732863796,0.01656345163280298
quota,26,5956,siren,,1,441,222,450405,0.0004817428190892227,0.9818049442943994,0.49114334355674427
quota,31,2756,yang_harmfulness,,1,442,4458,222,0.009715510156926089,0.0004817428190892227,0.005098626488007655
quota,0,13539,siren,,1,443,223,286010,0.0004839226508498074,0.6234515020130746,0.31196771233196224
quota,31,8652,yang_harmfulness,,1,444,12151,223,0.026484955891104323,0.0004839226508498074,0.013484439270977065
quota,3,13775,siren,,1,445,224,308082,0.0004861024826103921,0.6715647486327005,0.33602542555765547
quota,31,1834,yang_harmfulness,,1,446,14493,224,0.03159012187439374,0.0004861024826103921,0.016038112178502064
quota,22,11622,siren,,1,447,225,153816,0.0004882823143709769,0.3352908222543384,0.1678895522843547
quota,30,5542,yang_harmfulness,,1,448,8809,225,0.019199958147230196,0.0004882823143709769,0.009844120230800587
quota,30,13587,siren,,1,449,226,2007,0.0004904621461315616,0.004372742511732945,0.002431602328932253
quota,31,5230,yang_harmfulness,,1,450,5248,226,0.011437577247788015,0.0004904621461315616,0.005964019696959789
quota,5,9839,siren,,1,451,227,317743,0.0004926419778921463,0.6926241032717095,0.3465583726248008
quota,31,2474,yang_harmfulness,,1,452,58697,227,0.12794740501928062,0.0004926419778921463,0.06422002349858638
quota,31,3557,siren,,1,453,228,1278,0.000494821809652731,0.002783645158266685,0.001639233483959708
quota,31,1739,yang_harmfulness,,1,454,405519,228,0.8839610158887937,0.000494821809652731,0.44222791884922324
quota,29,11005,siren,,1,455,229,3913,0.0004970016414133158,0.008527501847407417,0.004512251744410366
quota,31,8984,yang_harmfulness,,1,456,19095,229,0.04162170763660461,0.0004970016414133158,0.021059354639008963
quota,0,11793,siren,,1,457,230,314465,0.0004991814731739005,0.6854786147605127,0.3429888981168433
quota,31,7517,yang_harmfulness,,1,458,247773,230,0.5401012749835967,0.0004991814731739005,0.2703002282283853
quota,26,6480,siren,,1,459,231,204027,0.0005013613049344852,0.4447423547850577,0.2226218580449961
