variant,layer,neuron_index,rank_siren,rank_yang_harmfulness,percentile_siren,percentile_yang_harmfulness,consensus_score,n_methods_at_N,methods_that_selected_it_at_N,selection_rank
rank_consensus,31,14201,56,11,0.00011989074683215949,2.179831760584718e-05,7.084453221900334e-05,2,siren;yang_harmfulness,1
rank_consensus,31,12950,32,94,6.757478457812626e-05,0.00020272435373437878,0.00013514956915625253,2,siren;yang_harmfulness,2
rank_consensus,31,2207,271,45,0.0005885545753578739,9.59125974657276e-05,0.00034223358641180074,2,siren;yang_harmfulness,3
rank_consensus,31,9326,314,240,0.0006822873410630168,0.0005209797907797476,0.0006016335659213822,2,siren;yang_harmfulness,4
rank_consensus,30,6156,130,447,0.00028119829711542864,0.0009722049652207842,0.0006267016311681064,2,siren;yang_harmfulness,5
rank_consensus,30,3786,457,142,0.0009940032828266315,0.00030735627824244525,0.0006506797805345384,2,siren;yang_harmfulness,6
rank_consensus,29,254,663,131,0.0014430486255070834,0.00028337812887601336,0.0008632133771915483,1,yang_harmfulness,7
rank_consensus,30,3903,550,264,0.0011967276365610101,0.0005732957530337809,0.0008850116947973955,1,yang_harmfulness,8
rank_consensus,21,1832,196,641,0.00042506719331402,0.0013950923267742196,0.0009100797600441198,1,siren,9
rank_consensus,27,11330,268,571,0.0005820150800761197,0.0012425041035332893,0.0009122595918047045,1,siren,10
rank_consensus,31,8410,188,666,0.00040762853922934227,0.0014495881207888376,0.00092860833000909,1,siren,11
rank_consensus,30,13226,596,323,0.0012969998975479072,0.0007019058269082792,0.0009994528622280932,1,yang_harmfulness,12
rank_consensus,22,8514,123,808,0.0002659394747913356,0.0017591242307918675,0.0010125318527916015,1,siren,13
rank_consensus,14,3917,146,806,0.0003160756052847841,0.001754764567270698,0.001035420086277741,1,siren,14
rank_consensus,29,7349,391,569,0.00085013438662804,0.0012381444400121199,0.00104413941332008,1,siren,15
rank_consensus,31,14027,921,60,0.0020054452197379407,0.00012861007387449837,0.0010670276468062196,1,yang_harmfulness,16
rank_consensus,10,1084,57,928,0.00012207057859274422,0.0020207040420620334,0.0010713873103273888,1,siren,17
rank_consensus,30,12484,830,261,0.0018070805295247313,0.0005667562577520267,0.001186918393638379,1,yang_harmfulness,18
rank_consensus,31,507,845,250,0.001839778005933502,0.0005427781083855948,0.0011912780571595484,1,yang_harmfulness,19
rank_consensus,31,9825,1173,6,0.0025547628234052896,1.089915880292359e-05,0.0012828309911041065,1,yang_harmfulness,20
rank_consensus,31,5540,887,359,0.0019313309398780601,0.0007803797702893291,0.0013558553550836946,1,yang_harmfulness,21
rank_consensus,31,6575,962,380,0.002094818321921914,0.0008261562372616081,0.001460487279591761,1,yang_harmfulness,22
rank_consensus,30,12016,1147,218,0.0024980871976300867,0.0004730234920468838,0.0014855553448384852,1,yang_harmfulness,23
rank_consensus,31,2836,1033,332,0.002249586376923429,0.0007215243127535417,0.0014855553448384854,1,yang_harmfulness,24
rank_consensus,31,6109,1210,237,0.002635416598546924,0.0005144402954979935,0.0015749284470224587,1,yang_harmfulness,25
rank_consensus,27,2170,28,1431,5.8855457535787386e-05,0.003117159417636147,0.0015880074375859672,1,siren,26
rank_consensus,31,3557,228,1278,0.000494821809652731,0.002783645158266685,0.001639233483959708,1,siren,27
rank_consensus,31,11581,1427,133,0.003108440090593808,0.0002877377923971828,0.0016980889414954954,1,yang_harmfulness,28
rank_consensus,31,9658,1319,249,0.0028730182604506586,0.0005405982766250101,0.0017068082685378343,1,yang_harmfulness,29
rank_consensus,30,12185,1639,93,0.0035705644238377683,0.00020054452197379406,0.0018855544729057812,1,yang_harmfulness,30
rank_consensus,31,287,1466,285,0.003193453529256612,0.0006190722200060599,0.0019062628746313358,1,yang_harmfulness,31
rank_consensus,30,1130,1818,68,0.003960754308982433,0.00014604872795917612,0.0020534015184708043,1,yang_harmfulness,32
rank_consensus,30,6897,78,1809,0.0001678470455650233,0.0039411358231371705,0.002054491434351097,1,siren,33
rank_consensus,30,7146,1861,63,0.004054487074687575,0.00013514956915625253,0.002094818321921914,1,yang_harmfulness,34
rank_consensus,29,6982,176,1771,0.00038147055810232566,0.003858302216234951,0.0021198863871686384,1,siren,35
rank_consensus,31,3607,1607,361,0.0035008098074990573,0.0007847394338104985,0.002142774620654778,1,yang_harmfulness,36
rank_consensus,31,11488,1950,56,0.004248492101379615,0.00011989074683215949,0.0021841914241058874,1,yang_harmfulness,37
rank_consensus,31,3409,2013,4,0.0043858215022964525,6.539495281754154e-06,0.002196180498789103,1,yang_harmfulness,38
rank_consensus,31,2954,1914,156,0.004170018157998566,0.0003378739228906313,0.0022539460404445984,1,yang_harmfulness,39
rank_consensus,26,2776,95,2035,0.0002049041854949635,0.0044337778010293165,0.00231934099326214,1,siren,40
rank_consensus,30,3695,368,1773,0.0007999982561345915,0.0038626618797561203,0.002331330067945356,1,siren,41
rank_consensus,30,13587,226,2007,0.0004904621461315616,0.004372742511732945,0.002431602328932253,1,siren,42
rank_consensus,31,5542,101,2221,0.0002179831760584718,0.004839226508498074,0.002528604842278273,1,siren,43
rank_consensus,31,8583,2079,251,0.0045296903984950445,0.0005449579401461795,0.002537324169320612,1,yang_harmfulness,44
rank_consensus,31,2012,2307,113,0.00502669203990836,0.00024414115718548844,0.002635416598546924,1,yang_harmfulness,45
rank_consensus,11,4258,55,2409,0.00011771091507157477,0.005249034879488001,0.002683372897279788,1,siren,46
rank_consensus,31,3646,2367,152,0.005157481945543443,0.00032915459584829243,0.002743318270695868,1,yang_harmfulness,47
rank_consensus,31,13833,2273,297,0.0049525777600484796,0.0006452302011330766,0.002798903980590778,1,yang_harmfulness,48
rank_consensus,31,12222,2241,336,0.004882823143709769,0.0007302436397958805,0.0028065333917528246,1,yang_harmfulness,49
rank_consensus,31,10973,2497,95,0.005440860074419456,0.0002049041854949635,0.00282288212995721,1,yang_harmfulness,50
rank_consensus,31,3084,2432,183,0.00529917100998145,0.0003967293804264187,0.0028479501952039343,1,yang_harmfulness,51
rank_consensus,31,3769,2684,35,0.005848488613648798,7.411427985988042e-05,0.002961301446754339,1,yang_harmfulness,52
rank_consensus,31,10492,2461,288,0.005362386131038406,0.0006256117152878141,0.00299399892316311,1,yang_harmfulness,53
rank_consensus,30,742,2509,282,0.0054670180555464725,0.0006125327247243058,0.003039775390135389,1,yang_harmfulness,54
rank_consensus,12,10867,297,2624,0.0006452302011330766,0.005717698708013716,0.003181464454573396,1,siren,55
rank_consensus,26,5062,357,2609,0.0007760201067681596,0.005685001231604945,0.0032305106691865523,1,siren,56
rank_consensus,31,3166,2812,201,0.006127507079003642,0.0004359663521169436,0.003281736715560293,1,yang_harmfulness,57
rank_consensus,31,3396,390,2631,0.0008479545548674553,0.005732957530337809,0.003290456042602632,1,siren,58
rank_consensus,31,11695,2964,102,0.00645884150661252,0.00022016300781905652,0.0033395022572157884,1,yang_harmfulness,59
rank_consensus,31,3840,2934,280,0.006393446553794978,0.0006081730612031364,0.0035008098074990573,1,yang_harmfulness,60
rank_consensus,31,8053,3176,126,0.00692096583985648,0.00027247897007308977,0.003596722404964785,1,yang_harmfulness,61
rank_consensus,31,12525,3292,77,0.0071738263240843075,0.00016566721380443857,0.0036697467689443732,1,yang_harmfulness,62
rank_consensus,14,1559,100,3361,0.00021580334429788708,0.0073242347155646524,0.0037700190299312696,1,siren,63
rank_consensus,31,5371,3440,21,0.007496441424650845,4.359663521169436e-05,0.00377001902993127,1,yang_harmfulness,64
rank_consensus,31,12913,3467,2,0.007555296882186633,2.179831760584718e-06,0.003778738356973609,1,yang_harmfulness,65
rank_consensus,15,3580,54,3476,0.00011553108331099005,0.0075749153680318955,0.003845223225671443,1,siren,66
rank_consensus,30,7675,3371,182,0.0073460330331705,0.00039454954866583396,0.0038702912909181673,1,yang_harmfulness,67
rank_consensus,31,11638,3497,124,0.007620691835004174,0.00026811930655192034,0.003944405570778047,1,yang_harmfulness,68
rank_consensus,31,12591,3695,28,0.00805229852359995,5.8855457535787386e-05,0.004055576990567868,1,yang_harmfulness,69
rank_consensus,13,7787,144,3610,0.0003117159417636147,0.007867012823950248,0.004089364382856931,1,siren,70
rank_consensus,31,8112,3351,425,0.0073024363979588055,0.0009242486664879204,0.004113342532223363,1,yang_harmfulness,71
rank_consensus,19,1399,312,3515,0.0006779276775418473,0.0076599288066947,0.004168928242118274,1,siren,72
rank_consensus,30,6159,3638,348,0.00792804811324662,0.0007564016209228972,0.004342224867084759,1,yang_harmfulness,73
rank_consensus,31,714,3955,64,0.008619054781351975,0.00013732940091683724,0.004378192091134406,1,yang_harmfulness,74
rank_consensus,28,2807,29,3994,6.103528929637211e-05,0.00870406822001478,0.004382551754655576,1,siren,75
rank_consensus,29,11005,229,3913,0.0004970016414133158,0.008527501847407417,0.004512251744410366,1,siren,76
rank_consensus,31,13076,4318,32,0.009410333710444228,6.757478457812626e-05,0.004738954247511177,1,yang_harmfulness,77
rank_consensus,31,14276,4373,15,0.009530224457276387,3.0517644648186055e-05,0.004780371050962287,1,yang_harmfulness,78
rank_consensus,21,23,22,4433,4.577646697227908e-05,0.00966101436291147,0.004853395414941875,1,siren,79
rank_consensus,30,6623,4204,267,0.00916183288973757,0.000579835248315535,0.004870834069026553,1,yang_harmfulness,80
rank_consensus,31,8300,4095,413,0.008924231227833836,0.0008980906853609038,0.00491116095659737,1,yang_harmfulness,81
rank_consensus,31,14107,4150,381,0.009044121974665996,0.0008283360690221928,0.0049362290218440946,1,yang_harmfulness,82
rank_consensus,31,13774,4234,349,0.009227227842555112,0.0007585814526834819,0.004992904647619297,1,yang_harmfulness,83
rank_consensus,31,2756,4458,222,0.009715510156926089,0.0004817428190892227,0.005098626488007655,1,yang_harmfulness,84
rank_consensus,31,3685,4429,265,0.009652295035869132,0.0005754755847943656,0.005113885310331749,1,yang_harmfulness,85
rank_consensus,30,12446,4642,74,0.010116599200873676,0.00015912771852268442,0.00513786345969818,1,yang_harmfulness,86
rank_consensus,30,10431,4570,294,0.009959651314111577,0.0006386907058513224,0.00529917100998145,1,yang_harmfulness,87
rank_consensus,31,9692,4870,9,0.010613600842286993,1.7438654084677745e-05,0.005315519748185836,1,yang_harmfulness,88
rank_consensus,16,11992,106,4916,0.0002288823348613954,0.01071387310327389,0.005471377719067643,1,siren,89
rank_consensus,31,4358,4764,284,0.010382538675665012,0.0006168923882454752,0.005499715531955243,1,yang_harmfulness,90
rank_consensus,31,260,4975,96,0.010842483177148388,0.0002070840172555482,0.005524783597201968,1,yang_harmfulness,91
rank_consensus,31,1506,4952,193,0.01079234704665494,0.00041852769803226586,0.005605437372343603,1,yang_harmfulness,92
rank_consensus,30,1171,5049,117,0.011003790727431656,0.0002528604842278273,0.005628325605829741,1,yang_harmfulness,93
rank_consensus,31,2268,5164,162,0.011254471379898899,0.0003509529134541396,0.00580271214667652,1,yang_harmfulness,94
rank_consensus,15,3816,195,5153,0.0004228873615534353,0.011230493230532467,0.005826690296042951,1,siren,95
rank_consensus,31,1493,5220,187,0.011376541958491644,0.00040544870746875755,0.005890995332980201,1,yang_harmfulness,96
rank_consensus,31,8350,5377,86,0.011718775544903444,0.00018528569964970103,0.005952030622276573,1,yang_harmfulness,97
rank_consensus,31,13801,5354,112,0.011668639414409996,0.0002419613254249037,0.005955300369917449,1,yang_harmfulness,98
rank_consensus,27,1253,69,5402,0.00014822855971976083,0.011773271338918062,0.005960749949318911,1,siren,99
rank_consensus,31,5230,5248,226,0.011437577247788015,0.0004904621461315616,0.005964019696959789,1,yang_harmfulness,100
rank_consensus,18,922,165,5370,0.00035749240873589376,0.011703516722579351,0.006030504565657622,1,siren,101
rank_consensus,22,5031,73,5556,0.0001569478867620997,0.01210896543004811,0.006132956658405105,1,siren,102
rank_consensus,16,14185,154,5500,0.00033351425936946187,0.011986894851455364,0.006160204555412413,1,siren,103
rank_consensus,31,8154,5721,3,0.012468637670544588,4.359663521169436e-06,0.006236498667032879,1,yang_harmfulness,104
rank_consensus,31,6657,5748,52,0.012527493128080375,0.00011117141978982062,0.006319332273935098,1,yang_harmfulness,105
rank_consensus,31,1286,5432,371,0.011838666291735604,0.0008065377514163457,0.006322602021575975,1,yang_harmfulness,106
rank_consensus,30,4438,5445,386,0.011867004104623205,0.0008392352278251164,0.006353119666224161,1,yang_harmfulness,107
rank_consensus,31,9587,5824,110,0.012693160341884814,0.00023760166190373426,0.006465381001894274,1,yang_harmfulness,108
rank_consensus,31,1678,5800,326,0.01264084437963078,0.0007084453221900334,0.006674644850910407,1,yang_harmfulness,109
rank_consensus,31,4661,6112,66,0.013320951888933213,0.00014168906443800668,0.00673132047668561,1,yang_harmfulness,110
rank_consensus,30,5526,5868,418,0.01278907293935054,0.0009089898441638274,0.006849031391757184,1,yang_harmfulness,111
rank_consensus,31,10408,6059,246,0.013205420805622222,0.000534058781343256,0.006869739793482739,1,yang_harmfulness,112
rank_consensus,31,12358,6239,78,0.013597790522527471,0.0001678470455650233,0.006882818784046247,1,yang_harmfulness,113
rank_consensus,31,9416,6442,31,0.014040296369926169,6.539495281754155e-05,0.007052845661371855,1,yang_harmfulness,114
rank_consensus,31,3811,6493,43,0.01415146778971599,9.155293394455816e-05,0.007121510361830274,1,yang_harmfulness,115
rank_consensus,16,9600,446,6099,0.0009700251334601995,0.01329261407604561,0.0071313196047529046,1,siren,116
rank_consensus,30,12150,6425,144,0.01400323922999623,0.0003117159417636147,0.007157477585879922,1,yang_harmfulness,117
rank_consensus,29,9571,30,6628,6.321512105695683e-05,0.014445745077394927,0.0072544800992259415,1,siren,118
rank_consensus,9,5767,396,6276,0.0008610335454309636,0.013678444297669106,0.007269738921550035,1,siren,119
rank_consensus,31,3261,6317,360,0.01376781739985308,0.0007825596020499138,0.007275188500951497,1,yang_harmfulness,120
rank_consensus,31,8359,6646,83,0.014484982049085451,0.00017874620436794688,0.007331864126726699,1,yang_harmfulness,121
rank_consensus,31,8382,6722,22,0.01465064926288989,4.577646697227908e-05,0.007348212864931085,1,yang_harmfulness,122
rank_consensus,31,3616,6874,99,0.014981983690498767,0.00021362351253730236,0.007597803601518034,1,yang_harmfulness,123
rank_consensus,31,6772,6619,400,0.014426126591549664,0.0008697528724733025,0.007647939732011484,1,yang_harmfulness,124
rank_consensus,31,10834,7080,49,0.015431029033179219,0.00010463192450806646,0.0077678304788436426,1,yang_harmfulness,125
rank_consensus,31,5617,7098,199,0.015470266004869743,0.00043160668859577417,0.00795093634673276,1,yang_harmfulness,126
rank_consensus,23,3118,216,7392,0.00046866382852571437,0.01611113654248165,0.008289900185503683,1,siren,127
rank_consensus,31,3871,7527,195,0.016405413830160587,0.0004228873615534353,0.008414150595857012,1,yang_harmfulness,128
rank_consensus,24,9648,269,7490,0.0005841949118367045,0.016324760055018955,0.00845447748342783,1,siren,129
rank_consensus,31,3387,7775,25,0.016946012106785598,5.231596225403323e-05,0.008499164034519816,1,yang_harmfulness,130
rank_consensus,31,5850,7502,306,0.01635091803614597,0.000664848686978339,0.008507883361562154,1,yang_harmfulness,131
rank_consensus,13,13879,98,7815,0.00021144368077671765,0.017033205377208985,0.008622324528992852,1,siren,132
rank_consensus,31,7278,7850,188,0.017109499488829453,0.00040762853922934227,0.008758564014029397,1,yang_harmfulness,133
rank_consensus,31,7598,7700,345,0.016782524724741746,0.000749862125641143,0.008766193425191445,1,yang_harmfulness,134
rank_consensus,10,4789,11,8169,2.179831760584718e-05,0.017804865820455977,0.008913332069030912,1,siren,135
rank_consensus,31,12814,8198,79,0.017868080941512935,0.000170026877325608,0.009019053909419272,1,yang_harmfulness,136
rank_consensus,31,4046,8223,111,0.01792257673552755,0.00023978149366431898,0.009081179114595935,1,yang_harmfulness,137
rank_consensus,30,5948,8135,377,0.017730751540596095,0.000819616741979854,0.009275184141287975,1,yang_harmfulness,138
rank_consensus,31,9445,8121,443,0.017700233895947912,0.0009634856381784453,0.009331859767063178,1,yang_harmfulness,139
rank_consensus,30,3727,8427,172,0.018367262414686836,0.0003727512310599868,0.009370006822873412,1,yang_harmfulness,140
rank_consensus,31,4179,8539,160,0.018611403571872322,0.0003465932499329702,0.009478998410902646,1,yang_harmfulness,141
rank_consensus,31,3444,8347,363,0.018192875873840057,0.0007890990973316679,0.009490987485585863,1,yang_harmfulness,142
rank_consensus,27,13333,361,8363,0.0007847394338104985,0.018227753182009414,0.009506246307909956,1,siren,143
rank_consensus,29,3490,8510,252,0.018548188450815364,0.0005471377719067643,0.009547663111361064,1,yang_harmfulness,144
rank_consensus,31,2266,8662,123,0.018879522878424242,0.0002659394747913356,0.009572731176607788,1,yang_harmfulness,145
rank_consensus,31,3474,8492,328,0.01850895147912484,0.0007128049857112028,0.009610878232418022,1,yang_harmfulness,146
rank_consensus,31,5021,8807,143,0.01919559848370903,0.00030953611000302997,0.00975256729685603,1,yang_harmfulness,147
rank_consensus,31,5144,8905,97,0.01940922199624633,0.00020926384901613293,0.009809242922631231,1,yang_harmfulness,148
rank_consensus,30,2762,8681,322,0.018920939681875353,0.0006997259951476945,0.009810332838511524,1,yang_harmfulness,149
rank_consensus,30,5542,8809,225,0.019199958147230196,0.0004882823143709769,0.009844120230800587,1,yang_harmfulness,150
rank_consensus,29,4918,8769,281,0.01911276487680681,0.0006103528929637211,0.009861558884885265,1,yang_harmfulness,151
rank_consensus,31,11808,9000,61,0.019616306013501877,0.0001307899056350831,0.00987354795956848,1,yang_harmfulness,152
rank_consensus,14,5718,278,8814,0.0006038133976819669,0.01921085730603312,0.009907335351857543,1,siren,153
rank_consensus,31,8732,8763,384,0.0190996858862433,0.000834875564303947,0.009967280725273623,1,yang_harmfulness,154
rank_consensus,31,8990,8922,266,0.01944627913617627,0.0005776554165549503,0.01001196727636561,1,yang_harmfulness,155
rank_consensus,26,8842,436,8918,0.0009482268158543523,0.01943755980913393,0.010192893312494141,1,siren,156
rank_consensus,31,7673,9461,155,0.020621208455131435,0.0003356940911300466,0.01047845127313074,1,yang_harmfulness,157
rank_consensus,31,13115,9298,404,0.020265895878156123,0.0008784721995156414,0.010572184038835883,1,yang_harmfulness,158
rank_consensus,12,5006,158,9587,0.00034223358641180074,0.020895867256965107,0.010619050421688455,1,siren,159
rank_consensus,31,5253,9689,75,0.02111821009654475,0.00016130755028326914,0.01063975882341401,1,yang_harmfulness,160
rank_consensus,30,10139,9459,333,0.020616848791610264,0.0007237041445141264,0.010670276468062194,1,yang_harmfulness,161
rank_consensus,31,1654,9622,235,0.02097216136858557,0.0005100806319768241,0.010741121000281198,1,yang_harmfulness,162
rank_consensus,30,6894,9723,214,0.021192324376404628,0.00046430416500454493,0.010828314270704586,1,yang_harmfulness,163
rank_consensus,19,14292,362,9898,0.0007869192655710832,0.021573794934506955,0.011180357100039019,1,siren,164
rank_consensus,31,5604,10180,164,0.022188507490991844,0.00035531257697530904,0.011271910033983576,1,yang_harmfulness,165
rank_consensus,31,4261,10095,311,0.022003221791342144,0.0006757478457812626,0.011339484818561703,1,yang_harmfulness,166
rank_consensus,31,4577,10380,37,0.02262447384310879,7.847394338104985e-05,0.01135147389324492,1,yang_harmfulness,167
rank_consensus,30,3364,10062,387,0.021931287343242848,0.0008414150595857012,0.011386351201414275,1,yang_harmfulness,168
rank_consensus,28,7903,10296,301,0.022441367975219673,0.0006539495281754154,0.011547658751697543,1,yang_harmfulness,169
rank_consensus,31,11652,10425,198,0.022722566272335102,0.00042942685683518945,0.011575996564585146,1,yang_harmfulness,170
rank_consensus,31,12863,10559,136,0.023014663728253452,0.00029427728767893695,0.011654470507966194,1,yang_harmfulness,171
rank_consensus,31,6588,10290,423,0.022428288984656163,0.000919889002966751,0.011674088993811458,1,yang_harmfulness,172
rank_consensus,31,8959,10470,244,0.022820658701561414,0.0005296991178220865,0.01167517890969175,1,yang_harmfulness,173
rank_consensus,31,13909,10604,260,0.023112756157479767,0.000564576425991442,0.011838666291735604,1,yang_harmfulness,174
rank_consensus,30,9457,10675,219,0.02326752421248128,0.0004752033238074685,0.011871363768144374,1,yang_harmfulness,175
rank_consensus,31,10948,10711,268,0.02334599815586233,0.0005820150800761197,0.011964006617969225,1,yang_harmfulness,176
rank_consensus,26,2616,290,10708,0.0006299713788089835,0.023339458660580577,0.01198471501969478,1,siren,177
rank_consensus,31,3930,10737,415,0.023402673781637535,0.0009024503488820732,0.012152562065259803,1,yang_harmfulness,178
rank_consensus,31,8607,10799,393,0.023537823350793786,0.0008544940501492095,0.012196158700471497,1,yang_harmfulness,179
rank_consensus,31,6159,10778,429,0.023492046883821508,0.0009329679935302593,0.012212507438675883,1,yang_harmfulness,180
rank_consensus,31,11079,11294,39,0.024616840072283222,8.283360690221929e-05,0.012349836839592721,1,yang_harmfulness,181
rank_consensus,31,3175,11312,44,0.024656077043973747,9.373276570514288e-05,0.012374904904839445,1,yang_harmfulness,182
rank_consensus,30,10725,11133,242,0.02426588715882908,0.0005253394543009171,0.012395613306564999,1,yang_harmfulness,183
rank_consensus,31,8118,11186,216,0.02438141824214007,0.00046866382852571437,0.012425041035332892,1,yang_harmfulness,184
rank_consensus,31,3759,11273,130,0.02457106360531094,0.00028119829711542864,0.012426130951213185,1,yang_harmfulness,185
rank_consensus,31,1395,11335,90,0.024706213174467195,0.0001940050266920399,0.012450109100579618,1,yang_harmfulness,186
rank_consensus,31,9261,11230,238,0.0244773308396058,0.0005166201272585782,0.012496975483432189,1,yang_harmfulness,187
rank_consensus,30,1797,11266,279,0.02455580478298685,0.0006059932294425516,0.0125808990062147,1,yang_harmfulness,188
rank_consensus,23,971,366,11325,0.0007956385926134221,0.024684414856861348,0.012740026724737384,1,siren,189
rank_consensus,29,7425,337,11388,0.0007324234715564653,0.024821744257778184,0.012777083864667325,1,siren,190
rank_consensus,31,11541,12068,100,0.026304029854975795,0.00021580334429788708,0.01325991659963684,1,yang_harmfulness,191
rank_consensus,30,1595,319,11864,0.0006931864998659403,0.02585934417581651,0.013276265337841224,1,siren,192
rank_consensus,31,11208,11840,434,0.025807028213562476,0.0009438671523331829,0.013375447682947829,1,yang_harmfulness,193
rank_consensus,30,8726,12169,135,0.026524192862794848,0.00029209745591835223,0.0134081451593566,1,yang_harmfulness,194
rank_consensus,31,8652,12151,223,0.026484955891104323,0.0004839226508498074,0.013484439270977065,1,yang_harmfulness,195
rank_consensus,31,1324,12433,19,0.027099668447589216,3.9236971690524926e-05,0.01356945270963987,1,yang_harmfulness,196
rank_consensus,31,13869,12416,71,0.027062611307659273,0.00015258822324093027,0.013607599765450102,1,yang_harmfulness,197
rank_consensus,31,7450,12594,7,0.027450621361043356,1.3078990563508308e-05,0.013731850175803433,1,yang_harmfulness,198
rank_consensus,31,6467,12556,80,0.027367787754141136,0.00017220670908619273,0.013769997231613665,1,yang_harmfulness,199
rank_consensus,30,2792,12787,27,0.027871328890836204,5.667562577520267e-05,0.013964002258305703,1,yang_harmfulness,200
rank_consensus,31,9114,12777,173,0.027849530573230356,0.0003749310628205715,0.014112230818025463,1,yang_harmfulness,201
rank_consensus,31,8937,13038,12,0.028418466662742968,2.39781493664319e-05,0.0142212224060547,1,yang_harmfulness,202
rank_consensus,31,12529,12958,134,0.028244080121896192,0.0002899176241577675,0.01426699887302698,1,yang_harmfulness,203
rank_consensus,30,635,12998,137,0.02833127339231958,0.00029645711943952167,0.01431386525587955,1,yang_harmfulness,204
rank_consensus,31,6072,13095,140,0.0285427170730963,0.0003029966147212758,0.014422856843908788,1,yang_harmfulness,205
rank_consensus,31,7416,13290,30,0.028967784266410317,6.321512105695683e-05,0.014515499693733638,1,yang_harmfulness,206
rank_consensus,31,3540,13210,141,0.02879339772556354,0.00030517644648186054,0.0145492870860227,1,yang_harmfulness,207
rank_consensus,31,850,13351,23,0.029100754003805986,4.79562987328638e-05,0.014574355151269425,1,yang_harmfulness,208
rank_consensus,30,9247,13090,287,0.028531817914293375,0.0006234318835272294,0.014577624898910301,1,yang_harmfulness,209
rank_consensus,31,1000,13251,248,0.028882770827747515,0.0005384184448644254,0.01471059463630597,1,yang_harmfulness,210
rank_consensus,31,12119,13463,40,0.029344895160991476,8.5013438662804e-05,0.01471495429982714,1,yang_harmfulness,211
rank_consensus,31,12323,13115,414,0.028586313708307994,0.0009002705171214885,0.014743292112714742,1,yang_harmfulness,212
rank_consensus,31,12841,13426,210,0.02926424138584984,0.00045558483796220606,0.014859913111906023,1,yang_harmfulness,213
rank_consensus,31,12193,13444,200,0.029303478357540366,0.0004337865203563589,0.014868632438948362,1,yang_harmfulness,214
rank_consensus,31,11057,429,13257,0.0009329679935302593,0.028895849818311024,0.014914408905920641,1,siren,215
rank_consensus,26,2128,76,13763,0.00016348738204385386,0.02999884468916689,0.015081166035605373,1,siren,216
rank_consensus,31,3630,13719,147,0.029902932091701164,0.00031825543704536884,0.015110593764373266,1,yang_harmfulness,217
rank_consensus,31,6761,13697,298,0.029854975792968298,0.0006474100328936613,0.01525119291293098,1,yang_harmfulness,218
rank_consensus,27,1633,218,13781,0.0004730234920468838,0.030038081660857415,0.01525555257645215,1,siren,219
rank_consensus,30,1795,13593,411,0.029628273289867488,0.0008937310218397344,0.01526100215585361,1,yang_harmfulness,220
rank_consensus,29,11082,75,13931,0.00016130755028326914,0.030365056424945122,0.015263181987614196,1,siren,221
rank_consensus,31,289,13797,215,0.03007295896902677,0.00046648399676512965,0.015269721482895949,1,yang_harmfulness,222
rank_consensus,31,12973,13582,446,0.029604295140501054,0.0009700251334601995,0.015287160136980628,1,yang_harmfulness,223
rank_consensus,30,5905,13745,312,0.029959607717476366,0.0006779276775418473,0.015318767697509107,1,yang_harmfulness,224
rank_consensus,31,7844,13950,331,0.030406473228396232,0.000719344480992957,0.015562908854694595,1,yang_harmfulness,225
rank_consensus,31,11314,14261,107,0.03108440090593808,0.0002310621666219801,0.01565773153628003,1,yang_harmfulness,226
rank_consensus,31,9047,14143,366,0.030827180758189084,0.0007956385926134221,0.015811409675401254,1,yang_harmfulness,227
rank_consensus,31,1798,14338,175,0.0312522479515031,0.00037929072634174094,0.01581576933892242,1,yang_harmfulness,228
rank_consensus,1,1306,221,14412,0.00047956298732863796,0.03141355550178637,0.015946559244557505,1,siren,229
rank_consensus,28,8985,425,14252,0.0009242486664879204,0.031064782420092817,0.01599451554329037,1,siren,230
rank_consensus,31,1834,14493,224,0.03159012187439374,0.0004861024826103921,0.016038112178502064,1,yang_harmfulness,231
rank_consensus,27,2165,315,14410,0.0006844671728236015,0.0314091958382652,0.016046831505544402,1,siren,232
rank_consensus,31,6432,14750,14,0.032150338636864007,2.8337812887601334e-05,0.016089338224875804,1,yang_harmfulness,233
rank_consensus,19,8298,63,14709,0.00013514956915625253,0.03206096553468003,0.016098057551918142,1,siren,234
rank_consensus,31,12668,14610,174,0.031845162190382144,0.0003771108945811562,0.01611113654248165,1,yang_harmfulness,235
rank_consensus,31,3828,14766,58,0.03218521594503336,0.00012425041035332894,0.016154733177693344,1,yang_harmfulness,236
rank_consensus,31,345,14456,440,0.0315094680992521,0.0009569461428966912,0.016233207121074393,1,yang_harmfulness,237
rank_consensus,31,7873,14903,34,0.03248385289623347,7.19344480992957e-05,0.016277893672166383,1,yang_harmfulness,238
rank_consensus,31,12004,15091,5,0.032893661267223394,8.719327042338873e-06,0.016451190297132868,1,yang_harmfulness,239
rank_consensus,30,7872,14978,221,0.03264734027827732,0.00047956298732863796,0.01656345163280298,1,yang_harmfulness,240
rank_consensus,31,2305,15302,41,0.03335360576870677,8.719327042338872e-05,0.016720399519565082,1,yang_harmfulness,241
rank_consensus,30,8716,15170,185,0.03306586797630959,0.0004010890439475881,0.016733478510128588,1,yang_harmfulness,242
rank_consensus,31,11202,15033,362,0.032767231025109485,0.0007869192655710832,0.016777075145340284,1,yang_harmfulness,243
rank_consensus,26,14003,112,15442,0.0002419613254249037,0.03365878221518863,0.016950371770306765,1,siren,244
rank_consensus,31,5509,15544,17,0.03388112505476827,3.487730816935549e-05,0.016958001181468813,1,yang_harmfulness,245
rank_consensus,31,2549,15585,26,0.033970498156952245,5.449579401461795e-05,0.017012496975483432,1,yang_harmfulness,246
rank_consensus,31,12226,15467,245,0.03371327800920325,0.0005318789495826712,0.01712257847939296,1,yang_harmfulness,247
rank_consensus,18,290,214,15559,0.00046430416500454493,0.03391382253117704,0.017189063348090793,1,siren,248
rank_consensus,31,14211,15755,129,0.03434106955625165,0.0002790184653548439,0.017310044010803247,1,yang_harmfulness,249
rank_consensus,31,2958,15899,104,0.03465496532977585,0.00022452267134022595,0.017439744000558036,1,yang_harmfulness,250
rank_consensus,31,1681,16051,36,0.03498629975738472,7.629411162046513e-05,0.017531296934502595,1,yang_harmfulness,251
rank_consensus,31,1209,15843,257,0.0345328947511831,0.0005580369307096878,0.017545465840946396,1,yang_harmfulness,252
rank_consensus,29,1251,15796,357,0.034430442658435624,0.0007760201067681596,0.01760323138260189,1,yang_harmfulness,253
rank_consensus,19,2017,212,15976,0.0004599445014833755,0.03482281237534087,0.017641378438412122,1,siren,254
rank_consensus,31,3548,16146,103,0.03519338377464027,0.00022234283957964124,0.017707863307109956,1,yang_harmfulness,255
rank_consensus,16,6950,17,16240,3.487730816935549e-05,0.035398287960135236,0.017716582634152295,1,siren,256
rank_consensus,29,1246,15993,324,0.034859869515270814,0.0007040856586688639,0.017781977586969838,1,yang_harmfulness,257
rank_consensus,31,7693,16238,181,0.035393928296614065,0.00039236971690524925,0.017893149006759656,1,yang_harmfulness,258
rank_consensus,31,12584,16310,177,0.035550876183376164,0.0003836503898629104,0.017967263286619538,1,yang_harmfulness,259
rank_consensus,31,6511,16109,385,0.03511272999949864,0.0008370553960645317,0.017974892697781585,1,yang_harmfulness,260
rank_consensus,31,3251,16257,351,0.03543534510006518,0.0007629411162046513,0.018099143108134916,1,yang_harmfulness,261
rank_consensus,31,4160,16514,98,0.03599556186253545,0.00021144368077671765,0.018103502771656083,1,yang_harmfulness,262
rank_consensus,31,4512,16587,158,0.036154689581058136,0.00034223358641180074,0.018248461583734967,1,yang_harmfulness,263
rank_consensus,30,10682,16378,396,0.03569910474309593,0.0008610335454309636,0.018280069144263444,1,yang_harmfulness,264
rank_consensus,19,635,162,16733,0.0003509529134541396,0.036472945018103504,0.018411948965778822,1,siren,265
rank_consensus,31,2188,16714,236,0.03643152821465239,0.0005122604637374088,0.0184718943391949,1,yang_harmfulness,266
rank_consensus,31,14196,16952,20,0.036950328173671554,4.1416803451109644e-05,0.01849587248856133,1,yang_harmfulness,267
rank_consensus,31,1165,16623,455,0.036233163524439185,0.000989643619305462,0.018611403571872322,1,yang_harmfulness,268
rank_consensus,15,9635,16,17217,3.269747640877077e-05,0.03752798359022651,0.01878034053331764,1,siren,269
rank_consensus,30,3970,17008,239,0.0370723987522643,0.0005187999590191629,0.01879559935564173,1,yang_harmfulness,270
rank_consensus,12,9336,60,17256,0.00012861007387449837,0.03761299702888931,0.018870803551381904,1,siren,271
rank_consensus,30,11725,17222,163,0.03753888274902943,0.0003531327452147243,0.018946007747122077,1,yang_harmfulness,272
rank_consensus,31,3568,17320,106,0.03775250626156673,0.0002288823348613954,0.018990694298214063,1,yang_harmfulness,273
rank_consensus,31,5448,17502,151,0.03814923564199315,0.0003269747640877077,0.01923810520304043,1,yang_harmfulness,274
rank_consensus,31,6096,17430,405,0.03799228775523105,0.0008806520312762261,0.01943646989325364,1,yang_harmfulness,275
rank_consensus,31,1940,17864,1,0.03893833473932482,0.0,0.01946916736966241,1,yang_harmfulness,276
rank_consensus,31,14073,17901,67,0.03901898851446645,0.0001438688961985914,0.019581428705332523,1,yang_harmfulness,277
rank_consensus,31,4609,17996,105,0.039226072531722,0.00022670250310081067,0.019726387517411407,1,yang_harmfulness,278
rank_consensus,31,5553,18133,57,0.03952470948292211,0.00012207057859274422,0.019823390030757428,1,yang_harmfulness,279
rank_consensus,31,2657,18035,165,0.0393110859703848,0.00035749240873589376,0.019834289189560348,1,yang_harmfulness,280
rank_consensus,29,12988,17912,296,0.03904296666383288,0.0006430503693724918,0.019843008516602686,1,yang_harmfulness,281
rank_consensus,12,2963,344,17871,0.0007476822938805583,0.03895359356164891,0.019850637927764734,1,siren,282
rank_consensus,31,5615,18157,76,0.03957702544517614,0.00016348738204385386,0.019870256413609996,1,yang_harmfulness,283
rank_consensus,30,1777,18127,132,0.0395116304923586,0.0002855579606365981,0.019898594226497597,1,yang_harmfulness,284
rank_consensus,31,1572,18276,51,0.039836425424685726,0.0001089915880292359,0.019972708506357482,1,yang_harmfulness,285
rank_consensus,31,11913,17941,406,0.039106181784889844,0.0008828318630368108,0.019994506823963327,1,yang_harmfulness,286
rank_consensus,16,11277,18097,274,0.03944623553954106,0.000595094070639628,0.020020664805090346,1,yang_harmfulness,287
rank_consensus,31,11817,18216,206,0.03970563551905064,0.0004468655109198672,0.020076250514985253,1,yang_harmfulness,288
rank_consensus,31,9175,18310,166,0.039910539704545604,0.0003596722404964785,0.02013510597252104,1,yang_harmfulness,289
rank_consensus,31,9187,18513,115,0.0403530455519443,0.0002485008207066579,0.02030077318632548,1,yang_harmfulness,290
rank_consensus,30,6976,18434,247,0.040180838842858106,0.0005362386131038407,0.020358538727980973,1,yang_harmfulness,291
rank_consensus,30,8223,18374,313,0.040050048937223026,0.000680107509302432,0.02036507822326273,1,yang_harmfulness,292
rank_consensus,31,14224,18794,16,0.04096557827666861,3.269747640877077e-05,0.02049913787653869,1,yang_harmfulness,293
rank_consensus,30,1793,18506,409,0.040337786729620205,0.0008893713583185649,0.020613579043969384,1,yang_harmfulness,294
rank_consensus,31,3428,18732,196,0.040830428707512356,0.00042506719331402,0.020627747950413187,1,yang_harmfulness,295
rank_consensus,30,7813,18915,47,0.041229337919699356,0.00010027226098689703,0.020664805090343127,1,yang_harmfulness,296
rank_consensus,31,9664,18974,13,0.041357947993573854,2.6157981127016616e-05,0.020692052987350436,1,yang_harmfulness,297
rank_consensus,31,1050,18835,325,0.04105495137885258,0.0007062654904294487,0.020880608434641016,1,yang_harmfulness,298
rank_consensus,31,8984,19095,229,0.04162170763660461,0.0004970016414133158,0.021059354639008963,1,yang_harmfulness,299
rank_consensus,31,900,18872,459,0.04113560515399421,0.000998362946347801,0.021066984050171007,1,yang_harmfulness,300
rank_consensus,31,1576,18994,368,0.04140154462878555,0.0007999982561345915,0.02110077144246007,1,yang_harmfulness,301
rank_consensus,16,10853,250,19113,0.0005427781083855948,0.041660944608295135,0.021101861358340364,1,siren,302
rank_consensus,18,1454,64,19351,0.00013732940091683724,0.0421797445673143,0.02115853698411557,1,siren,303
rank_consensus,30,2310,19060,403,0.04154541352498414,0.0008762923677550566,0.0212108529463696,1,yang_harmfulness,304
rank_consensus,31,374,19361,121,0.04220154288492014,0.0002615798112701662,0.021231561348095153,1,yang_harmfulness,305
rank_consensus,31,486,19257,457,0.04197484038181933,0.0009940032828266315,0.02148442183232298,1,yang_harmfulness,306
rank_consensus,31,6579,19772,159,0.04309745373852046,0.00034441341817238546,0.021720933578346424,1,yang_harmfulness,307
rank_consensus,31,7365,19815,149,0.043191186504225605,0.0003226151005665383,0.021756900802396072,1,yang_harmfulness,308
rank_consensus,31,3611,19877,186,0.043326336073381856,0.00040326887570817283,0.021864802474545014,1,yang_harmfulness,309
rank_consensus,31,9519,20072,48,0.043751403266695875,0.00010245209274748175,0.021926927679721677,1,yang_harmfulness,310
rank_consensus,30,11574,19958,302,0.04350290244598922,0.0006561293599360001,0.022079515902962612,1,yang_harmfulness,311
rank_consensus,31,4064,20220,82,0.044074018367262414,0.00017656637260736216,0.02212529236993489,1,yang_harmfulness,312
rank_consensus,30,8539,20235,88,0.044106715843671186,0.00018964536317087047,0.02214818060342103,1,yang_harmfulness,313
rank_consensus,2,611,409,19969,0.0008893713583185649,0.04352688059535565,0.022208125976837106,1,siren,314
rank_consensus,30,10840,20050,364,0.043703446967963015,0.0007912789290922526,0.022247362948527635,1,yang_harmfulness,315
rank_consensus,3,13690,259,20193,0.0005623965942308573,0.044015162909726624,0.02228877975197874,1,siren,316
rank_consensus,31,5311,20696,8,0.04511161828530074,1.5258822324093028e-05,0.022563438553812418,1,yang_harmfulness,317
rank_consensus,31,8950,20462,398,0.04460153765332392,0.000865393208952133,0.022733465431138026,1,yang_harmfulness,318
rank_consensus,11,5657,383,20523,0.0008326957325433623,0.04473450739071958,0.02278360156163147,1,siren,319
rank_consensus,22,11108,440,20543,0.0009569461428966912,0.04477810402593128,0.022867525084413982,1,siren,320
rank_consensus,31,5772,20971,38,0.045711072019461535,8.065377514163457e-05,0.022895862897301583,1,yang_harmfulness,321
rank_consensus,29,4946,449,20584,0.0009765646287419538,0.04486747712811525,0.022922020878428602,1,siren,322
rank_consensus,31,9119,21209,24,0.0462298719784807,5.0136130493448515e-05,0.023140004054487073,1,yang_harmfulness,323
rank_consensus,31,5041,21270,85,0.04636284171587637,0.00018310586788911632,0.023272973791882742,1,yang_harmfulness,324
rank_consensus,31,4934,21145,307,0.046090362745803276,0.0006670285187389237,0.0233786956322711,1,yang_harmfulness,325
rank_consensus,31,9575,21548,42,0.04696883494531892,8.937310218397344e-05,0.023529104023751447,1,yang_harmfulness,326
rank_consensus,31,7866,21313,329,0.04645657448158151,0.0007149848174717875,0.02358577964952665,1,yang_harmfulness,327
rank_consensus,31,7973,21594,70,0.04706910720630582,0.00015040839148034555,0.023609757798893082,1,yang_harmfulness,328
rank_consensus,26,5286,90,21762,0.0001940050266920399,0.04743531894208405,0.023814661984388044,1,siren,329
rank_consensus,20,5425,353,21500,0.0007673007797258208,0.04686420302081085,0.02381575190026834,1,siren,330
rank_consensus,16,9861,399,21558,0.0008675730407127178,0.04699063326292477,0.023929103151818742,1,siren,331
rank_consensus,31,9355,21746,352,0.04740044163391469,0.000765120947965236,0.024082781290939964,1,yang_harmfulness,332
rank_consensus,31,7019,21967,150,0.04788218445300392,0.000324794932327123,0.02410348969266552,1,yang_harmfulness,333
rank_consensus,31,7861,21791,370,0.04749853406314101,0.000804357919655761,0.024151445991398384,1,yang_harmfulness,334
rank_consensus,29,446,283,22189,0.0006147125564848905,0.04836610710385372,0.024490409830169306,1,siren,335
rank_consensus,31,4790,22268,209,0.048538313812939916,0.00045340500620162134,0.024495859409570768,1,yang_harmfulness,336
rank_consensus,31,11010,22526,18,0.049100710407170775,3.705713992994021e-05,0.02456888377355036,1,yang_harmfulness,337
rank_consensus,16,12478,202,22440,0.0004381461838775283,0.048913244875760487,0.02467569552981901,1,siren,338
rank_consensus,31,6069,22440,207,0.048913244875760487,0.0004490453426804519,0.024681145109220468,1,yang_harmfulness,339
rank_consensus,31,13622,22507,154,0.04905929360371967,0.00033351425936946187,0.024696403931544566,1,yang_harmfulness,340
rank_consensus,30,8142,22252,448,0.04850343650477056,0.0009743847969813689,0.024738910650875967,1,yang_harmfulness,341
rank_consensus,17,12927,354,22590,0.0007694806114864055,0.0492402196398482,0.0250048501256673,1,siren,342
rank_consensus,27,8140,22734,330,0.049554115413372395,0.0007171646492323722,0.025135640031302385,1,yang_harmfulness,343
rank_consensus,31,3583,22700,428,0.049480001133512516,0.0009307881617696746,0.025205394647641096,1,yang_harmfulness,344
rank_consensus,31,1095,22960,202,0.05004675739126454,0.0004381461838775283,0.025242451787571035,1,yang_harmfulness,345
rank_consensus,31,9866,23113,205,0.050380271650634,0.00044468567915928247,0.025412478664896643,1,yang_harmfulness,346
rank_consensus,31,5335,23135,232,0.05042822794936687,0.0005035411366950699,0.02546588454303097,1,yang_harmfulness,347
rank_consensus,31,5933,23486,114,0.051193348897332104,0.00024632098894607316,0.025719834943139088,1,yang_harmfulness,348
rank_consensus,31,13647,23309,308,0.05080751867570861,0.0006692083504995085,0.02573836351310406,1,yang_harmfulness,349
rank_consensus,31,14113,23658,335,0.051568279960152674,0.0007280638080352958,0.026148171884093983,1,yang_harmfulness,350
rank_consensus,31,8591,23726,451,0.05171650851987244,0.0009809242922631232,0.02634871640606778,1,yang_harmfulness,351
rank_consensus,31,3197,24173,54,0.0526908933168538,0.00011553108331099005,0.026403212200082397,1,yang_harmfulness,352
rank_consensus,31,3493,23789,438,0.05185383792078927,0.0009525864793755218,0.026403212200082397,1,yang_harmfulness,353
rank_consensus,23,8249,120,24305,0.00025939997950958146,0.05297863110925099,0.026619015544380283,1,siren,354
rank_consensus,31,273,24420,316,0.05322931176171823,0.0006866470045841862,0.02695797938315121,1,yang_harmfulness,355
rank_consensus,31,3252,24509,253,0.05342331678841027,0.000549317603667349,0.02698631719603881,1,yang_harmfulness,356
rank_consensus,31,12185,24463,390,0.053323044527423376,0.0008479545548674553,0.027085499541145416,1,yang_harmfulness,357
rank_consensus,31,2241,24735,128,0.05391595876630242,0.0002768386335942592,0.02709639869994834,1,yang_harmfulness,358
rank_consensus,31,13933,24987,101,0.05446527636996976,0.0002179831760584718,0.027341629773014117,1,yang_harmfulness,359
rank_consensus,31,8664,24914,319,0.05430614865144708,0.0006931864998659403,0.02749966757565651,1,yang_harmfulness,360
rank_consensus,31,11827,24938,304,0.05435846461370111,0.0006604890234571696,0.02750947681857914,1,yang_harmfulness,361
rank_consensus,2,2482,308,25012,0.0006692083504995085,0.05451977216398438,0.027594490257241946,1,siren,362
rank_consensus,31,5283,25167,327,0.05485764608687502,0.0007106251539506181,0.027784135620412816,1,yang_harmfulness,363
rank_consensus,31,4436,25541,62,0.0556729031653337,0.0001329697373956678,0.027902936451364685,1,yang_harmfulness,364
rank_consensus,13,5418,420,25193,0.0009133495076849968,0.05491432171265022,0.02791383561016761,1,siren,365
rank_consensus,5,4690,322,25350,0.0006997259951476945,0.05525655529906202,0.027978140647104854,1,siren,366
rank_consensus,30,4035,25404,340,0.05537426621413359,0.0007389629668382194,0.028056614590485904,1,yang_harmfulness,367
rank_consensus,31,5562,25455,383,0.05548543763392341,0.0008326957325433623,0.028159066683233386,1,yang_harmfulness,368
rank_consensus,31,7851,25828,55,0.056298514880621514,0.00011771091507157477,0.028208112897846544,1,yang_harmfulness,369
rank_consensus,31,9818,25804,171,0.056246198918367483,0.00037057139929940207,0.02830838515883344,1,yang_harmfulness,370
rank_consensus,31,2477,26112,73,0.056917587100627574,0.0001569478867620997,0.028537267493694837,1,yang_harmfulness,371
rank_consensus,31,14242,25851,365,0.05634865101111496,0.0007934587608528374,0.0285710548859839,1,yang_harmfulness,372
rank_consensus,31,102,26002,347,0.056677805606963255,0.0007542217891623124,0.028716013698062783,1,yang_harmfulness,373
rank_consensus,31,11013,26089,374,0.056867450970134126,0.0008130772466980998,0.028840264108416114,1,yang_harmfulness,374
rank_consensus,30,10830,26037,450,0.05675409971858372,0.0009787444605025384,0.02886642208954313,1,yang_harmfulness,375
rank_consensus,31,5814,26371,125,0.057482163526619015,0.00027029913831250505,0.02887623133246576,1,yang_harmfulness,376
rank_consensus,26,4587,51,26548,0.0001089915880292359,0.05786799374824251,0.028988492668135874,1,siren,377
rank_consensus,14,4333,323,26871,0.0007019058269082792,0.05857207940691137,0.029636992616909826,1,siren,378
rank_consensus,31,2875,26905,291,0.05864619368677126,0.0006321512105695683,0.02963917244867041,1,yang_harmfulness,379
rank_consensus,15,8354,148,27163,0.00032043526880595356,0.05920859028100211,0.02976451277490403,1,siren,380
rank_consensus,31,2646,27223,176,0.059339380186637196,0.00038147055810232566,0.02986042537236976,1,yang_harmfulness,381
rank_consensus,30,8639,27190,271,0.0592674457385379,0.0005885545753578739,0.029928000156947885,1,yang_harmfulness,382
rank_consensus,31,3691,27179,354,0.05924346758917147,0.0007694806114864055,0.030006474100328938,1,yang_harmfulness,383
rank_consensus,31,3289,27495,145,0.05993229442551624,0.0003138957735241994,0.030123095099520217,1,yang_harmfulness,384
rank_consensus,31,8193,27914,87,0.060845643933201236,0.00018746553141028575,0.030516554732305762,1,yang_harmfulness,385
rank_consensus,14,75,367,27738,0.0007978184243740068,0.060461993543338324,0.030629905983856166,1,siren,386
rank_consensus,31,10674,28164,59,0.06139060187334742,0.00012643024211391366,0.030758516057730667,1,yang_harmfulness,387
rank_consensus,29,14025,28183,283,0.061432018676798525,0.0006147125564848905,0.031023365616641707,1,yang_harmfulness,388
rank_consensus,31,3848,28437,430,0.06198569594398704,0.000935147825290844,0.03146042188463894,1,yang_harmfulness,389
rank_consensus,31,4594,28696,179,0.06255027236997848,0.0003880100533840798,0.03146914121168128,1,yang_harmfulness,390
rank_consensus,17,10712,18,29129,3.705713992994021e-05,0.06349413952231167,0.0317655983311208,1,siren,391
rank_consensus,31,11350,29068,109,0.063361169784916,0.00023542183014314954,0.031798295807529575,1,yang_harmfulness,392
rank_consensus,31,10334,29233,231,0.06372084202541248,0.0005013613049344852,0.03211110166517348,1,yang_harmfulness,393
rank_consensus,31,3464,29496,108,0.06429413777844625,0.00023324199838256482,0.03226368988841441,1,yang_harmfulness,394
rank_consensus,31,5924,29576,454,0.06446852431929304,0.0009874637875448772,0.03272799405341895,1,yang_harmfulness,395
rank_consensus,31,6676,29638,441,0.06460367388844929,0.0009591259746572759,0.03278139993155328,1,yang_harmfulness,396
rank_consensus,31,9205,29815,392,0.06498950411007279,0.0008523142183886247,0.032920909164230704,1,yang_harmfulness,397
rank_consensus,31,11342,30216,72,0.06586361664606726,0.00015476805500151499,0.033009192350534386,1,yang_harmfulness,398
rank_consensus,31,9573,30157,305,0.06573500657219276,0.0006626688552177543,0.033198837713705256,1,yang_harmfulness,399
rank_consensus,31,6466,30831,161,0.06720421317882685,0.0003487730816935549,0.0337764931302602,1,yang_harmfulness,400
rank_consensus,29,9301,124,31060,0.00026811930655192034,0.06770339465200076,0.03398575697927634,1,siren,401
rank_consensus,11,8111,12,31545,2.39781493664319e-05,0.06876061305588435,0.03439229560262539,1,siren,402
rank_consensus,31,11062,31899,204,0.06953227349913134,0.00044250584739869775,0.03498738967326502,1,yang_harmfulness,403
rank_consensus,3,14176,4,32354,6.539495281754154e-06,0.07052409695019739,0.035265318222739574,1,siren,404
rank_consensus,26,9609,372,31999,0.0008087175831769304,0.0697502566751898,0.035279487129183364,1,siren,405
rank_consensus,31,5835,31958,432,0.06966088357300583,0.0009395074888120135,0.03530019553090892,1,yang_harmfulness,406
rank_consensus,5,11443,68,32403,0.00014604872795917612,0.07063090870646603,0.0353884787172126,1,siren,407
rank_consensus,13,2741,52,32462,0.00011117141978982062,0.07075951878034054,0.03543534510006518,1,siren,408
rank_consensus,20,12794,414,32328,0.0009002705171214885,0.07046742132442219,0.03568384592077184,1,siren,409
rank_consensus,31,11084,32574,192,0.07100365993752603,0.00041634786627168114,0.03571000390189885,1,yang_harmfulness,410
rank_consensus,31,12423,33062,217,0.07206741783669136,0.0004708436602862991,0.03626913074848883,1,yang_harmfulness,411
rank_consensus,14,4671,451,33029,0.0009809242922631232,0.07199548338859207,0.0364882038404276,1,siren,412
rank_consensus,31,566,33737,138,0.07353880427508605,0.0002986369512001064,0.03691872061314308,1,yang_harmfulness,413
rank_consensus,31,996,34235,53,0.07462436049185724,0.00011335125155040534,0.03736885587170382,1,yang_harmfulness,414
rank_consensus,30,3587,178,34571,0.0003858302216234951,0.0753567839634137,0.037871307092518604,1,siren,415
rank_consensus,31,12367,34591,310,0.0754003805986254,0.0006735680140206779,0.03803697430632304,1,yang_harmfulness,416
rank_consensus,31,12839,34829,127,0.07591918055764456,0.0002746588018336745,0.03809691967973912,1,yang_harmfulness,417
rank_consensus,26,9917,39,34937,8.283360690221929e-05,0.0761546023877877,0.03811871799734496,1,siren,418
rank_consensus,31,10759,34749,259,0.07574479401679779,0.0005623965942308573,0.03815359530551432,1,yang_harmfulness,419
rank_consensus,13,12570,284,34812,0.0006168923882454752,0.07588212341771462,0.03824950790298005,1,siren,420
rank_consensus,31,7592,34951,342,0.0761851200324359,0.0007433226303593889,0.038464221331397645,1,yang_harmfulness,421
rank_consensus,26,11172,192,35163,0.00041634786627168114,0.07664724436567985,0.038531796115975764,1,siren,422
rank_consensus,16,2995,298,35762,0.0006474100328936613,0.0779529635902701,0.03930018681158188,1,siren,423
rank_consensus,17,4652,209,35873,0.00045340500620162134,0.078194924915695,0.039324164960948316,1,siren,424
rank_consensus,31,5082,36218,170,0.07894696687309674,0.00036839156753881735,0.03965767922031778,1,yang_harmfulness,425
rank_consensus,30,12387,36499,208,0.07955949959782103,0.0004512251744410366,0.04000536238613103,1,yang_harmfulness,426
rank_consensus,24,5698,217,36746,0.0004708436602862991,0.08009791804268547,0.04028438085148588,1,siren,427
rank_consensus,31,181,37382,395,0.08148429104241735,0.0008588537136703789,0.041171572378043864,1,yang_harmfulness,428
rank_consensus,10,2727,155,38198,0.0003356940911300466,0.08326303375905447,0.04179936392509226,1,siren,429
rank_consensus,31,13470,38272,426,0.08342434130933775,0.0009264284982485051,0.04217538490379313,1,yang_harmfulness,430
rank_consensus,5,13129,255,38552,0.0005536772671885184,0.08403469420230146,0.04229418573474499,1,siren,431
rank_consensus,9,7855,443,38717,0.0009634856381784453,0.08439436644279795,0.042678926040488195,1,siren,432
rank_consensus,30,9739,39227,338,0.08550608064069615,0.00073460330331705,0.0431203419720066,1,yang_harmfulness,433
rank_consensus,30,10303,412,39490,0.0008959108536003191,0.08607937639372994,0.043487643623665126,1,siren,434
rank_consensus,31,6566,39893,263,0.08695784859324557,0.0005711159212731962,0.04376448225725938,1,yang_harmfulness,435
rank_consensus,17,13532,62,40156,0.0001329697373956678,0.08753114434627936,0.04383205704183751,1,siren,436
rank_consensus,24,3166,169,40877,0.00036621173577823263,0.08910280304566094,0.04473450739071959,1,siren,437
rank_consensus,30,4727,40704,343,0.08872569215107978,0.0007455024621199736,0.04473559730659988,1,yang_harmfulness,438
rank_consensus,17,979,306,40957,0.000664848686978339,0.08927718958650771,0.04497101913674303,1,siren,439
rank_consensus,28,8413,320,41124,0.0006953663316265251,0.08964122149052536,0.04516829391107594,1,siren,440
rank_consensus,12,9114,204,41688,0.00044250584739869775,0.09087064660349514,0.04565657622544692,1,siren,441
rank_consensus,23,2913,264,42337,0.0005732957530337809,0.09228535741611463,0.0464293265845742,1,siren,442
rank_consensus,31,11504,42512,314,0.09266682797421695,0.0006822873410630168,0.04667455765763998,1,yang_harmfulness,443
rank_consensus,5,1814,313,42728,0.000680107509302432,0.09313767163450325,0.04690888957190284,1,siren,444
rank_consensus,9,5243,206,42884,0.0004468655109198672,0.09347772538915447,0.04696229545003717,1,siren,445
rank_consensus,31,1813,43344,119,0.09448044799902343,0.00025722014774899675,0.04736883407338621,1,yang_harmfulness,446
rank_consensus,25,3787,26,43690,5.449579401461795e-05,0.09523466978818575,0.04764458279110018,1,siren,447
rank_consensus,31,6227,43926,346,0.09574911008368374,0.0007520419574017277,0.04825057602054273,1,yang_harmfulness,448
rank_consensus,2,2661,184,44382,0.0003989092121870034,0.09674311336651037,0.04857101128934869,1,siren,449
rank_consensus,31,1460,44734,397,0.0975104141462362,0.0008632133771915483,0.04918681376171387,1,yang_harmfulness,450
rank_consensus,31,5437,45088,292,0.09828207458948318,0.000634331042330153,0.04945820281590667,1,yang_harmfulness,451
rank_consensus,31,1166,45710,10,0.09963792994456688,1.9618485845262463e-05,0.049828774215206074,1,yang_harmfulness,452
rank_consensus,26,8518,310,45644,0.0006735680140206779,0.09949406104836829,0.05008381453119448,1,siren,453
rank_consensus,6,7994,135,45910,0.00029209745591835223,0.10007389629668383,0.05018299687630109,1,siren,454
rank_consensus,2,3174,210,45852,0.00045558483796220606,0.0999474660545699,0.050201525446266056,1,siren,455
rank_consensus,31,1159,46221,146,0.10075182397422566,0.0003160756052847841,0.05053394978975522,1,yang_harmfulness,456
rank_consensus,5,72,282,46804,0.0006125327247243058,0.10202266589064655,0.05131759930768543,1,siren,457
rank_consensus,16,4974,350,47919,0.0007607612844440666,0.10445317830369852,0.05260696979407129,1,siren,458
rank_consensus,5,7729,415,48083,0.0009024503488820732,0.10481067071243441,0.05285656053065824,1,siren,459
