variant,layer,neuron_index
wang_robust,0,89
wang_robust,0,611
wang_robust,0,699
wang_robust,0,703
wang_robust,0,762
wang_robust,0,989
wang_robust,0,1025
wang_robust,0,1151
wang_robust,0,1173
wang_robust,0,1193
wang_robust,0,1228
wang_robust,0,1253
wang_robust,0,1408
wang_robust,0,1590
wang_robust,0,1644
wang_robust,0,1689
wang_robust,0,1726
wang_robust,0,1737
wang_robust,0,1749
wang_robust,0,1981
wang_robust,0,2266
wang_robust,0,2358
wang_robust,0,2430
wang_robust,0,2453
wang_robust,0,2542
wang_robust,0,2659
wang_robust,0,2699
wang_robust,0,3242
wang_robust,0,3267
wang_robust,0,3292
wang_robust,0,3297
wang_robust,0,3348
wang_robust,0,3381
wang_robust,0,3400
wang_robust,0,3405
wang_robust,0,3640
wang_robust,0,3741
wang_robust,0,3817
wang_robust,0,3851
wang_robust,0,3858
wang_robust,0,4077
wang_robust,0,4098
wang_robust,0,4252
wang_robust,0,4279
wang_robust,0,4386
wang_robust,0,4414
wang_robust,0,4481
wang_robust,0,4488
wang_robust,0,4581
wang_robust,0,4596
wang_robust,0,4648
wang_robust,0,4696
wang_robust,0,4713
wang_robust,0,4715
wang_robust,0,4740
wang_robust,0,4878
wang_robust,0,5080
wang_robust,0,5159
wang_robust,0,5169
wang_robust,0,5250
wang_robust,0,5283
wang_robust,0,5357
wang_robust,0,5914
wang_robust,0,5956
wang_robust,0,6029
wang_robust,0,6076
wang_robust,0,6135
wang_robust,0,6332
wang_robust,0,6344
wang_robust,0,6353
wang_robust,0,6436
wang_robust,0,6530
wang_robust,0,6622
wang_robust,0,6631
wang_robust,0,6677
wang_robust,0,6743
wang_robust,0,6766
wang_robust,0,6829
wang_robust,0,7068
wang_robust,0,7182
wang_robust,0,7279
wang_robust,0,7378
wang_robust,0,7386
wang_robust,0,7495
wang_robust,0,7669
wang_robust,0,7749
wang_robust,0,8072
wang_robust,0,8092
wang_robust,0,8253
wang_robust,0,8367
wang_robust,0,8465
wang_robust,0,8866
wang_robust,0,8963
wang_robust,0,8975
wang_robust,0,9345
wang_robust,0,9362
wang_robust,0,9519
wang_robust,0,9651
wang_robust,0,9846
wang_robust,0,9894
wang_robust,0,9983
wang_robust,0,10127
wang_robust,0,10188
wang_robust,0,10190
wang_robust,0,10268
wang_robust,0,10373
wang_robust,0,10539
wang_robust,0,10894
wang_robust,0,10953
wang_robust,0,11122
wang_robust,0,11282
wang_robust,0,11314
wang_robust,0,11338
wang_robust,0,11425
wang_robust,0,11461
wang_robust,0,11484
wang_robust,0,11579
wang_robust,0,11709
wang_robust,0,11752
wang_robust,0,11762
wang_robust,0,11793
wang_robust,0,11801
wang_robust,0,11910
wang_robust,0,12093
wang_robust,0,12242
wang_robust,0,12261
wang_robust,0,12271
wang_robust,0,12339
wang_robust,0,12417
wang_robust,0,12564
wang_robust,0,12650
wang_robust,0,12810
wang_robust,0,12813
wang_robust,0,12900
wang_robust,0,12934
wang_robust,0,13530
wang_robust,0,13531
wang_robust,0,13539
wang_robust,0,13570
wang_robust,0,13618
wang_robust,0,13622
wang_robust,0,13678
wang_robust,0,13808
wang_robust,0,13834
wang_robust,0,13838
wang_robust,0,13869
wang_robust,0,13879
wang_robust,0,14042
wang_robust,0,14131
wang_robust,0,14168
wang_robust,1,47
wang_robust,1,88
wang_robust,1,230
wang_robust,1,270
wang_robust,1,286
wang_robust,1,303
wang_robust,1,379
wang_robust,1,439
wang_robust,1,452
wang_robust,1,681
wang_robust,1,733
wang_robust,1,744
wang_robust,1,814
wang_robust,1,953
wang_robust,1,979
wang_robust,1,983
wang_robust,1,1186
wang_robust,1,1254
wang_robust,1,1274
wang_robust,1,1306
wang_robust,1,1335
wang_robust,1,1412
wang_robust,1,1476
wang_robust,1,1497
wang_robust,1,1576
wang_robust,1,1735
wang_robust,1,1833
wang_robust,1,1930
wang_robust,1,2088
wang_robust,1,2264
wang_robust,1,2271
wang_robust,1,2273
wang_robust,1,2279
wang_robust,1,2423
wang_robust,1,2532
wang_robust,1,2757
wang_robust,1,2759
wang_robust,1,2895
wang_robust,1,3019
wang_robust,1,3030
wang_robust,1,3116
wang_robust,1,3463
wang_robust,1,3481
wang_robust,1,3724
wang_robust,1,3790
wang_robust,1,4025
wang_robust,1,4175
wang_robust,1,4227
wang_robust,1,4273
wang_robust,1,4420
wang_robust,1,4513
wang_robust,1,4555
wang_robust,1,4568
wang_robust,1,4645
wang_robust,1,4657
wang_robust,1,4734
wang_robust,1,4767
wang_robust,1,4803
wang_robust,1,4809
wang_robust,1,4887
wang_robust,1,4909
wang_robust,1,5072
wang_robust,1,5242
wang_robust,1,5253
wang_robust,1,5265
wang_robust,1,5410
wang_robust,1,5483
wang_robust,1,5511
wang_robust,1,5573
wang_robust,1,5605
wang_robust,1,5637
wang_robust,1,5786
wang_robust,1,5894
wang_robust,1,5979
wang_robust,1,5989
wang_robust,1,6058
wang_robust,1,6079
wang_robust,1,6212
wang_robust,1,6270
wang_robust,1,6288
wang_robust,1,6431
wang_robust,1,6454
wang_robust,1,6516
wang_robust,1,6550
wang_robust,1,6736
wang_robust,1,7029
wang_robust,1,7102
wang_robust,1,7126
wang_robust,1,7140
wang_robust,1,7239
wang_robust,1,7404
wang_robust,1,7429
wang_robust,1,7454
wang_robust,1,7550
wang_robust,1,7590
wang_robust,1,7843
wang_robust,1,8171
wang_robust,1,8182
wang_robust,1,8252
wang_robust,1,8278
wang_robust,1,8305
wang_robust,1,8396
wang_robust,1,8436
wang_robust,1,8586
wang_robust,1,8599
wang_robust,1,8611
wang_robust,1,8717
wang_robust,1,8738
wang_robust,1,8785
wang_robust,1,8819
wang_robust,1,8839
wang_robust,1,9067
wang_robust,1,9076
wang_robust,1,9110
wang_robust,1,9200
wang_robust,1,9271
wang_robust,1,9364
wang_robust,1,9462
wang_robust,1,9591
wang_robust,1,9626
wang_robust,1,9770
wang_robust,1,9819
wang_robust,1,9911
wang_robust,1,9932
wang_robust,1,10055
wang_robust,1,10059
wang_robust,1,10305
wang_robust,1,10332
wang_robust,1,10430
wang_robust,1,10556
wang_robust,1,10571
wang_robust,1,10912
wang_robust,1,10918
wang_robust,1,11000
wang_robust,1,11409
wang_robust,1,11506
wang_robust,1,11519
wang_robust,1,11561
wang_robust,1,11611
wang_robust,1,11663
wang_robust,1,11707
wang_robust,1,11737
wang_robust,1,11852
wang_robust,1,11861
wang_robust,1,11887
wang_robust,1,11941
wang_robust,1,11951
wang_robust,1,12038
wang_robust,1,12044
wang_robust,1,12067
wang_robust,1,12186
wang_robust,1,12213
wang_robust,1,12219
wang_robust,1,12260
wang_robust,1,12281
wang_robust,1,12398
wang_robust,1,12434
wang_robust,1,12580
wang_robust,1,12607
wang_robust,1,12669
wang_robust,1,12708
wang_robust,1,12784
wang_robust,1,12819
wang_robust,1,12834
wang_robust,1,13023
wang_robust,1,13048
wang_robust,1,13106
wang_robust,1,13361
wang_robust,1,13516
wang_robust,1,13599
wang_robust,1,13667
wang_robust,1,13689
wang_robust,1,13722
wang_robust,1,13846
wang_robust,1,13938
wang_robust,1,14018
wang_robust,1,14244
wang_robust,1,14329
wang_robust,1,14330
wang_robust,2,72
wang_robust,2,92
wang_robust,2,285
wang_robust,2,338
wang_robust,2,614
wang_robust,2,621
wang_robust,2,684
wang_robust,2,709
wang_robust,2,755
wang_robust,2,842
wang_robust,2,847
wang_robust,2,901
wang_robust,2,977
wang_robust,2,1020
wang_robust,2,1031
wang_robust,2,1081
wang_robust,2,1301
wang_robust,2,1608
wang_robust,2,1698
wang_robust,2,1928
wang_robust,2,2148
wang_robust,2,2159
wang_robust,2,2266
wang_robust,2,2368
wang_robust,2,2378
wang_robust,2,2470
wang_robust,2,2585
wang_robust,2,2669
wang_robust,2,2882
wang_robust,2,2919
wang_robust,2,3133
wang_robust,2,3229
wang_robust,2,3241
wang_robust,2,3284
wang_robust,2,3328
wang_robust,2,3470
wang_robust,2,3558
wang_robust,2,3633
wang_robust,2,3796
wang_robust,2,3948
wang_robust,2,4259
wang_robust,2,4359
wang_robust,2,4510
wang_robust,2,4557
wang_robust,2,4591
wang_robust,2,4639
wang_robust,2,4658
wang_robust,2,4732
wang_robust,2,4767
wang_robust,2,4800
wang_robust,2,5157
wang_robust,2,5219
wang_robust,2,5276
wang_robust,2,5332
wang_robust,2,5399
wang_robust,2,5488
wang_robust,2,5681
wang_robust,2,5777
wang_robust,2,5863
wang_robust,2,5917
wang_robust,2,5965
wang_robust,2,5979
wang_robust,2,6179
wang_robust,2,6250
wang_robust,2,6252
wang_robust,2,6272
wang_robust,2,6858
wang_robust,2,6925
wang_robust,2,7034
wang_robust,2,7163
wang_robust,2,7173
wang_robust,2,7246
wang_robust,2,7327
wang_robust,2,7436
wang_robust,2,7583
wang_robust,2,7776
wang_robust,2,7949
wang_robust,2,8037
wang_robust,2,8071
wang_robust,2,8135
wang_robust,2,8343
wang_robust,2,8412
wang_robust,2,8552
wang_robust,2,8660
wang_robust,2,8876
wang_robust,2,9229
wang_robust,2,9255
wang_robust,2,9260
wang_robust,2,9310
wang_robust,2,9353
wang_robust,2,9805
wang_robust,2,9841
wang_robust,2,9956
wang_robust,2,9961
wang_robust,2,9969
wang_robust,2,10014
wang_robust,2,10053
wang_robust,2,10178
wang_robust,2,10272
wang_robust,2,10383
wang_robust,2,10429
wang_robust,2,10524
wang_robust,2,10583
wang_robust,2,10753
wang_robust,2,11015
wang_robust,2,11030
wang_robust,2,11075
wang_robust,2,11315
wang_robust,2,11737
wang_robust,2,11871
wang_robust,2,11931
wang_robust,2,12388
wang_robust,2,12475
wang_robust,2,12523
wang_robust,2,12659
wang_robust,2,12673
wang_robust,2,12825
wang_robust,2,12917
wang_robust,2,12991
wang_robust,2,13038
wang_robust,2,13183
wang_robust,2,13418
wang_robust,2,13419
wang_robust,2,13496
wang_robust,2,13642
wang_robust,2,13712
wang_robust,2,13739
wang_robust,2,13808
wang_robust,2,13826
wang_robust,2,13866
wang_robust,2,13924
wang_robust,2,13935
wang_robust,2,13951
wang_robust,2,13992
wang_robust,2,14028
wang_robust,2,14040
wang_robust,2,14072
wang_robust,2,14104
wang_robust,2,14213
wang_robust,3,280
wang_robust,3,319
wang_robust,3,352
wang_robust,3,527
wang_robust,3,588
wang_robust,3,640
wang_robust,3,998
wang_robust,3,1242
wang_robust,3,1404
wang_robust,3,1426
wang_robust,3,1498
wang_robust,3,1555
wang_robust,3,1563
wang_robust,3,1564
wang_robust,3,1936
wang_robust,3,2145
wang_robust,3,2298
wang_robust,3,2444
wang_robust,3,2662
wang_robust,3,2708
wang_robust,3,2959
wang_robust,3,2960
wang_robust,3,2970
wang_robust,3,3134
wang_robust,3,3240
wang_robust,3,3294
wang_robust,3,3460
wang_robust,3,3490
wang_robust,3,3739
wang_robust,3,3740
wang_robust,3,3754
wang_robust,3,3853
wang_robust,3,4059
wang_robust,3,4341
wang_robust,3,4434
wang_robust,3,4551
wang_robust,3,4923
wang_robust,3,5079
wang_robust,3,5098
wang_robust,3,5205
wang_robust,3,5253
wang_robust,3,5299
wang_robust,3,5320
wang_robust,3,5358
wang_robust,3,5455
wang_robust,3,5539
wang_robust,3,5604
wang_robust,3,5654
wang_robust,3,5660
wang_robust,3,5869
wang_robust,3,5953
wang_robust,3,6011
wang_robust,3,6072
wang_robust,3,6182
wang_robust,3,6188
wang_robust,3,6212
wang_robust,3,6309
wang_robust,3,6375
wang_robust,3,6404
wang_robust,3,6413
wang_robust,3,6480
wang_robust,3,6589
wang_robust,3,6595
wang_robust,3,6792
wang_robust,3,6862
wang_robust,3,6995
wang_robust,3,7312
wang_robust,3,7339
wang_robust,3,7549
wang_robust,3,7598
wang_robust,3,7654
wang_robust,3,7725
wang_robust,3,7756
wang_robust,3,7804
wang_robust,3,7909
wang_robust,3,8044
wang_robust,3,8079
wang_robust,3,8105
wang_robust,3,8418
wang_robust,3,8472
wang_robust,3,8612
wang_robust,3,8672
wang_robust,3,8849
wang_robust,3,8926
wang_robust,3,8931
wang_robust,3,8948
wang_robust,3,9013
wang_robust,3,9050
wang_robust,3,9058
wang_robust,3,9195
wang_robust,3,9204
wang_robust,3,9217
wang_robust,3,9513
wang_robust,3,9693
wang_robust,3,9887
wang_robust,3,9890
wang_robust,3,9922
wang_robust,3,10043
wang_robust,3,10078
wang_robust,3,10094
wang_robust,3,10109
wang_robust,3,10118
wang_robust,3,10405
wang_robust,3,10512
wang_robust,3,10520
wang_robust,3,10534
wang_robust,3,10550
wang_robust,3,10709
wang_robust,3,10821
wang_robust,3,10995
wang_robust,3,11177
wang_robust,3,11297
wang_robust,3,11316
wang_robust,3,11405
wang_robust,3,11503
wang_robust,3,11533
wang_robust,3,11674
wang_robust,3,11738
wang_robust,3,11851
wang_robust,3,11866
wang_robust,3,11961
wang_robust,3,12133
wang_robust,3,12195
wang_robust,3,12266
wang_robust,3,12268
wang_robust,3,12414
wang_robust,3,12459
wang_robust,3,12571
wang_robust,3,12617
wang_robust,3,12741
wang_robust,3,12889
wang_robust,3,12958
wang_robust,3,13255
wang_robust,3,13304
wang_robust,3,13531
wang_robust,3,13538
wang_robust,3,13629
wang_robust,3,13645
wang_robust,3,13670
wang_robust,3,13690
wang_robust,3,13739
wang_robust,3,13743
wang_robust,3,13772
wang_robust,3,13888
wang_robust,3,14004
wang_robust,3,14016
wang_robust,3,14182
wang_robust,3,14192
wang_robust,3,14241
wang_robust,3,14294
wang_robust,4,193
wang_robust,4,412
wang_robust,4,487
wang_robust,4,512
wang_robust,4,517
wang_robust,4,593
wang_robust,4,599
wang_robust,4,668
wang_robust,4,722
wang_robust,4,774
wang_robust,4,969
wang_robust,4,1089
wang_robust,4,1242
wang_robust,4,1368
wang_robust,4,1374
wang_robust,4,1694
wang_robust,4,1992
wang_robust,4,2435
wang_robust,4,2738
wang_robust,4,3091
wang_robust,4,3101
wang_robust,4,3177
wang_robust,4,3223
wang_robust,4,3241
wang_robust,4,3624
wang_robust,4,3736
wang_robust,4,3807
wang_robust,4,3981
wang_robust,4,3991
wang_robust,4,3994
wang_robust,4,4070
wang_robust,4,4141
wang_robust,4,4265
wang_robust,4,4266
wang_robust,4,4296
wang_robust,4,4494
wang_robust,4,4650
wang_robust,4,4652
wang_robust,4,4671
wang_robust,4,4857
wang_robust,4,4934
wang_robust,4,5014
wang_robust,4,5330
wang_robust,4,5384
wang_robust,4,5443
wang_robust,4,5637
wang_robust,4,5681
wang_robust,4,5728
wang_robust,4,5731
wang_robust,4,5799
wang_robust,4,5852
wang_robust,4,5873
wang_robust,4,5992
wang_robust,4,6134
wang_robust,4,6172
wang_robust,4,6236
wang_robust,4,6238
wang_robust,4,6361
wang_robust,4,6390
wang_robust,4,6825
wang_robust,4,7122
wang_robust,4,7169
wang_robust,4,7268
wang_robust,4,7324
wang_robust,4,7372
wang_robust,4,7528
wang_robust,4,7554
wang_robust,4,7615
wang_robust,4,7625
wang_robust,4,7846
wang_robust,4,7872
wang_robust,4,7955
wang_robust,4,8067
wang_robust,4,8262
wang_robust,4,8280
wang_robust,4,8286
wang_robust,4,8292
wang_robust,4,8339
wang_robust,4,8346
wang_robust,4,8348
wang_robust,4,8436
wang_robust,4,8691
wang_robust,4,8758
wang_robust,4,8886
wang_robust,4,8987
wang_robust,4,9158
wang_robust,4,9328
wang_robust,4,9374
wang_robust,4,9582
wang_robust,4,9795
wang_robust,4,9839
wang_robust,4,9876
wang_robust,4,10188
wang_robust,4,10275
wang_robust,4,10297
wang_robust,4,10401
wang_robust,4,10424
wang_robust,4,10546
wang_robust,4,10620
wang_robust,4,11185
wang_robust,4,11422
wang_robust,4,11538
wang_robust,4,11701
wang_robust,4,11932
wang_robust,4,12108
wang_robust,4,12162
wang_robust,4,12270
wang_robust,4,12309
wang_robust,4,12538
wang_robust,4,12595
wang_robust,4,12603
wang_robust,4,12609
wang_robust,4,12660
wang_robust,4,12853
wang_robust,4,12933
wang_robust,4,12934
wang_robust,4,12970
wang_robust,4,13008
wang_robust,4,13407
wang_robust,4,13505
wang_robust,4,13874
wang_robust,4,13994
wang_robust,4,14089
wang_robust,5,34
wang_robust,5,51
wang_robust,5,149
wang_robust,5,430
wang_robust,5,484
wang_robust,5,576
wang_robust,5,959
wang_robust,5,966
wang_robust,5,977
wang_robust,5,1062
wang_robust,5,1079
wang_robust,5,1298
wang_robust,5,1426
wang_robust,5,1665
wang_robust,5,1764
wang_robust,5,2112
wang_robust,5,2158
wang_robust,5,2228
wang_robust,5,2284
wang_robust,5,2511
wang_robust,5,2865
wang_robust,5,3132
wang_robust,5,3155
wang_robust,5,3194
wang_robust,5,3390
wang_robust,5,3481
wang_robust,5,3540
wang_robust,5,3607
wang_robust,5,3634
wang_robust,5,3685
wang_robust,5,3704
wang_robust,5,3805
wang_robust,5,4148
wang_robust,5,4196
wang_robust,5,4331
wang_robust,5,4407
wang_robust,5,4519
wang_robust,5,4644
wang_robust,5,4663
wang_robust,5,4724
wang_robust,5,4869
wang_robust,5,5153
wang_robust,5,5203
wang_robust,5,5229
wang_robust,5,5248
wang_robust,5,5364
wang_robust,5,5514
wang_robust,5,5798
wang_robust,5,6036
wang_robust,5,6290
wang_robust,5,6607
wang_robust,5,6813
wang_robust,5,6915
wang_robust,5,6982
wang_robust,5,7133
wang_robust,5,7261
wang_robust,5,7657
wang_robust,5,7873
wang_robust,5,7899
wang_robust,5,7994
wang_robust,5,8250
wang_robust,5,8298
wang_robust,5,8468
wang_robust,5,8636
wang_robust,5,8921
wang_robust,5,8949
wang_robust,5,9273
wang_robust,5,9362
wang_robust,5,9391
wang_robust,5,9417
wang_robust,5,9815
wang_robust,5,10041
wang_robust,5,10385
wang_robust,5,10499
wang_robust,5,10722
wang_robust,5,10813
wang_robust,5,10862
wang_robust,5,10926
wang_robust,5,11085
wang_robust,5,11731
wang_robust,5,11864
wang_robust,5,11992
wang_robust,5,12004
wang_robust,5,12183
wang_robust,5,12380
wang_robust,5,12544
wang_robust,5,12551
wang_robust,5,12588
wang_robust,5,12787
wang_robust,5,12830
wang_robust,5,12990
wang_robust,5,12995
wang_robust,5,13054
wang_robust,5,13268
wang_robust,5,13314
wang_robust,5,13615
wang_robust,5,13644
wang_robust,5,13950
wang_robust,5,13965
wang_robust,5,14004
wang_robust,5,14182
wang_robust,6,127
wang_robust,6,155
wang_robust,6,214
wang_robust,6,461
wang_robust,6,566
wang_robust,6,599
wang_robust,6,847
wang_robust,6,868
wang_robust,6,894
wang_robust,6,1159
wang_robust,6,1264
wang_robust,6,1372
wang_robust,6,1381
wang_robust,6,1585
wang_robust,6,1696
wang_robust,6,1809
wang_robust,6,1896
wang_robust,6,2161
wang_robust,6,2210
wang_robust,6,2453
wang_robust,6,2458
wang_robust,6,2660
wang_robust,6,2755
wang_robust,6,2938
wang_robust,6,3005
wang_robust,6,3157
wang_robust,6,3318
wang_robust,6,3343
wang_robust,6,3353
wang_robust,6,3568
wang_robust,6,3574
wang_robust,6,3611
wang_robust,6,3654
wang_robust,6,3664
wang_robust,6,3704
wang_robust,6,3730
wang_robust,6,3754
wang_robust,6,3891
wang_robust,6,4069
wang_robust,6,4426
wang_robust,6,4486
wang_robust,6,4551
wang_robust,6,4722
wang_robust,6,4855
wang_robust,6,5080
wang_robust,6,5187
wang_robust,6,5244
wang_robust,6,5308
wang_robust,6,5342
wang_robust,6,5371
wang_robust,6,5399
wang_robust,6,5934
wang_robust,6,6322
wang_robust,6,6458
wang_robust,6,6574
wang_robust,6,6659
wang_robust,6,6825
wang_robust,6,6858
wang_robust,6,6895
wang_robust,6,7397
wang_robust,6,7426
wang_robust,6,7472
wang_robust,6,7539
wang_robust,6,7569
wang_robust,6,7668
wang_robust,6,7778
wang_robust,6,7936
wang_robust,6,7994
wang_robust,6,8127
wang_robust,6,8169
wang_robust,6,8337
wang_robust,6,8385
wang_robust,6,8491
wang_robust,6,8519
wang_robust,6,8578
wang_robust,6,8673
wang_robust,6,8709
wang_robust,6,8733
wang_robust,6,8885
wang_robust,6,9066
wang_robust,6,9232
wang_robust,6,9265
wang_robust,6,9319
wang_robust,6,9471
wang_robust,6,9678
wang_robust,6,9746
wang_robust,6,9796
wang_robust,6,9827
wang_robust,6,10113
wang_robust,6,10114
wang_robust,6,10130
wang_robust,6,10213
wang_robust,6,10258
wang_robust,6,10274
wang_robust,6,10316
wang_robust,6,10438
wang_robust,6,10624
wang_robust,6,10743
wang_robust,6,10905
wang_robust,6,10951
wang_robust,6,11001
wang_robust,6,11101
wang_robust,6,11341
wang_robust,6,11559
wang_robust,6,11580
wang_robust,6,11623
wang_robust,6,11709
wang_robust,6,12040
wang_robust,6,12087
wang_robust,6,12171
wang_robust,6,12236
wang_robust,6,12302
wang_robust,6,12430
wang_robust,6,12543
wang_robust,6,12606
wang_robust,6,12987
wang_robust,6,13078
wang_robust,6,13182
wang_robust,6,13682
wang_robust,6,13685
wang_robust,6,13730
wang_robust,6,13766
wang_robust,6,13783
wang_robust,6,13894
wang_robust,6,13959
wang_robust,6,14096
wang_robust,6,14162
wang_robust,6,14235
wang_robust,7,580
wang_robust,7,633
wang_robust,7,665
wang_robust,7,760
wang_robust,7,780
wang_robust,7,824
wang_robust,7,957
wang_robust,7,1227
wang_robust,7,1342
wang_robust,7,1450
wang_robust,7,1491
wang_robust,7,1838
wang_robust,7,1851
wang_robust,7,2137
wang_robust,7,2307
wang_robust,7,2308
wang_robust,7,2369
wang_robust,7,2375
wang_robust,7,2448
wang_robust,7,2472
wang_robust,7,2497
wang_robust,7,2536
wang_robust,7,2553
wang_robust,7,2687
wang_robust,7,2736
wang_robust,7,2765
wang_robust,7,2816
wang_robust,7,2899
wang_robust,7,2956
wang_robust,7,2968
wang_robust,7,3035
wang_robust,7,3118
wang_robust,7,3125
wang_robust,7,3261
wang_robust,7,3367
wang_robust,7,3440
wang_robust,7,3555
wang_robust,7,3562
wang_robust,7,3626
wang_robust,7,3724
wang_robust,7,3741
wang_robust,7,3866
wang_robust,7,3888
wang_robust,7,3921
wang_robust,7,3971
wang_robust,7,3995
wang_robust,7,4593
wang_robust,7,4695
wang_robust,7,5010
wang_robust,7,5239
wang_robust,7,5304
wang_robust,7,5446
wang_robust,7,5505
wang_robust,7,5709
wang_robust,7,5738
wang_robust,7,5969
wang_robust,7,6091
wang_robust,7,6553
wang_robust,7,6600
wang_robust,7,6827
wang_robust,7,6900
wang_robust,7,6963
wang_robust,7,7193
wang_robust,7,7244
wang_robust,7,7322
wang_robust,7,7478
wang_robust,7,7601
wang_robust,7,7636
wang_robust,7,7835
wang_robust,7,8059
wang_robust,7,8196
wang_robust,7,8297
wang_robust,7,8302
wang_robust,7,8437
wang_robust,7,8565
wang_robust,7,8850
wang_robust,7,9300
wang_robust,7,9639
wang_robust,7,9727
wang_robust,7,9940
wang_robust,7,10014
wang_robust,7,10190
wang_robust,7,10191
wang_robust,7,10322
wang_robust,7,10481
wang_robust,7,10520
wang_robust,7,10691
wang_robust,7,11025
wang_robust,7,11035
wang_robust,7,11048
wang_robust,7,11113
wang_robust,7,11126
wang_robust,7,11163
wang_robust,7,11201
wang_robust,7,11354
wang_robust,7,11439
wang_robust,7,11478
wang_robust,7,11484
wang_robust,7,11532
wang_robust,7,11596
wang_robust,7,11744
wang_robust,7,11747
wang_robust,7,11990
wang_robust,7,12012
wang_robust,7,12090
wang_robust,7,12769
wang_robust,7,12770
wang_robust,7,12784
wang_robust,7,12811
wang_robust,7,12845
wang_robust,7,12910
wang_robust,7,13003
wang_robust,7,13111
wang_robust,7,13472
wang_robust,7,13573
wang_robust,7,13775
wang_robust,7,13875
wang_robust,7,13900
wang_robust,7,14067
wang_robust,7,14081
wang_robust,7,14181
wang_robust,7,14273
wang_robust,7,14297
wang_robust,8,51
wang_robust,8,64
wang_robust,8,108
wang_robust,8,251
wang_robust,8,272
wang_robust,8,479
wang_robust,8,652
wang_robust,8,741
wang_robust,8,770
wang_robust,8,1117
wang_robust,8,1156
wang_robust,8,1171
wang_robust,8,1294
wang_robust,8,1352
wang_robust,8,1406
wang_robust,8,1422
wang_robust,8,1697
wang_robust,8,1829
wang_robust,8,1883
wang_robust,8,2053
wang_robust,8,2056
wang_robust,8,2118
wang_robust,8,2124
wang_robust,8,2322
wang_robust,8,2349
wang_robust,8,2421
wang_robust,8,2450
wang_robust,8,2455
wang_robust,8,2617
wang_robust,8,2675
wang_robust,8,2757
wang_robust,8,2794
wang_robust,8,2952
wang_robust,8,3093
wang_robust,8,3166
wang_robust,8,3346
wang_robust,8,3486
wang_robust,8,3912
wang_robust,8,4034
wang_robust,8,4137
wang_robust,8,4150
wang_robust,8,4226
wang_robust,8,4233
wang_robust,8,4244
wang_robust,8,4290
wang_robust,8,4408
wang_robust,8,4469
wang_robust,8,4533
wang_robust,8,4785
wang_robust,8,4855
wang_robust,8,5060
wang_robust,8,5144
wang_robust,8,5156
wang_robust,8,5266
wang_robust,8,5353
wang_robust,8,5566
wang_robust,8,5736
wang_robust,8,5883
wang_robust,8,5930
wang_robust,8,5935
wang_robust,8,5969
wang_robust,8,5988
wang_robust,8,6055
wang_robust,8,6187
wang_robust,8,6197
wang_robust,8,6217
wang_robust,8,6225
wang_robust,8,6371
wang_robust,8,6389
wang_robust,8,6512
wang_robust,8,6551
wang_robust,8,6823
wang_robust,8,7037
wang_robust,8,7080
wang_robust,8,7095
wang_robust,8,7130
wang_robust,8,7171
wang_robust,8,7502
wang_robust,8,7648
wang_robust,8,7710
wang_robust,8,7726
wang_robust,8,7735
wang_robust,8,7821
wang_robust,8,7831
wang_robust,8,8022
wang_robust,8,8094
wang_robust,8,8107
wang_robust,8,8411
wang_robust,8,8468
wang_robust,8,8487
wang_robust,8,9035
wang_robust,8,9110
wang_robust,8,9211
wang_robust,8,9217
wang_robust,8,9219
wang_robust,8,9257
wang_robust,8,9290
wang_robust,8,9312
wang_robust,8,9335
wang_robust,8,9841
wang_robust,8,9966
wang_robust,8,10006
wang_robust,8,10338
wang_robust,8,10386
wang_robust,8,10621
wang_robust,8,10685
wang_robust,8,10712
wang_robust,8,10776
wang_robust,8,10808
wang_robust,8,10894
wang_robust,8,10901
wang_robust,8,10947
wang_robust,8,11001
wang_robust,8,11101
wang_robust,8,11127
wang_robust,8,11150
wang_robust,8,11309
wang_robust,8,11351
wang_robust,8,11398
wang_robust,8,11420
wang_robust,8,11628
wang_robust,8,11658
wang_robust,8,11705
wang_robust,8,11726
wang_robust,8,11742
wang_robust,8,11785
wang_robust,8,12004
wang_robust,8,12022
wang_robust,8,12109
wang_robust,8,12139
wang_robust,8,12149
wang_robust,8,12170
wang_robust,8,12196
wang_robust,8,12413
wang_robust,8,12438
wang_robust,8,12501
wang_robust,8,12668
wang_robust,8,12689
wang_robust,8,12758
wang_robust,8,13149
wang_robust,8,13177
wang_robust,8,13198
wang_robust,8,13215
wang_robust,8,13337
wang_robust,8,13396
wang_robust,8,13477
wang_robust,8,13500
wang_robust,8,13520
wang_robust,8,13616
wang_robust,8,13638
wang_robust,8,13656
wang_robust,8,13810
wang_robust,8,13947
wang_robust,8,13998
wang_robust,8,14075
wang_robust,8,14194
wang_robust,8,14273
wang_robust,8,14280
wang_robust,8,14282
wang_robust,8,14301
wang_robust,8,14302
wang_robust,9,513
wang_robust,9,613
wang_robust,9,779
wang_robust,9,959
wang_robust,9,1029
wang_robust,9,1034
wang_robust,9,1068
wang_robust,9,1117
wang_robust,9,1206
wang_robust,9,1225
wang_robust,9,1424
wang_robust,9,1516
wang_robust,9,1532
wang_robust,9,1718
wang_robust,9,1793
wang_robust,9,2008
wang_robust,9,2095
wang_robust,9,2134
wang_robust,9,2179
wang_robust,9,2280
wang_robust,9,2513
wang_robust,9,2541
wang_robust,9,2807
wang_robust,9,2814
wang_robust,9,2845
wang_robust,9,3061
wang_robust,9,3091
wang_robust,9,3098
wang_robust,9,3144
wang_robust,9,3247
wang_robust,9,3299
wang_robust,9,3354
wang_robust,9,3562
wang_robust,9,3791
wang_robust,9,3895
wang_robust,9,4435
wang_robust,9,4562
wang_robust,9,4569
wang_robust,9,4594
wang_robust,9,4597
wang_robust,9,4716
wang_robust,9,4856
wang_robust,9,4944
wang_robust,9,4980
wang_robust,9,5060
wang_robust,9,5127
wang_robust,9,5184
wang_robust,9,5236
wang_robust,9,5305
wang_robust,9,5406
wang_robust,9,5423
wang_robust,9,5461
wang_robust,9,5679
wang_robust,9,5714
wang_robust,9,5766
wang_robust,9,5813
wang_robust,9,5887
wang_robust,9,5924
wang_robust,9,5952
wang_robust,9,6064
wang_robust,9,6091
wang_robust,9,6160
wang_robust,9,6176
wang_robust,9,6413
wang_robust,9,6453
wang_robust,9,6505
wang_robust,9,6724
wang_robust,9,6873
wang_robust,9,6889
wang_robust,9,6992
wang_robust,9,7093
wang_robust,9,7157
wang_robust,9,7363
wang_robust,9,7507
wang_robust,9,7631
wang_robust,9,7636
wang_robust,9,7653
wang_robust,9,7688
wang_robust,9,7699
wang_robust,9,8020
wang_robust,9,8197
wang_robust,9,8224
wang_robust,9,8233
wang_robust,9,8531
wang_robust,9,8590
wang_robust,9,8617
wang_robust,9,8691
wang_robust,9,8698
wang_robust,9,8728
wang_robust,9,8785
wang_robust,9,8804
wang_robust,9,8989
wang_robust,9,9086
wang_robust,9,9172
wang_robust,9,9175
wang_robust,9,9199
wang_robust,9,9306
wang_robust,9,9325
wang_robust,9,9357
wang_robust,9,9368
wang_robust,9,9420
wang_robust,9,9439
wang_robust,9,9469
wang_robust,9,9494
wang_robust,9,9519
wang_robust,9,9645
wang_robust,9,9660
wang_robust,9,9771
wang_robust,9,9826
wang_robust,9,9879
wang_robust,9,9962
wang_robust,9,10020
wang_robust,9,10073
wang_robust,9,10163
wang_robust,9,10340
wang_robust,9,10519
wang_robust,9,10542
wang_robust,9,10569
wang_robust,9,10735
wang_robust,9,10774
wang_robust,9,10820
wang_robust,9,10846
wang_robust,9,10888
wang_robust,9,10963
wang_robust,9,10979
wang_robust,9,11137
wang_robust,9,11163
wang_robust,9,11449
wang_robust,9,11543
wang_robust,9,11556
wang_robust,9,11570
wang_robust,9,11582
wang_robust,9,12379
wang_robust,9,12608
wang_robust,9,12703
wang_robust,9,12986
wang_robust,9,13170
wang_robust,9,13176
wang_robust,9,13382
wang_robust,9,13602
wang_robust,9,13622
wang_robust,9,13753
wang_robust,9,14104
wang_robust,9,14265
wang_robust,9,14278
wang_robust,10,259
wang_robust,10,260
wang_robust,10,326
wang_robust,10,624
wang_robust,10,631
wang_robust,10,715
wang_robust,10,782
wang_robust,10,802
wang_robust,10,817
wang_robust,10,861
wang_robust,10,954
wang_robust,10,1024
wang_robust,10,1091
wang_robust,10,1451
wang_robust,10,1624
wang_robust,10,1839
wang_robust,10,1906
wang_robust,10,1960
wang_robust,10,1973
wang_robust,10,2206
wang_robust,10,2238
wang_robust,10,2277
wang_robust,10,2324
wang_robust,10,2367
wang_robust,10,2375
wang_robust,10,2396
wang_robust,10,2404
wang_robust,10,2437
wang_robust,10,2479
wang_robust,10,2746
wang_robust,10,2809
wang_robust,10,2828
wang_robust,10,2832
wang_robust,10,3056
wang_robust,10,3100
wang_robust,10,3463
wang_robust,10,3468
wang_robust,10,3534
wang_robust,10,3609
wang_robust,10,3729
wang_robust,10,3809
wang_robust,10,4013
wang_robust,10,4036
wang_robust,10,4199
wang_robust,10,4282
wang_robust,10,4388
wang_robust,10,4857
wang_robust,10,4903
wang_robust,10,5005
wang_robust,10,5025
wang_robust,10,5191
wang_robust,10,5264
wang_robust,10,5437
wang_robust,10,5561
wang_robust,10,5765
wang_robust,10,5989
wang_robust,10,6026
wang_robust,10,6096
wang_robust,10,6143
wang_robust,10,6230
wang_robust,10,6343
wang_robust,10,6362
wang_robust,10,6399
wang_robust,10,6423
wang_robust,10,6567
wang_robust,10,7015
wang_robust,10,7028
wang_robust,10,7086
wang_robust,10,7310
wang_robust,10,7313
wang_robust,10,7411
wang_robust,10,7964
wang_robust,10,8120
wang_robust,10,8140
wang_robust,10,8182
wang_robust,10,8224
wang_robust,10,8268
wang_robust,10,8289
wang_robust,10,8367
wang_robust,10,8445
wang_robust,10,8590
wang_robust,10,8664
wang_robust,10,8740
wang_robust,10,8855
wang_robust,10,8999
wang_robust,10,9006
wang_robust,10,9053
wang_robust,10,9064
wang_robust,10,9132
wang_robust,10,9202
wang_robust,10,9229
wang_robust,10,9259
wang_robust,10,9265
wang_robust,10,9282
wang_robust,10,9359
wang_robust,10,9366
wang_robust,10,9696
wang_robust,10,9746
wang_robust,10,9798
wang_robust,10,9946
wang_robust,10,9997
wang_robust,10,10032
wang_robust,10,10108
wang_robust,10,10243
wang_robust,10,10254
wang_robust,10,10368
wang_robust,10,10415
wang_robust,10,10439
wang_robust,10,10468
wang_robust,10,10524
wang_robust,10,10573
wang_robust,10,10635
wang_robust,10,10846
wang_robust,10,10882
wang_robust,10,10890
wang_robust,10,10924
wang_robust,10,10925
wang_robust,10,10943
wang_robust,10,11162
wang_robust,10,11190
wang_robust,10,11219
wang_robust,10,11233
wang_robust,10,11258
wang_robust,10,11333
wang_robust,10,11412
wang_robust,10,11711
wang_robust,10,11758
wang_robust,10,11870
wang_robust,10,11871
wang_robust,10,11886
wang_robust,10,11889
wang_robust,10,12359
wang_robust,10,12441
wang_robust,10,12591
wang_robust,10,12626
wang_robust,10,12642
wang_robust,10,12645
wang_robust,10,12876
wang_robust,10,13020
wang_robust,10,13069
wang_robust,10,13241
wang_robust,10,13269
wang_robust,10,13344
wang_robust,10,13422
wang_robust,10,13456
wang_robust,10,13729
wang_robust,10,13870
wang_robust,10,13895
wang_robust,10,13966
wang_robust,10,14055
wang_robust,10,14087
wang_robust,10,14295
wang_robust,10,14329
wang_robust,11,82
wang_robust,11,98
wang_robust,11,245
wang_robust,11,322
wang_robust,11,767
wang_robust,11,828
wang_robust,11,854
wang_robust,11,879
wang_robust,11,1009
wang_robust,11,1076
wang_robust,11,1209
wang_robust,11,1223
wang_robust,11,1241
wang_robust,11,1292
wang_robust,11,1369
wang_robust,11,1468
wang_robust,11,1683
wang_robust,11,1706
wang_robust,11,1756
wang_robust,11,1781
wang_robust,11,1792
wang_robust,11,1794
wang_robust,11,1928
wang_robust,11,2026
wang_robust,11,2166
wang_robust,11,2198
wang_robust,11,2406
wang_robust,11,2582
wang_robust,11,2741
wang_robust,11,2946
wang_robust,11,2966
wang_robust,11,3082
wang_robust,11,3113
wang_robust,11,3328
wang_robust,11,3638
wang_robust,11,3645
wang_robust,11,3650
wang_robust,11,3674
wang_robust,11,3679
wang_robust,11,3705
wang_robust,11,3811
wang_robust,11,3892
wang_robust,11,3969
wang_robust,11,4034
wang_robust,11,4088
wang_robust,11,4258
wang_robust,11,4633
wang_robust,11,4654
wang_robust,11,4846
wang_robust,11,5077
wang_robust,11,5137
wang_robust,11,5147
wang_robust,11,5151
wang_robust,11,5159
wang_robust,11,5236
wang_robust,11,5288
wang_robust,11,5290
wang_robust,11,5315
wang_robust,11,5471
wang_robust,11,5500
wang_robust,11,5652
wang_robust,11,5737
wang_robust,11,5828
wang_robust,11,5877
wang_robust,11,5960
wang_robust,11,5996
wang_robust,11,5999
wang_robust,11,6137
wang_robust,11,6148
wang_robust,11,6169
wang_robust,11,6293
wang_robust,11,6367
wang_robust,11,6383
wang_robust,11,6582
wang_robust,11,6632
wang_robust,11,6658
wang_robust,11,6729
wang_robust,11,6731
wang_robust,11,6786
wang_robust,11,6852
wang_robust,11,6903
wang_robust,11,6907
wang_robust,11,7064
wang_robust,11,7106
wang_robust,11,7300
wang_robust,11,7352
wang_robust,11,7395
wang_robust,11,7616
wang_robust,11,7643
wang_robust,11,7661
wang_robust,11,7809
wang_robust,11,7886
wang_robust,11,7912
wang_robust,11,7922
wang_robust,11,7934
wang_robust,11,8016
wang_robust,11,8154
wang_robust,11,8260
wang_robust,11,8282
wang_robust,11,8286
wang_robust,11,8344
wang_robust,11,8536
wang_robust,11,8784
wang_robust,11,8826
wang_robust,11,8930
wang_robust,11,8989
wang_robust,11,9020
wang_robust,11,9045
wang_robust,11,9057
wang_robust,11,9192
wang_robust,11,9254
wang_robust,11,9566
wang_robust,11,9593
wang_robust,11,10085
wang_robust,11,10096
wang_robust,11,10189
wang_robust,11,10274
wang_robust,11,10333
wang_robust,11,10368
wang_robust,11,10469
wang_robust,11,10812
wang_robust,11,10880
wang_robust,11,10949
wang_robust,11,10998
wang_robust,11,11063
wang_robust,11,11330
wang_robust,11,11372
wang_robust,11,11380
wang_robust,11,11459
wang_robust,11,11465
wang_robust,11,11498
wang_robust,11,11523
wang_robust,11,11850
wang_robust,11,12087
wang_robust,11,12126
wang_robust,11,12177
wang_robust,11,12239
wang_robust,11,12308
wang_robust,11,12363
wang_robust,11,12405
wang_robust,11,12417
wang_robust,11,12492
wang_robust,11,12513
wang_robust,11,12555
wang_robust,11,12699
wang_robust,11,12875
wang_robust,11,13008
wang_robust,11,13107
wang_robust,11,13241
wang_robust,11,13284
wang_robust,11,13442
wang_robust,11,13460
wang_robust,11,13464
wang_robust,11,13551
wang_robust,11,13691
wang_robust,11,13788
wang_robust,11,13904
wang_robust,11,13919
wang_robust,11,13941
wang_robust,11,13958
wang_robust,11,14011
wang_robust,11,14049
wang_robust,11,14271
wang_robust,11,14314
wang_robust,12,30
wang_robust,12,231
wang_robust,12,234
wang_robust,12,247
wang_robust,12,259
wang_robust,12,299
wang_robust,12,336
wang_robust,12,425
wang_robust,12,499
wang_robust,12,504
wang_robust,12,707
wang_robust,12,771
wang_robust,12,798
wang_robust,12,833
wang_robust,12,858
wang_robust,12,1122
wang_robust,12,1187
wang_robust,12,1193
wang_robust,12,1196
wang_robust,12,1262
wang_robust,12,1314
wang_robust,12,1340
wang_robust,12,1481
wang_robust,12,1489
wang_robust,12,1493
wang_robust,12,1505
wang_robust,12,1539
wang_robust,12,1782
wang_robust,12,1815
wang_robust,12,2219
wang_robust,12,2243
wang_robust,12,2254
wang_robust,12,2263
wang_robust,12,2354
wang_robust,12,2571
wang_robust,12,2577
wang_robust,12,2678
wang_robust,12,2886
wang_robust,12,2910
wang_robust,12,2963
wang_robust,12,2997
wang_robust,12,3018
wang_robust,12,3128
wang_robust,12,3236
wang_robust,12,3244
wang_robust,12,3361
wang_robust,12,3506
wang_robust,12,3544
wang_robust,12,3601
wang_robust,12,3686
wang_robust,12,3693
wang_robust,12,3700
wang_robust,12,3747
wang_robust,12,3779
wang_robust,12,3794
wang_robust,12,3838
wang_robust,12,3900
wang_robust,12,3967
wang_robust,12,4019
wang_robust,12,4453
wang_robust,12,4498
wang_robust,12,4515
wang_robust,12,4688
wang_robust,12,4744
wang_robust,12,4762
wang_robust,12,4768
wang_robust,12,4856
wang_robust,12,4888
wang_robust,12,5006
wang_robust,12,5277
wang_robust,12,5312
wang_robust,12,5324
wang_robust,12,5460
wang_robust,12,5461
wang_robust,12,5496
wang_robust,12,5503
wang_robust,12,5536
wang_robust,12,5624
wang_robust,12,5909
wang_robust,12,6030
wang_robust,12,6063
wang_robust,12,6137
wang_robust,12,6279
wang_robust,12,6390
wang_robust,12,6448
wang_robust,12,6581
wang_robust,12,6692
wang_robust,12,6792
wang_robust,12,6851
wang_robust,12,6904
wang_robust,12,6966
wang_robust,12,7063
wang_robust,12,7070
wang_robust,12,7221
wang_robust,12,7259
wang_robust,12,7298
wang_robust,12,7342
wang_robust,12,7349
wang_robust,12,7382
wang_robust,12,7467
wang_robust,12,7532
wang_robust,12,7557
wang_robust,12,7632
wang_robust,12,7660
wang_robust,12,7676
wang_robust,12,7752
wang_robust,12,7844
wang_robust,12,7896
wang_robust,12,8032
wang_robust,12,8198
wang_robust,12,8240
wang_robust,12,8258
wang_robust,12,8319
wang_robust,12,8386
wang_robust,12,8397
wang_robust,12,8419
wang_robust,12,8705
wang_robust,12,8895
wang_robust,12,8929
wang_robust,12,8978
wang_robust,12,9000
wang_robust,12,9035
wang_robust,12,9114
wang_robust,12,9150
wang_robust,12,9229
wang_robust,12,9254
wang_robust,12,9303
wang_robust,12,9467
wang_robust,12,9533
wang_robust,12,9565
wang_robust,12,9573
wang_robust,12,9581
wang_robust,12,9673
wang_robust,12,9772
wang_robust,12,9777
wang_robust,12,9795
wang_robust,12,9860
wang_robust,12,9906
wang_robust,12,10051
wang_robust,12,10100
wang_robust,12,10107
wang_robust,12,10174
wang_robust,12,10277
wang_robust,12,10334
wang_robust,12,10381
wang_robust,12,10397
wang_robust,12,10591
wang_robust,12,10670
wang_robust,12,10705
wang_robust,12,10867
wang_robust,12,10943
wang_robust,12,10989
wang_robust,12,11155
wang_robust,12,11262
wang_robust,12,11496
wang_robust,12,11610
wang_robust,12,11781
wang_robust,12,11794
wang_robust,12,11799
wang_robust,12,11873
wang_robust,12,11927
wang_robust,12,12099
wang_robust,12,12301
wang_robust,12,12306
wang_robust,12,12483
wang_robust,12,12500
wang_robust,12,12591
wang_robust,12,12701
wang_robust,12,12793
wang_robust,12,12812
wang_robust,12,12871
wang_robust,12,12935
wang_robust,12,13053
wang_robust,12,13159
wang_robust,12,13198
wang_robust,12,13237
wang_robust,12,13368
wang_robust,12,13395
wang_robust,12,13498
wang_robust,12,13513
wang_robust,12,13588
wang_robust,12,13622
wang_robust,12,13783
wang_robust,12,13821
wang_robust,12,13838
wang_robust,12,13867
wang_robust,12,13868
wang_robust,12,13916
wang_robust,12,14129
wang_robust,12,14269
wang_robust,12,14283
wang_robust,12,14309
wang_robust,12,14318
wang_robust,13,37
wang_robust,13,44
wang_robust,13,54
wang_robust,13,157
wang_robust,13,179
wang_robust,13,307
wang_robust,13,411
wang_robust,13,594
wang_robust,13,599
wang_robust,13,614
wang_robust,13,667
wang_robust,13,729
wang_robust,13,818
wang_robust,13,853
wang_robust,13,883
wang_robust,13,884
wang_robust,13,954
wang_robust,13,1057
wang_robust,13,1075
wang_robust,13,1076
wang_robust,13,1110
wang_robust,13,1187
wang_robust,13,1199
wang_robust,13,1240
wang_robust,13,1301
wang_robust,13,1317
wang_robust,13,1350
wang_robust,13,1572
wang_robust,13,1640
wang_robust,13,1745
wang_robust,13,1790
wang_robust,13,1856
wang_robust,13,1922
wang_robust,13,2041
wang_robust,13,2050
wang_robust,13,2113
wang_robust,13,2212
wang_robust,13,2251
wang_robust,13,2361
wang_robust,13,2372
wang_robust,13,2532
wang_robust,13,2550
wang_robust,13,2654
wang_robust,13,2837
wang_robust,13,2862
wang_robust,13,3069
wang_robust,13,3112
wang_robust,13,3368
wang_robust,13,3422
wang_robust,13,3557
wang_robust,13,3662
wang_robust,13,3783
wang_robust,13,3843
wang_robust,13,3914
wang_robust,13,4038
wang_robust,13,4067
wang_robust,13,4131
wang_robust,13,4274
wang_robust,13,4297
wang_robust,13,4325
wang_robust,13,4337
wang_robust,13,4381
wang_robust,13,4389
wang_robust,13,4411
wang_robust,13,4483
wang_robust,13,4703
wang_robust,13,4867
wang_robust,13,4961
wang_robust,13,5004
wang_robust,13,5109
wang_robust,13,5383
wang_robust,13,5410
wang_robust,13,5529
wang_robust,13,5534
wang_robust,13,5538
wang_robust,13,5798
wang_robust,13,5808
wang_robust,13,5818
wang_robust,13,5839
wang_robust,13,5856
wang_robust,13,6235
wang_robust,13,6552
wang_robust,13,6764
wang_robust,13,6771
wang_robust,13,6888
wang_robust,13,6998
wang_robust,13,7307
wang_robust,13,7554
wang_robust,13,7580
wang_robust,13,7588
wang_robust,13,7653
wang_robust,13,7727
wang_robust,13,7787
wang_robust,13,7912
wang_robust,13,7913
wang_robust,13,7970
wang_robust,13,8018
wang_robust,13,8139
wang_robust,13,8145
wang_robust,13,8310
wang_robust,13,8325
wang_robust,13,8822
wang_robust,13,8823
wang_robust,13,9142
wang_robust,13,9172
wang_robust,13,9240
wang_robust,13,9249
wang_robust,13,9330
wang_robust,13,9336
wang_robust,13,9371
wang_robust,13,9392
wang_robust,13,9415
wang_robust,13,9458
wang_robust,13,9503
wang_robust,13,9506
wang_robust,13,9568
wang_robust,13,9678
wang_robust,13,9698
wang_robust,13,9782
wang_robust,13,9816
wang_robust,13,9848
wang_robust,13,9896
wang_robust,13,10053
wang_robust,13,10062
wang_robust,13,10139
wang_robust,13,10161
wang_robust,13,10198
wang_robust,13,10281
wang_robust,13,10449
wang_robust,13,10450
wang_robust,13,10483
wang_robust,13,10556
wang_robust,13,10653
wang_robust,13,10672
wang_robust,13,10677
wang_robust,13,10798
wang_robust,13,10939
wang_robust,13,11012
wang_robust,13,11090
wang_robust,13,11182
wang_robust,13,11281
wang_robust,13,11349
wang_robust,13,11441
wang_robust,13,11443
wang_robust,13,11494
wang_robust,13,11508
wang_robust,13,11597
wang_robust,13,11828
wang_robust,13,11841
wang_robust,13,11866
wang_robust,13,11932
wang_robust,13,11970
wang_robust,13,12059
wang_robust,13,12105
wang_robust,13,12248
wang_robust,13,12258
wang_robust,13,12287
wang_robust,13,12356
wang_robust,13,12376
wang_robust,13,12418
wang_robust,13,12485
wang_robust,13,12503
wang_robust,13,12570
wang_robust,13,12627
wang_robust,13,12638
wang_robust,13,12808
wang_robust,13,13044
wang_robust,13,13046
wang_robust,13,13146
wang_robust,13,13309
wang_robust,13,13321
wang_robust,13,13366
wang_robust,13,13429
wang_robust,13,13508
wang_robust,13,13518
wang_robust,13,13561
wang_robust,13,13608
wang_robust,13,13660
wang_robust,13,13674
wang_robust,13,13879
wang_robust,13,13897
wang_robust,13,13898
wang_robust,13,14102
wang_robust,13,14119
wang_robust,13,14204
wang_robust,14,64
wang_robust,14,75
wang_robust,14,113
wang_robust,14,162
wang_robust,14,261
wang_robust,14,268
wang_robust,14,294
wang_robust,14,405
wang_robust,14,451
wang_robust,14,546
wang_robust,14,666
wang_robust,14,702
wang_robust,14,708
wang_robust,14,1166
wang_robust,14,1237
wang_robust,14,1264
wang_robust,14,1303
wang_robust,14,1383
wang_robust,14,1388
wang_robust,14,1441
wang_robust,14,1456
wang_robust,14,1464
wang_robust,14,1559
wang_robust,14,1653
wang_robust,14,1693
wang_robust,14,2107
wang_robust,14,2229
wang_robust,14,2273
wang_robust,14,2291
wang_robust,14,2318
wang_robust,14,2437
wang_robust,14,2618
wang_robust,14,2647
wang_robust,14,2822
wang_robust,14,2848
wang_robust,14,2866
wang_robust,14,2990
wang_robust,14,3119
wang_robust,14,3716
wang_robust,14,3720
wang_robust,14,3867
wang_robust,14,3917
wang_robust,14,3997
wang_robust,14,4045
wang_robust,14,4204
wang_robust,14,4283
wang_robust,14,4329
wang_robust,14,4371
wang_robust,14,4443
wang_robust,14,4484
wang_robust,14,4671
wang_robust,14,4832
wang_robust,14,4848
wang_robust,14,5056
wang_robust,14,5203
wang_robust,14,5332
wang_robust,14,5415
wang_robust,14,5441
wang_robust,14,5533
wang_robust,14,5630
wang_robust,14,5718
wang_robust,14,5730
wang_robust,14,5879
wang_robust,14,5883
wang_robust,14,5911
wang_robust,14,6136
wang_robust,14,6146
wang_robust,14,6185
wang_robust,14,6190
wang_robust,14,6197
wang_robust,14,6234
wang_robust,14,6246
wang_robust,14,6265
wang_robust,14,6266
wang_robust,14,6652
wang_robust,14,6734
wang_robust,14,6767
wang_robust,14,7017
wang_robust,14,7104
wang_robust,14,7265
wang_robust,14,7277
wang_robust,14,7508
wang_robust,14,7536
wang_robust,14,7660
wang_robust,14,7673
wang_robust,14,8047
wang_robust,14,8077
wang_robust,14,8243
wang_robust,14,8282
wang_robust,14,8331
wang_robust,14,8361
wang_robust,14,8377
wang_robust,14,8504
wang_robust,14,8511
wang_robust,14,8577
wang_robust,14,8688
wang_robust,14,8712
wang_robust,14,8738
wang_robust,14,8742
wang_robust,14,8756
wang_robust,14,8864
wang_robust,14,8940
wang_robust,14,9055
wang_robust,14,9078
wang_robust,14,9228
wang_robust,14,9318
wang_robust,14,9466
wang_robust,14,9590
wang_robust,14,9641
wang_robust,14,9722
wang_robust,14,9724
wang_robust,14,9932
wang_robust,14,9976
wang_robust,14,10144
wang_robust,14,10149
wang_robust,14,10169
wang_robust,14,10186
wang_robust,14,10265
wang_robust,14,10512
wang_robust,14,10526
wang_robust,14,10556
wang_robust,14,10790
wang_robust,14,10824
wang_robust,14,10875
wang_robust,14,10884
wang_robust,14,10937
wang_robust,14,11002
wang_robust,14,11317
wang_robust,14,11352
wang_robust,14,11528
wang_robust,14,11571
wang_robust,14,11631
wang_robust,14,11661
wang_robust,14,11733
wang_robust,14,11766
wang_robust,14,11835
wang_robust,14,11861
wang_robust,14,11863
wang_robust,14,12033
wang_robust,14,12067
wang_robust,14,12271
wang_robust,14,12321
wang_robust,14,12451
wang_robust,14,12490
wang_robust,14,12506
wang_robust,14,12585
wang_robust,14,12736
wang_robust,14,12758
wang_robust,14,12803
wang_robust,14,12823
wang_robust,14,12852
wang_robust,14,13100
wang_robust,14,13182
wang_robust,14,13315
wang_robust,14,13331
wang_robust,14,13359
wang_robust,14,13583
wang_robust,14,13596
wang_robust,14,13615
wang_robust,14,13622
wang_robust,14,13781
wang_robust,14,13795
wang_robust,14,13824
wang_robust,14,13983
wang_robust,14,14080
wang_robust,14,14151
wang_robust,14,14167
wang_robust,14,14243
wang_robust,14,14246
wang_robust,14,14281
wang_robust,14,14318
wang_robust,14,14322
wang_robust,15,54
wang_robust,15,202
wang_robust,15,274
wang_robust,15,689
wang_robust,15,718
wang_robust,15,767
wang_robust,15,877
wang_robust,15,957
wang_robust,15,1115
wang_robust,15,1326
wang_robust,15,1488
wang_robust,15,1495
wang_robust,15,1596
wang_robust,15,1702
wang_robust,15,1706
wang_robust,15,1719
wang_robust,15,1871
wang_robust,15,2076
wang_robust,15,2100
wang_robust,15,2173
wang_robust,15,2379
wang_robust,15,2447
wang_robust,15,2853
wang_robust,15,2867
wang_robust,15,2909
wang_robust,15,3129
wang_robust,15,3216
wang_robust,15,3234
wang_robust,15,3352
wang_robust,15,3461
wang_robust,15,3486
wang_robust,15,3646
wang_robust,15,3738
wang_robust,15,3816
wang_robust,15,3820
wang_robust,15,3927
wang_robust,15,3933
wang_robust,15,4039
wang_robust,15,4096
wang_robust,15,4167
wang_robust,15,4183
wang_robust,15,4307
wang_robust,15,4409
wang_robust,15,4476
wang_robust,15,4502
wang_robust,15,4668
wang_robust,15,5037
wang_robust,15,5198
wang_robust,15,5228
wang_robust,15,5431
wang_robust,15,5436
wang_robust,15,5450
wang_robust,15,5546
wang_robust,15,5554
wang_robust,15,5694
wang_robust,15,5747
wang_robust,15,5838
wang_robust,15,5862
wang_robust,15,5895
wang_robust,15,6120
wang_robust,15,6164
wang_robust,15,6176
wang_robust,15,6350
wang_robust,15,6360
wang_robust,15,6692
wang_robust,15,6730
wang_robust,15,6765
wang_robust,15,6839
wang_robust,15,6844
wang_robust,15,6886
wang_robust,15,6944
wang_robust,15,7028
wang_robust,15,7163
wang_robust,15,7234
wang_robust,15,7241
wang_robust,15,7398
wang_robust,15,7441
wang_robust,15,7449
wang_robust,15,7452
wang_robust,15,7566
wang_robust,15,7587
wang_robust,15,7654
wang_robust,15,7851
wang_robust,15,7860
wang_robust,15,7882
wang_robust,15,7922
wang_robust,15,7992
wang_robust,15,8054
wang_robust,15,8117
wang_robust,15,8165
wang_robust,15,8210
wang_robust,15,8218
wang_robust,15,8491
wang_robust,15,8528
wang_robust,15,8570
wang_robust,15,8597
wang_robust,15,8645
wang_robust,15,8789
wang_robust,15,8809
wang_robust,15,8811
wang_robust,15,8884
wang_robust,15,8948
wang_robust,15,9069
wang_robust,15,9113
wang_robust,15,9137
wang_robust,15,9166
wang_robust,15,9180
wang_robust,15,9544
wang_robust,15,9732
wang_robust,15,9762
wang_robust,15,9860
wang_robust,15,9899
wang_robust,15,10042
wang_robust,15,10050
wang_robust,15,10193
wang_robust,15,10229
wang_robust,15,10381
wang_robust,15,10388
wang_robust,15,10573
wang_robust,15,10580
wang_robust,15,10757
wang_robust,15,10840
wang_robust,15,10868
wang_robust,15,11012
wang_robust,15,11129
wang_robust,15,11403
wang_robust,15,11413
wang_robust,15,11537
wang_robust,15,11734
wang_robust,15,11735
wang_robust,15,11781
wang_robust,15,11808
wang_robust,15,11884
wang_robust,15,11900
wang_robust,15,12048
wang_robust,15,12213
wang_robust,15,12270
wang_robust,15,12435
wang_robust,15,12497
wang_robust,15,12593
wang_robust,15,12728
wang_robust,15,12749
wang_robust,15,12782
wang_robust,15,12896
wang_robust,15,12930
wang_robust,15,12953
wang_robust,15,12964
wang_robust,15,12998
wang_robust,15,13034
wang_robust,15,13139
wang_robust,15,13211
wang_robust,15,13256
wang_robust,15,13315
wang_robust,15,13454
wang_robust,15,13551
wang_robust,15,13752
wang_robust,15,14027
wang_robust,15,14161
wang_robust,15,14188
wang_robust,15,14263
wang_robust,16,184
wang_robust,16,458
wang_robust,16,485
wang_robust,16,705
wang_robust,16,707
wang_robust,16,887
wang_robust,16,1013
wang_robust,16,1146
wang_robust,16,1249
wang_robust,16,1374
wang_robust,16,1501
wang_robust,16,1612
wang_robust,16,1656
wang_robust,16,1734
wang_robust,16,1760
wang_robust,16,1834
wang_robust,16,1947
wang_robust,16,1999
wang_robust,16,2239
wang_robust,16,2287
wang_robust,16,2313
wang_robust,16,2333
wang_robust,16,2463
wang_robust,16,2592
wang_robust,16,2627
wang_robust,16,2679
wang_robust,16,2729
wang_robust,16,2751
wang_robust,16,2760
wang_robust,16,2928
wang_robust,16,2995
wang_robust,16,3010
wang_robust,16,3027
wang_robust,16,3088
wang_robust,16,3092
wang_robust,16,3097
wang_robust,16,3172
wang_robust,16,3224
wang_robust,16,3263
wang_robust,16,3374
wang_robust,16,3466
wang_robust,16,3521
wang_robust,16,3690
wang_robust,16,3998
wang_robust,16,4039
wang_robust,16,4123
wang_robust,16,4197
wang_robust,16,4227
wang_robust,16,4238
wang_robust,16,4392
wang_robust,16,4425
wang_robust,16,4472
wang_robust,16,4539
wang_robust,16,4558
wang_robust,16,4589
wang_robust,16,4793
wang_robust,16,4934
wang_robust,16,4995
wang_robust,16,5176
wang_robust,16,5205
wang_robust,16,5224
wang_robust,16,5225
wang_robust,16,5229
wang_robust,16,5478
wang_robust,16,5529
wang_robust,16,5666
wang_robust,16,5739
wang_robust,16,5841
wang_robust,16,5944
wang_robust,16,6309
wang_robust,16,6310
wang_robust,16,6344
wang_robust,16,6487
wang_robust,16,6521
wang_robust,16,6738
wang_robust,16,6744
wang_robust,16,6950
wang_robust,16,7014
wang_robust,16,7089
wang_robust,16,7146
wang_robust,16,7205
wang_robust,16,7214
wang_robust,16,7411
wang_robust,16,7429
wang_robust,16,7448
wang_robust,16,7593
wang_robust,16,7748
wang_robust,16,7847
wang_robust,16,7952
wang_robust,16,7988
wang_robust,16,8053
wang_robust,16,8078
wang_robust,16,8099
wang_robust,16,8213
wang_robust,16,8343
wang_robust,16,8385
wang_robust,16,8509
wang_robust,16,8569
wang_robust,16,8596
wang_robust,16,8658
wang_robust,16,8697
wang_robust,16,8768
wang_robust,16,9094
wang_robust,16,9120
wang_robust,16,9125
wang_robust,16,9154
wang_robust,16,9238
wang_robust,16,9251
wang_robust,16,9304
wang_robust,16,9375
wang_robust,16,9422
wang_robust,16,9515
wang_robust,16,9644
wang_robust,16,9679
wang_robust,16,9711
wang_robust,16,9739
wang_robust,16,10048
wang_robust,16,10234
wang_robust,16,10298
wang_robust,16,10381
wang_robust,16,10575
wang_robust,16,10581
wang_robust,16,10696
wang_robust,16,10780
wang_robust,16,10820
wang_robust,16,10843
wang_robust,16,10912
wang_robust,16,10985
wang_robust,16,11023
wang_robust,16,11136
wang_robust,16,11302
wang_robust,16,11405
wang_robust,16,11536
wang_robust,16,11559
wang_robust,16,11641
wang_robust,16,11701
wang_robust,16,11736
wang_robust,16,11750
wang_robust,16,11771
wang_robust,16,11992
wang_robust,16,12129
wang_robust,16,12195
wang_robust,16,12202
wang_robust,16,12204
wang_robust,16,12404
wang_robust,16,12481
wang_robust,16,12610
wang_robust,16,12656
wang_robust,16,12754
wang_robust,16,12765
wang_robust,16,13081
wang_robust,16,13155
wang_robust,16,13156
wang_robust,16,13214
wang_robust,16,13340
wang_robust,16,13348
wang_robust,16,13356
wang_robust,16,13601
wang_robust,16,13700
wang_robust,16,13772
wang_robust,16,13924
wang_robust,16,13985
wang_robust,16,14205
wang_robust,16,14245
wang_robust,16,14292
wang_robust,17,81
wang_robust,17,242
wang_robust,17,386
wang_robust,17,421
wang_robust,17,513
wang_robust,17,538
wang_robust,17,587
wang_robust,17,1038
wang_robust,17,1195
wang_robust,17,1307
wang_robust,17,1349
wang_robust,17,1383
wang_robust,17,1483
wang_robust,17,1507
wang_robust,17,1632
wang_robust,17,1875
wang_robust,17,2169
wang_robust,17,2195
wang_robust,17,2383
wang_robust,17,2636
wang_robust,17,2656
wang_robust,17,2675
wang_robust,17,2733
wang_robust,17,2940
wang_robust,17,2996
wang_robust,17,3217
wang_robust,17,3303
wang_robust,17,3461
wang_robust,17,3875
wang_robust,17,4114
wang_robust,17,4189
wang_robust,17,4226
wang_robust,17,4560
wang_robust,17,4647
wang_robust,17,4652
wang_robust,17,4733
wang_robust,17,5076
wang_robust,17,5141
wang_robust,17,5217
wang_robust,17,5313
wang_robust,17,5371
wang_robust,17,5452
wang_robust,17,5460
wang_robust,17,5487
wang_robust,17,5528
wang_robust,17,5671
wang_robust,17,5701
wang_robust,17,6045
wang_robust,17,6157
wang_robust,17,6158
wang_robust,17,6192
wang_robust,17,6223
wang_robust,17,6226
wang_robust,17,6314
wang_robust,17,6718
wang_robust,17,6918
wang_robust,17,6935
wang_robust,17,7124
wang_robust,17,7218
wang_robust,17,7330
wang_robust,17,7364
wang_robust,17,7446
wang_robust,17,7500
wang_robust,17,7522
wang_robust,17,7878
wang_robust,17,7930
wang_robust,17,7977
wang_robust,17,7989
wang_robust,17,8649
wang_robust,17,8678
wang_robust,17,9004
wang_robust,17,9024
wang_robust,17,9050
wang_robust,17,9053
wang_robust,17,9081
wang_robust,17,9092
wang_robust,17,9101
wang_robust,17,9219
wang_robust,17,9255
wang_robust,17,9309
wang_robust,17,9318
wang_robust,17,9360
wang_robust,17,9688
wang_robust,17,9846
wang_robust,17,9894
wang_robust,17,10189
wang_robust,17,10296
wang_robust,17,10572
wang_robust,17,10577
wang_robust,17,10629
wang_robust,17,10712
wang_robust,17,10724
wang_robust,17,10748
wang_robust,17,10762
wang_robust,17,10891
wang_robust,17,10896
wang_robust,17,10981
wang_robust,17,11073
wang_robust,17,11270
wang_robust,17,11354
wang_robust,17,11362
wang_robust,17,11378
wang_robust,17,11516
wang_robust,17,11518
wang_robust,17,11624
wang_robust,17,11747
wang_robust,17,11948
wang_robust,17,12059
wang_robust,17,12105
wang_robust,17,12117
wang_robust,17,12623
wang_robust,17,12677
wang_robust,17,12721
wang_robust,17,12927
wang_robust,17,13042
wang_robust,17,13045
wang_robust,17,13357
wang_robust,17,13583
wang_robust,17,13622
wang_robust,17,13696
wang_robust,17,13749
wang_robust,17,13855
wang_robust,17,13936
wang_robust,17,13986
wang_robust,17,14085
wang_robust,17,14096
wang_robust,17,14141
wang_robust,17,14210
wang_robust,17,14223
wang_robust,18,36
wang_robust,18,179
wang_robust,18,248
wang_robust,18,290
wang_robust,18,325
wang_robust,18,398
wang_robust,18,485
wang_robust,18,568
wang_robust,18,788
wang_robust,18,807
wang_robust,18,974
wang_robust,18,1105
wang_robust,18,1207
wang_robust,18,1324
wang_robust,18,1436
wang_robust,18,1454
wang_robust,18,1713
wang_robust,18,2016
wang_robust,18,2064
wang_robust,18,2329
wang_robust,18,2384
wang_robust,18,2614
wang_robust,18,3056
wang_robust,18,3064
wang_robust,18,3094
wang_robust,18,3261
wang_robust,18,3270
wang_robust,18,3375
wang_robust,18,3548
wang_robust,18,3685
wang_robust,18,3687
wang_robust,18,3746
wang_robust,18,3750
wang_robust,18,3866
wang_robust,18,3871
wang_robust,18,3916
wang_robust,18,3952
wang_robust,18,4167
wang_robust,18,4169
wang_robust,18,4180
wang_robust,18,4213
wang_robust,18,4232
wang_robust,18,4275
wang_robust,18,4318
wang_robust,18,4348
wang_robust,18,4552
wang_robust,18,4576
wang_robust,18,4840
wang_robust,18,4881
wang_robust,18,4902
wang_robust,18,5008
wang_robust,18,5015
wang_robust,18,5071
wang_robust,18,5241
wang_robust,18,5249
wang_robust,18,5367
wang_robust,18,5584
wang_robust,18,5696
wang_robust,18,5779
wang_robust,18,5813
wang_robust,18,5872
wang_robust,18,5922
wang_robust,18,5964
wang_robust,18,6316
wang_robust,18,6319
wang_robust,18,6331
wang_robust,18,6351
wang_robust,18,6375
wang_robust,18,6581
wang_robust,18,6786
wang_robust,18,6894
wang_robust,18,7056
wang_robust,18,7110
wang_robust,18,7148
wang_robust,18,7198
wang_robust,18,7459
wang_robust,18,7777
wang_robust,18,7874
wang_robust,18,7895
wang_robust,18,7987
wang_robust,18,8301
wang_robust,18,8366
wang_robust,18,8426
wang_robust,18,8432
wang_robust,18,8652
wang_robust,18,8979
wang_robust,18,8986
wang_robust,18,9024
wang_robust,18,9109
wang_robust,18,9137
wang_robust,18,9261
wang_robust,18,9289
wang_robust,18,9308
wang_robust,18,9327
wang_robust,18,9494
wang_robust,18,9551
wang_robust,18,9792
wang_robust,18,9845
wang_robust,18,9920
wang_robust,18,9949
wang_robust,18,10048
wang_robust,18,10294
wang_robust,18,10316
wang_robust,18,10386
wang_robust,18,10445
wang_robust,18,10503
wang_robust,18,10517
wang_robust,18,10716
wang_robust,18,10836
wang_robust,18,10855
wang_robust,18,11018
wang_robust,18,11090
wang_robust,18,11162
wang_robust,18,11307
wang_robust,18,11443
wang_robust,18,11549
wang_robust,18,11576
wang_robust,18,11718
wang_robust,18,11750
wang_robust,18,11772
wang_robust,18,11794
wang_robust,18,11872
wang_robust,18,11926
wang_robust,18,11969
wang_robust,18,12125
wang_robust,18,12213
wang_robust,18,12248
wang_robust,18,12377
wang_robust,18,12395
wang_robust,18,12427
wang_robust,18,12488
wang_robust,18,12671
wang_robust,18,12969
wang_robust,18,13006
wang_robust,18,13067
wang_robust,18,13118
wang_robust,18,13165
wang_robust,18,13274
wang_robust,18,13443
wang_robust,18,13738
wang_robust,18,13780
wang_robust,18,13868
wang_robust,18,13926
wang_robust,18,14012
wang_robust,18,14135
wang_robust,18,14211
wang_robust,19,47
wang_robust,19,121
wang_robust,19,273
wang_robust,19,613
wang_robust,19,798
wang_robust,19,900
wang_robust,19,975
wang_robust,19,978
wang_robust,19,1054
wang_robust,19,1153
wang_robust,19,1399
wang_robust,19,1595
wang_robust,19,1821
wang_robust,19,1872
wang_robust,19,1880
wang_robust,19,1966
wang_robust,19,2010
wang_robust,19,2039
wang_robust,19,2045
wang_robust,19,2059
wang_robust,19,2093
wang_robust,19,2260
wang_robust,19,2283
wang_robust,19,2291
wang_robust,19,2357
wang_robust,19,2361
wang_robust,19,2386
wang_robust,19,2448
wang_robust,19,2498
wang_robust,19,2866
wang_robust,19,2949
wang_robust,19,2976
wang_robust,19,3151
wang_robust,19,3171
wang_robust,19,3183
wang_robust,19,3197
wang_robust,19,3258
wang_robust,19,3340
wang_robust,19,3404
wang_robust,19,3457
wang_robust,19,3563
wang_robust,19,3736
wang_robust,19,3848
wang_robust,19,3956
wang_robust,19,4284
wang_robust,19,4343
wang_robust,19,4492
wang_robust,19,4513
wang_robust,19,4687
wang_robust,19,4762
wang_robust,19,4882
wang_robust,19,4997
wang_robust,19,5247
wang_robust,19,5375
wang_robust,19,5727
wang_robust,19,5808
wang_robust,19,6032
wang_robust,19,6042
wang_robust,19,6118
wang_robust,19,6280
wang_robust,19,6471
wang_robust,19,6725
wang_robust,19,6848
wang_robust,19,6852
wang_robust,19,6881
wang_robust,19,6946
wang_robust,19,6954
wang_robust,19,7180
wang_robust,19,7338
wang_robust,19,7519
wang_robust,19,7644
wang_robust,19,7782
wang_robust,19,7842
wang_robust,19,7855
wang_robust,19,7875
wang_robust,19,7923
wang_robust,19,7928
wang_robust,19,7958
wang_robust,19,7979
wang_robust,19,8149
wang_robust,19,8167
wang_robust,19,8281
wang_robust,19,8337
wang_robust,19,8791
wang_robust,19,8829
wang_robust,19,9420
wang_robust,19,9426
wang_robust,19,9477
wang_robust,19,9578
wang_robust,19,9590
wang_robust,19,9649
wang_robust,19,9740
wang_robust,19,9767
wang_robust,19,10103
wang_robust,19,10199
wang_robust,19,10288
wang_robust,19,10348
wang_robust,19,10372
wang_robust,19,10466
wang_robust,19,10471
wang_robust,19,10613
wang_robust,19,10931
wang_robust,19,11130
wang_robust,19,11180
wang_robust,19,11471
wang_robust,19,11694
wang_robust,19,11771
wang_robust,19,11871
wang_robust,19,12014
wang_robust,19,12199
wang_robust,19,12206
wang_robust,19,12238
wang_robust,19,12247
wang_robust,19,12556
wang_robust,19,12566
wang_robust,19,12611
wang_robust,19,12710
wang_robust,19,12771
wang_robust,19,12884
wang_robust,19,13010
wang_robust,19,13054
wang_robust,19,13103
wang_robust,19,13374
wang_robust,19,13453
wang_robust,19,13478
wang_robust,19,13528
wang_robust,19,13621
wang_robust,19,13688
wang_robust,19,13970
wang_robust,19,14000
wang_robust,19,14013
wang_robust,19,14045
wang_robust,19,14128
wang_robust,19,14182
wang_robust,19,14294
wang_robust,19,14329
wang_robust,20,7
wang_robust,20,90
wang_robust,20,155
wang_robust,20,430
wang_robust,20,541
wang_robust,20,549
wang_robust,20,682
wang_robust,20,793
wang_robust,20,985
wang_robust,20,991
wang_robust,20,1012
wang_robust,20,1015
wang_robust,20,1036
wang_robust,20,1043
wang_robust,20,1306
wang_robust,20,1367
wang_robust,20,1443
wang_robust,20,1538
wang_robust,20,1587
wang_robust,20,1737
wang_robust,20,1800
wang_robust,20,2057
wang_robust,20,2270
wang_robust,20,2292
wang_robust,20,2320
wang_robust,20,2332
wang_robust,20,2386
wang_robust,20,2526
wang_robust,20,2536
wang_robust,20,2597
wang_robust,20,2603
wang_robust,20,2665
wang_robust,20,2673
wang_robust,20,2748
wang_robust,20,2873
wang_robust,20,2950
wang_robust,20,2984
wang_robust,20,3108
wang_robust,20,3472
wang_robust,20,3493
wang_robust,20,3568
wang_robust,20,3708
wang_robust,20,3729
wang_robust,20,3747
wang_robust,20,3882
wang_robust,20,3927
wang_robust,20,4032
wang_robust,20,4060
wang_robust,20,4312
wang_robust,20,4348
wang_robust,20,4392
wang_robust,20,4426
wang_robust,20,4587
wang_robust,20,4841
wang_robust,20,4887
wang_robust,20,5027
wang_robust,20,5221
wang_robust,20,5240
wang_robust,20,5425
wang_robust,20,5571
wang_robust,20,5604
wang_robust,20,5636
wang_robust,20,5645
wang_robust,20,5785
wang_robust,20,5859
wang_robust,20,6106
wang_robust,20,6159
wang_robust,20,6445
wang_robust,20,6461
wang_robust,20,6539
wang_robust,20,6830
wang_robust,20,7120
wang_robust,20,7195
wang_robust,20,7256
wang_robust,20,7371
wang_robust,20,7640
wang_robust,20,7782
wang_robust,20,7872
wang_robust,20,7897
wang_robust,20,7999
wang_robust,20,8083
wang_robust,20,8106
wang_robust,20,8212
wang_robust,20,8337
wang_robust,20,8339
wang_robust,20,8624
wang_robust,20,8711
wang_robust,20,8783
wang_robust,20,8841
wang_robust,20,9059
wang_robust,20,9211
wang_robust,20,9424
wang_robust,20,9623
wang_robust,20,9900
wang_robust,20,9928
wang_robust,20,9956
wang_robust,20,10073
wang_robust,20,10093
wang_robust,20,10266
wang_robust,20,10321
wang_robust,20,10488
wang_robust,20,10600
wang_robust,20,10786
wang_robust,20,10850
wang_robust,20,10906
wang_robust,20,11031
wang_robust,20,11291
wang_robust,20,11337
wang_robust,20,11582
wang_robust,20,11641
wang_robust,20,12306
wang_robust,20,12393
wang_robust,20,12826
wang_robust,20,12941
wang_robust,20,13042
wang_robust,20,13130
wang_robust,20,13384
wang_robust,20,13421
wang_robust,20,13443
wang_robust,20,13467
wang_robust,20,13494
wang_robust,20,13576
wang_robust,20,13589
wang_robust,20,13684
wang_robust,20,13702
wang_robust,20,13753
wang_robust,20,13774
wang_robust,20,13803
wang_robust,20,13974
wang_robust,20,14335
wang_robust,21,376
wang_robust,21,385
wang_robust,21,559
wang_robust,21,713
wang_robust,21,822
wang_robust,21,936
wang_robust,21,1008
wang_robust,21,1075
wang_robust,21,1297
wang_robust,21,1718
wang_robust,21,1755
wang_robust,21,1841
wang_robust,21,2670
wang_robust,21,2757
wang_robust,21,2817
wang_robust,21,2826
wang_robust,21,2966
wang_robust,21,3256
wang_robust,21,3259
wang_robust,21,3344
wang_robust,21,3436
wang_robust,21,3477
wang_robust,21,3483
wang_robust,21,3518
wang_robust,21,3537
wang_robust,21,3545
wang_robust,21,3940
wang_robust,21,4060
wang_robust,21,4626
wang_robust,21,4687
wang_robust,21,4895
wang_robust,21,5042
wang_robust,21,5151
wang_robust,21,5280
wang_robust,21,5355
wang_robust,21,5375
wang_robust,21,5428
wang_robust,21,5625
wang_robust,21,5685
wang_robust,21,5779
wang_robust,21,5914
wang_robust,21,5931
wang_robust,21,6096
wang_robust,21,6112
wang_robust,21,6423
wang_robust,21,6515
wang_robust,21,6527
wang_robust,21,6531
wang_robust,21,6622
wang_robust,21,6634
wang_robust,21,6714
wang_robust,21,6821
wang_robust,21,6894
wang_robust,21,6905
wang_robust,21,6930
wang_robust,21,7234
wang_robust,21,7309
wang_robust,21,7357
wang_robust,21,7552
wang_robust,21,7600
wang_robust,21,7671
wang_robust,21,7905
wang_robust,21,8000
wang_robust,21,8046
wang_robust,21,8118
wang_robust,21,8164
wang_robust,21,8183
wang_robust,21,8448
wang_robust,21,8479
wang_robust,21,8544
wang_robust,21,8714
wang_robust,21,8761
wang_robust,21,8816
wang_robust,21,9046
wang_robust,21,9054
wang_robust,21,9205
wang_robust,21,9209
wang_robust,21,9236
wang_robust,21,9593
wang_robust,21,9615
wang_robust,21,9722
wang_robust,21,9810
wang_robust,21,9838
wang_robust,21,9844
wang_robust,21,9927
wang_robust,21,10088
wang_robust,21,10092
wang_robust,21,10098
wang_robust,21,10272
wang_robust,21,10289
wang_robust,21,10396
wang_robust,21,10416
wang_robust,21,10449
wang_robust,21,10585
wang_robust,21,10706
wang_robust,21,10720
wang_robust,21,10935
wang_robust,21,11415
wang_robust,21,11542
wang_robust,21,11569
wang_robust,21,11586
wang_robust,21,11698
wang_robust,21,11790
wang_robust,21,11942
wang_robust,21,12107
wang_robust,21,12157
wang_robust,21,12196
wang_robust,21,12201
wang_robust,21,12373
wang_robust,21,12380
wang_robust,21,12431
wang_robust,21,12659
wang_robust,21,12722
wang_robust,21,12831
wang_robust,21,12873
wang_robust,21,13032
wang_robust,21,13063
wang_robust,21,13134
wang_robust,21,13374
wang_robust,21,13498
wang_robust,21,13505
wang_robust,21,13545
wang_robust,21,13568
wang_robust,21,13707
wang_robust,21,13746
wang_robust,21,13947
wang_robust,21,14169
wang_robust,22,178
wang_robust,22,526
wang_robust,22,579
wang_robust,22,1448
wang_robust,22,1469
wang_robust,22,1490
wang_robust,22,1492
wang_robust,22,1509
wang_robust,22,1547
wang_robust,22,1671
wang_robust,22,1759
wang_robust,22,2019
wang_robust,22,2219
wang_robust,22,2571
wang_robust,22,2577
wang_robust,22,2901
wang_robust,22,3012
wang_robust,22,3247
wang_robust,22,3334
wang_robust,22,3409
wang_robust,22,3459
wang_robust,22,3766
wang_robust,22,3982
wang_robust,22,4164
wang_robust,22,4213
wang_robust,22,4533
wang_robust,22,4539
wang_robust,22,4604
wang_robust,22,4946
wang_robust,22,4963
wang_robust,22,5031
wang_robust,22,5249
wang_robust,22,5452
wang_robust,22,5520
wang_robust,22,5535
wang_robust,22,5566
wang_robust,22,5848
wang_robust,22,5866
wang_robust,22,5981
wang_robust,22,6083
wang_robust,22,6138
wang_robust,22,6151
wang_robust,22,6209
wang_robust,22,6371
wang_robust,22,6451
wang_robust,22,6524
wang_robust,22,6670
wang_robust,22,6716
wang_robust,22,6723
wang_robust,22,6851
wang_robust,22,6897
wang_robust,22,7069
wang_robust,22,7104
wang_robust,22,7723
wang_robust,22,7749
wang_robust,22,7989
wang_robust,22,8042
wang_robust,22,8088
wang_robust,22,8121
wang_robust,22,8249
wang_robust,22,8267
wang_robust,22,8850
wang_robust,22,8862
wang_robust,22,9027
wang_robust,22,9112
wang_robust,22,9185
wang_robust,22,9574
wang_robust,22,9792
wang_robust,22,10180
wang_robust,22,10210
wang_robust,22,10267
wang_robust,22,10324
wang_robust,22,10354
wang_robust,22,10436
wang_robust,22,10566
wang_robust,22,10602
wang_robust,22,10627
wang_robust,22,10767
wang_robust,22,10777
wang_robust,22,10807
wang_robust,22,10820
wang_robust,22,11022
wang_robust,22,11106
wang_robust,22,11108
wang_robust,22,11326
wang_robust,22,11427
wang_robust,22,11490
wang_robust,22,11599
wang_robust,22,11622
wang_robust,22,11677
wang_robust,22,11715
wang_robust,22,11768
wang_robust,22,11865
wang_robust,22,12697
wang_robust,22,12812
wang_robust,22,12871
wang_robust,22,12959
wang_robust,22,12960
wang_robust,22,12986
wang_robust,22,13153
wang_robust,22,13500
wang_robust,22,13644
wang_robust,22,13713
wang_robust,22,13931
wang_robust,22,13935
wang_robust,22,13969
wang_robust,22,13972
wang_robust,22,13999
wang_robust,22,14168
wang_robust,23,122
wang_robust,23,141
wang_robust,23,259
wang_robust,23,306
wang_robust,23,357
wang_robust,23,410
wang_robust,23,670
wang_robust,23,677
wang_robust,23,1014
wang_robust,23,1299
wang_robust,23,1306
wang_robust,23,1337
wang_robust,23,1382
wang_robust,23,1385
wang_robust,23,1428
wang_robust,23,1695
wang_robust,23,1732
wang_robust,23,2140
wang_robust,23,2240
wang_robust,23,2361
wang_robust,23,2375
wang_robust,23,2484
wang_robust,23,2540
wang_robust,23,2557
wang_robust,23,2565
wang_robust,23,2863
wang_robust,23,2913
wang_robust,23,2956
wang_robust,23,3013
wang_robust,23,3101
wang_robust,23,3166
wang_robust,23,3239
wang_robust,23,3264
wang_robust,23,3321
wang_robust,23,3461
wang_robust,23,3681
wang_robust,23,3724
wang_robust,23,3729
wang_robust,23,3765
wang_robust,23,3782
wang_robust,23,3791
wang_robust,23,3809
wang_robust,23,3905
wang_robust,23,4775
wang_robust,23,4836
wang_robust,23,4869
wang_robust,23,5015
wang_robust,23,5129
wang_robust,23,5205
wang_robust,23,5822
wang_robust,23,5955
wang_robust,23,5973
wang_robust,23,6578
wang_robust,23,6668
wang_robust,23,6696
wang_robust,23,6734
wang_robust,23,6738
wang_robust,23,6809
wang_robust,23,6839
wang_robust,23,6877
wang_robust,23,7302
wang_robust,23,7802
wang_robust,23,7876
wang_robust,23,8112
wang_robust,23,8121
wang_robust,23,8188
wang_robust,23,8249
wang_robust,23,8293
wang_robust,23,8342
wang_robust,23,8466
wang_robust,23,8559
wang_robust,23,8747
wang_robust,23,8768
wang_robust,23,8923
wang_robust,23,8992
wang_robust,23,9075
wang_robust,23,9297
wang_robust,23,9450
wang_robust,23,9512
wang_robust,23,9657
wang_robust,23,9788
wang_robust,23,10067
wang_robust,23,10182
wang_robust,23,10303
wang_robust,23,10306
wang_robust,23,10363
wang_robust,23,10377
wang_robust,23,10557
wang_robust,23,10569
wang_robust,23,10600
wang_robust,23,10637
wang_robust,23,10778
wang_robust,23,11055
wang_robust,23,11069
wang_robust,23,11172
wang_robust,23,11274
wang_robust,23,11340
wang_robust,23,11694
wang_robust,23,12012
wang_robust,23,12164
wang_robust,23,12181
wang_robust,23,12276
wang_robust,23,12277
wang_robust,23,12485
wang_robust,23,12733
wang_robust,23,12932
wang_robust,23,13022
wang_robust,23,13108
wang_robust,23,13259
wang_robust,23,14047
wang_robust,23,14068
wang_robust,23,14073
wang_robust,23,14103
wang_robust,23,14231
wang_robust,23,14262
wang_robust,24,311
wang_robust,24,425
wang_robust,24,450
wang_robust,24,466
wang_robust,24,507
wang_robust,24,545
wang_robust,24,833
wang_robust,24,950
wang_robust,24,1000
wang_robust,24,1077
wang_robust,24,1323
wang_robust,24,1392
wang_robust,24,1414
wang_robust,24,1685
wang_robust,24,1880
wang_robust,24,1956
wang_robust,24,2189
wang_robust,24,2370
wang_robust,24,2476
wang_robust,24,2665
wang_robust,24,2807
wang_robust,24,2840
wang_robust,24,2928
wang_robust,24,3089
wang_robust,24,3166
wang_robust,24,3210
wang_robust,24,3447
wang_robust,24,3619
wang_robust,24,3737
wang_robust,24,3784
wang_robust,24,3936
wang_robust,24,4102
wang_robust,24,4327
wang_robust,24,4439
wang_robust,24,4458
wang_robust,24,4540
wang_robust,24,4734
wang_robust,24,4788
wang_robust,24,4805
wang_robust,24,5064
wang_robust,24,5180
wang_robust,24,5326
wang_robust,24,5467
wang_robust,24,5519
wang_robust,24,5530
wang_robust,24,5535
wang_robust,24,5583
wang_robust,24,5623
wang_robust,24,5698
wang_robust,24,5881
wang_robust,24,6001
wang_robust,24,6213
wang_robust,24,6393
wang_robust,24,6419
wang_robust,24,6442
wang_robust,24,6483
wang_robust,24,6740
wang_robust,24,6913
wang_robust,24,7050
wang_robust,24,7235
wang_robust,24,7289
wang_robust,24,7297
wang_robust,24,7462
wang_robust,24,7491
wang_robust,24,7891
wang_robust,24,8134
wang_robust,24,8189
wang_robust,24,8558
wang_robust,24,8689
wang_robust,24,8711
wang_robust,24,8734
wang_robust,24,8749
wang_robust,24,8777
wang_robust,24,8778
wang_robust,24,8824
wang_robust,24,9126
wang_robust,24,9132
wang_robust,24,9183
wang_robust,24,9437
wang_robust,24,9648
wang_robust,24,9798
wang_robust,24,9812
wang_robust,24,9901
wang_robust,24,10067
wang_robust,24,10180
wang_robust,24,10188
wang_robust,24,10211
wang_robust,24,10242
wang_robust,24,10402
wang_robust,24,10609
wang_robust,24,10686
wang_robust,24,10951
wang_robust,24,11074
wang_robust,24,11218
wang_robust,24,11221
wang_robust,24,11223
wang_robust,24,11288
wang_robust,24,11348
wang_robust,24,11411
wang_robust,24,11482
wang_robust,24,11483
wang_robust,24,11504
wang_robust,24,11654
wang_robust,24,11927
wang_robust,24,12019
wang_robust,24,12315
wang_robust,24,12319
wang_robust,24,12634
wang_robust,24,12719
wang_robust,24,12744
wang_robust,24,12893
wang_robust,24,13069
wang_robust,24,13254
wang_robust,24,13439
wang_robust,24,13480
wang_robust,24,13511
wang_robust,24,13528
wang_robust,24,13867
wang_robust,24,14134
wang_robust,25,43
wang_robust,25,244
wang_robust,25,391
wang_robust,25,462
wang_robust,25,635
wang_robust,25,791
wang_robust,25,814
wang_robust,25,815
wang_robust,25,848
wang_robust,25,950
wang_robust,25,1083
wang_robust,25,1342
wang_robust,25,1506
wang_robust,25,1514
wang_robust,25,1622
wang_robust,25,1735
wang_robust,25,2084
wang_robust,25,2355
wang_robust,25,2450
wang_robust,25,2668
wang_robust,25,3032
wang_robust,25,3118
wang_robust,25,3136
wang_robust,25,3249
wang_robust,25,3256
wang_robust,25,3470
wang_robust,25,3616
wang_robust,25,3787
wang_robust,25,3897
wang_robust,25,3982
wang_robust,25,3995
wang_robust,25,4450
wang_robust,25,4576
wang_robust,25,4733
wang_robust,25,4953
wang_robust,25,5023
wang_robust,25,5082
wang_robust,25,5131
wang_robust,25,5348
wang_robust,25,5675
wang_robust,25,5802
wang_robust,25,5871
wang_robust,25,5888
wang_robust,25,6147
wang_robust,25,6170
wang_robust,25,6229
wang_robust,25,6301
wang_robust,25,6420
wang_robust,25,6510
wang_robust,25,6882
wang_robust,25,7219
wang_robust,25,7374
wang_robust,25,7426
wang_robust,25,7482
wang_robust,25,7610
wang_robust,25,7688
wang_robust,25,7741
wang_robust,25,7773
wang_robust,25,7870
wang_robust,25,7904
wang_robust,25,7914
wang_robust,25,7987
wang_robust,25,8166
wang_robust,25,8349
wang_robust,25,8400
wang_robust,25,8441
wang_robust,25,8494
wang_robust,25,8548
wang_robust,25,8692
wang_robust,25,8807
wang_robust,25,8874
wang_robust,25,9451
wang_robust,25,9535
wang_robust,25,9559
wang_robust,25,9888
wang_robust,25,9944
wang_robust,25,9981
wang_robust,25,10021
wang_robust,25,10207
wang_robust,25,10445
wang_robust,25,10448
wang_robust,25,10582
wang_robust,25,10659
wang_robust,25,10711
wang_robust,25,11089
wang_robust,25,11180
wang_robust,25,11274
wang_robust,25,11442
wang_robust,25,11771
wang_robust,25,11921
wang_robust,25,11955
wang_robust,25,12068
wang_robust,25,12198
wang_robust,25,12251
wang_robust,25,12400
wang_robust,25,12497
wang_robust,25,12659
wang_robust,25,12691
wang_robust,25,12815
wang_robust,25,13055
wang_robust,25,13198
wang_robust,25,13251
wang_robust,25,13332
wang_robust,25,13382
wang_robust,25,13410
wang_robust,25,13422
wang_robust,25,13499
wang_robust,25,13665
wang_robust,25,14062
wang_robust,25,14065
wang_robust,26,12
wang_robust,26,111
wang_robust,26,225
wang_robust,26,262
wang_robust,26,387
wang_robust,26,450
wang_robust,26,1046
wang_robust,26,1065
wang_robust,26,1480
wang_robust,26,1870
wang_robust,26,1969
wang_robust,26,2085
wang_robust,26,2128
wang_robust,26,2293
wang_robust,26,2788
wang_robust,26,3028
wang_robust,26,3169
wang_robust,26,3384
wang_robust,26,3509
wang_robust,26,3659
wang_robust,26,3847
wang_robust,26,3854
wang_robust,26,3932
wang_robust,26,4006
wang_robust,26,4032
wang_robust,26,4307
wang_robust,26,4365
wang_robust,26,4508
wang_robust,26,4607
wang_robust,26,4615
wang_robust,26,4665
wang_robust,26,4704
wang_robust,26,4801
wang_robust,26,4927
wang_robust,26,4984
wang_robust,26,5062
wang_robust,26,5067
wang_robust,26,5080
wang_robust,26,5189
wang_robust,26,5298
wang_robust,26,5695
wang_robust,26,5918
wang_robust,26,5991
wang_robust,26,6070
wang_robust,26,6297
wang_robust,26,6432
wang_robust,26,6592
wang_robust,26,6812
wang_robust,26,6844
wang_robust,26,6884
wang_robust,26,7014
wang_robust,26,7189
wang_robust,26,7267
wang_robust,26,7305
wang_robust,26,7363
wang_robust,26,7491
wang_robust,26,7496
wang_robust,26,7711
wang_robust,26,7719
wang_robust,26,7755
wang_robust,26,7886
wang_robust,26,7940
wang_robust,26,8000
wang_robust,26,8200
wang_robust,26,8202
wang_robust,26,8347
wang_robust,26,8357
wang_robust,26,8518
wang_robust,26,8775
wang_robust,26,9289
wang_robust,26,9563
wang_robust,26,9695
wang_robust,26,9706
wang_robust,26,9876
wang_robust,26,9907
wang_robust,26,10070
wang_robust,26,10091
wang_robust,26,10239
wang_robust,26,10322
wang_robust,26,10461
wang_robust,26,10556
wang_robust,26,10929
wang_robust,26,11003
wang_robust,26,11134
wang_robust,26,11169
wang_robust,26,11278
wang_robust,26,11419
wang_robust,26,11488
wang_robust,26,11551
wang_robust,26,12084
wang_robust,26,12113
wang_robust,26,12226
wang_robust,26,12462
wang_robust,26,12532
wang_robust,26,12608
wang_robust,26,12620
wang_robust,26,12687
wang_robust,26,12894
wang_robust,26,12962
wang_robust,26,13270
wang_robust,26,13283
wang_robust,26,13515
wang_robust,26,13601
wang_robust,26,13644
wang_robust,26,13808
wang_robust,26,13897
wang_robust,26,14003
wang_robust,26,14088
wang_robust,26,14090
wang_robust,26,14100
wang_robust,26,14257
wang_robust,27,35
wang_robust,27,45
wang_robust,27,81
wang_robust,27,167
wang_robust,27,175
wang_robust,27,189
wang_robust,27,288
wang_robust,27,316
wang_robust,27,462
wang_robust,27,528
wang_robust,27,596
wang_robust,27,622
wang_robust,27,660
wang_robust,27,702
wang_robust,27,790
wang_robust,27,798
wang_robust,27,802
wang_robust,27,1133
wang_robust,27,1253
wang_robust,27,1562
wang_robust,27,1633
wang_robust,27,1690
wang_robust,27,1979
wang_robust,27,2035
wang_robust,27,2155
wang_robust,27,2165
wang_robust,27,2343
wang_robust,27,2503
wang_robust,27,2522
wang_robust,27,2721
wang_robust,27,2837
wang_robust,27,3083
wang_robust,27,3324
wang_robust,27,3442
wang_robust,27,3653
wang_robust,27,3794
wang_robust,27,3839
wang_robust,27,3847
wang_robust,27,3873
wang_robust,27,3878
wang_robust,27,3891
wang_robust,27,3918
wang_robust,27,4220
wang_robust,27,4433
wang_robust,27,4563
wang_robust,27,4696
wang_robust,27,4898
wang_robust,27,4900
wang_robust,27,4918
wang_robust,27,4968
wang_robust,27,5147
wang_robust,27,5205
wang_robust,27,5424
wang_robust,27,5587
wang_robust,27,5782
wang_robust,27,5800
wang_robust,27,5810
wang_robust,27,5843
wang_robust,27,5906
wang_robust,27,6017
wang_robust,27,6130
wang_robust,27,6243
wang_robust,27,6314
wang_robust,27,6378
wang_robust,27,6547
wang_robust,27,6600
wang_robust,27,6652
wang_robust,27,6688
wang_robust,27,6700
wang_robust,27,7047
wang_robust,27,7090
wang_robust,27,7108
wang_robust,27,7283
wang_robust,27,7606
wang_robust,27,7665
wang_robust,27,7672
wang_robust,27,7767
wang_robust,27,7827
wang_robust,27,8051
wang_robust,27,8083
wang_robust,27,8249
wang_robust,27,8295
wang_robust,27,8305
wang_robust,27,8375
wang_robust,27,8482
wang_robust,27,8777
wang_robust,27,8807
wang_robust,27,8884
wang_robust,27,9023
wang_robust,27,9032
wang_robust,27,9169
wang_robust,27,9421
wang_robust,27,9434
wang_robust,27,9619
wang_robust,27,9623
wang_robust,27,9926
wang_robust,27,9991
wang_robust,27,10102
wang_robust,27,10123
wang_robust,27,10302
wang_robust,27,10352
wang_robust,27,10519
wang_robust,27,10607
wang_robust,27,10854
wang_robust,27,10923
wang_robust,27,11055
wang_robust,27,11265
wang_robust,27,11326
wang_robust,27,11415
wang_robust,27,11469
wang_robust,27,11489
wang_robust,27,11527
wang_robust,27,11567
wang_robust,27,11636
wang_robust,27,11841
wang_robust,27,12160
wang_robust,27,12632
wang_robust,27,12636
wang_robust,27,12926
wang_robust,27,12956
wang_robust,27,13025
wang_robust,27,13174
wang_robust,27,13347
wang_robust,27,13476
wang_robust,27,13683
wang_robust,27,13711
wang_robust,27,13745
wang_robust,27,13885
wang_robust,27,13988
wang_robust,27,14247
wang_robust,27,14294
wang_robust,28,30
wang_robust,28,156
wang_robust,28,364
wang_robust,28,545
wang_robust,28,547
wang_robust,28,625
wang_robust,28,818
wang_robust,28,846
wang_robust,28,912
wang_robust,28,986
wang_robust,28,1030
wang_robust,28,1131
wang_robust,28,1222
wang_robust,28,1407
wang_robust,28,1600
wang_robust,28,1790
wang_robust,28,1823
wang_robust,28,2074
wang_robust,28,2128
wang_robust,28,2248
wang_robust,28,2348
wang_robust,28,2465
wang_robust,28,2608
wang_robust,28,2622
wang_robust,28,2760
wang_robust,28,2807
wang_robust,28,2831
wang_robust,28,2842
wang_robust,28,2901
wang_robust,28,2906
wang_robust,28,2936
wang_robust,28,2976
wang_robust,28,3141
wang_robust,28,3308
wang_robust,28,3333
wang_robust,28,3363
wang_robust,28,3424
wang_robust,28,3505
wang_robust,28,3520
wang_robust,28,3692
wang_robust,28,3737
wang_robust,28,3754
wang_robust,28,3862
wang_robust,28,4013
wang_robust,28,4080
wang_robust,28,4123
wang_robust,28,4164
wang_robust,28,4233
wang_robust,28,4284
wang_robust,28,4382
wang_robust,28,4587
wang_robust,28,4593
wang_robust,28,4686
wang_robust,28,4764
wang_robust,28,5039
wang_robust,28,5085
wang_robust,28,5140
wang_robust,28,5151
wang_robust,28,5203
wang_robust,28,5580
wang_robust,28,5596
wang_robust,28,5657
wang_robust,28,5758
wang_robust,28,5853
wang_robust,28,5856
wang_robust,28,5878
wang_robust,28,5934
wang_robust,28,5961
wang_robust,28,6265
wang_robust,28,6313
wang_robust,28,6419
wang_robust,28,6561
wang_robust,28,6596
wang_robust,28,6756
wang_robust,28,6810
wang_robust,28,6829
wang_robust,28,6858
wang_robust,28,6901
wang_robust,28,6960
wang_robust,28,6987
wang_robust,28,7031
wang_robust,28,7080
wang_robust,28,7107
wang_robust,28,7205
wang_robust,28,7267
wang_robust,28,7328
wang_robust,28,7464
wang_robust,28,7614
wang_robust,28,7737
wang_robust,28,7766
wang_robust,28,7782
wang_robust,28,7888
wang_robust,28,7913
wang_robust,28,7927
wang_robust,28,8195
wang_robust,28,8235
wang_robust,28,8265
wang_robust,28,8276
wang_robust,28,8470
wang_robust,28,8602
wang_robust,28,8637
wang_robust,28,8685
wang_robust,28,8985
wang_robust,28,9152
wang_robust,28,9225
wang_robust,28,9260
wang_robust,28,9267
wang_robust,28,9397
wang_robust,28,9461
wang_robust,28,9482
wang_robust,28,9693
wang_robust,28,9828
wang_robust,28,9947
wang_robust,28,10168
wang_robust,28,10405
wang_robust,28,10480
wang_robust,28,10537
wang_robust,28,10558
wang_robust,28,10767
wang_robust,28,10851
wang_robust,28,10898
wang_robust,28,10922
wang_robust,28,10927
wang_robust,28,10945
wang_robust,28,10968
wang_robust,28,10991
wang_robust,28,11000
wang_robust,28,11060
wang_robust,28,11248
wang_robust,28,11293
wang_robust,28,11312
wang_robust,28,11405
wang_robust,28,11558
wang_robust,28,11584
wang_robust,28,11593
wang_robust,28,11647
wang_robust,28,11702
wang_robust,28,11741
wang_robust,28,11851
wang_robust,28,11921
wang_robust,28,11954
wang_robust,28,11992
wang_robust,28,12025
wang_robust,28,12034
wang_robust,28,12167
wang_robust,28,12209
wang_robust,28,12523
wang_robust,28,12747
wang_robust,28,12775
wang_robust,28,13139
wang_robust,28,13215
wang_robust,28,13278
wang_robust,28,13393
wang_robust,28,13439
wang_robust,28,13560
wang_robust,28,13608
wang_robust,28,13680
wang_robust,28,13736
wang_robust,28,13755
wang_robust,28,13948
wang_robust,28,13949
wang_robust,28,14265
wang_robust,29,16
wang_robust,29,75
wang_robust,29,81
wang_robust,29,166
wang_robust,29,309
wang_robust,29,404
wang_robust,29,507
wang_robust,29,520
wang_robust,29,546
wang_robust,29,582
wang_robust,29,712
wang_robust,29,763
wang_robust,29,1155
wang_robust,29,1175
wang_robust,29,1221
wang_robust,29,1246
wang_robust,29,1294
wang_robust,29,1521
wang_robust,29,1527
wang_robust,29,1609
wang_robust,29,1637
wang_robust,29,1678
wang_robust,29,1724
wang_robust,29,1779
wang_robust,29,1808
wang_robust,29,1890
wang_robust,29,1919
wang_robust,29,1933
wang_robust,29,1983
wang_robust,29,2094
wang_robust,29,2202
wang_robust,29,2227
wang_robust,29,2239
wang_robust,29,2265
wang_robust,29,2710
wang_robust,29,2715
wang_robust,29,2788
wang_robust,29,2855
wang_robust,29,2914
wang_robust,29,3127
wang_robust,29,3154
wang_robust,29,3224
wang_robust,29,3225
wang_robust,29,3320
wang_robust,29,3400
wang_robust,29,3408
wang_robust,29,3433
wang_robust,29,3438
wang_robust,29,3485
wang_robust,29,3511
wang_robust,29,3543
wang_robust,29,3608
wang_robust,29,3637
wang_robust,29,3640
wang_robust,29,3687
wang_robust,29,3707
wang_robust,29,3716
wang_robust,29,4018
wang_robust,29,4027
wang_robust,29,4029
wang_robust,29,4103
wang_robust,29,4112
wang_robust,29,4126
wang_robust,29,4145
wang_robust,29,4165
wang_robust,29,4267
wang_robust,29,4292
wang_robust,29,4428
wang_robust,29,4493
wang_robust,29,4526
wang_robust,29,4555
wang_robust,29,4641
wang_robust,29,4670
wang_robust,29,4780
wang_robust,29,4834
wang_robust,29,4843
wang_robust,29,4918
wang_robust,29,4946
wang_robust,29,5017
wang_robust,29,5127
wang_robust,29,5131
wang_robust,29,5230
wang_robust,29,5257
wang_robust,29,5319
wang_robust,29,5506
wang_robust,29,5527
wang_robust,29,5612
wang_robust,29,5834
wang_robust,29,5848
wang_robust,29,5870
wang_robust,29,5986
wang_robust,29,6070
wang_robust,29,6368
wang_robust,29,6493
wang_robust,29,6692
wang_robust,29,6830
wang_robust,29,6907
wang_robust,29,6909
wang_robust,29,7067
wang_robust,29,7161
wang_robust,29,7163
wang_robust,29,7222
wang_robust,29,7295
wang_robust,29,7349
wang_robust,29,7425
wang_robust,29,7481
wang_robust,29,7523
wang_robust,29,7566
wang_robust,29,7702
wang_robust,29,7704
wang_robust,29,7777
wang_robust,29,8031
wang_robust,29,8193
wang_robust,29,8199
wang_robust,29,8289
wang_robust,29,8331
wang_robust,29,8459
wang_robust,29,8530
wang_robust,29,8610
wang_robust,29,8631
wang_robust,29,8656
wang_robust,29,8675
wang_robust,29,8782
wang_robust,29,8846
wang_robust,29,8862
wang_robust,29,8918
wang_robust,29,8946
wang_robust,29,8993
wang_robust,29,9055
wang_robust,29,9243
wang_robust,29,9301
wang_robust,29,9417
wang_robust,29,9467
wang_robust,29,9468
wang_robust,29,9571
wang_robust,29,9621
wang_robust,29,9711
wang_robust,29,9759
wang_robust,29,9884
wang_robust,29,9923
wang_robust,29,9954
wang_robust,29,10012
wang_robust,29,10092
wang_robust,29,10121
wang_robust,29,10242
wang_robust,29,10353
wang_robust,29,10367
wang_robust,29,10376
wang_robust,29,10480
wang_robust,29,10503
wang_robust,29,10519
wang_robust,29,10813
wang_robust,29,10924
wang_robust,29,11005
wang_robust,29,11191
wang_robust,29,11225
wang_robust,29,11317
wang_robust,29,11326
wang_robust,29,11360
wang_robust,29,11395
wang_robust,29,11446
wang_robust,29,11460
wang_robust,29,11644
wang_robust,29,11785
wang_robust,29,11794
wang_robust,29,11835
wang_robust,29,11900
wang_robust,29,11909
wang_robust,29,12041
wang_robust,29,12112
wang_robust,29,12163
wang_robust,29,12180
wang_robust,29,12191
wang_robust,29,12284
wang_robust,29,12326
wang_robust,29,12507
wang_robust,29,12533
wang_robust,29,12548
wang_robust,29,13013
wang_robust,29,13036
wang_robust,29,13118
wang_robust,29,13217
wang_robust,29,13258
wang_robust,29,13274
wang_robust,29,13362
wang_robust,29,13381
wang_robust,29,13582
wang_robust,29,13594
wang_robust,29,13715
wang_robust,29,13769
wang_robust,29,13859
wang_robust,29,13892
wang_robust,29,14011
wang_robust,29,14023
wang_robust,29,14079
wang_robust,29,14102
wang_robust,29,14145
wang_robust,29,14153
wang_robust,29,14177
wang_robust,29,14198
wang_robust,30,43
wang_robust,30,59
wang_robust,30,164
wang_robust,30,168
wang_robust,30,236
wang_robust,30,271
wang_robust,30,280
wang_robust,30,306
wang_robust,30,320
wang_robust,30,358
wang_robust,30,420
wang_robust,30,555
wang_robust,30,600
wang_robust,30,625
wang_robust,30,630
wang_robust,30,702
wang_robust,30,773
wang_robust,30,792
wang_robust,30,810
wang_robust,30,916
wang_robust,30,964
wang_robust,30,984
wang_robust,30,986
wang_robust,30,1015
wang_robust,30,1103
wang_robust,30,1171
wang_robust,30,1302
wang_robust,30,1365
wang_robust,30,1379
wang_robust,30,1503
wang_robust,30,1561
wang_robust,30,1562
wang_robust,30,1592
wang_robust,30,1595
wang_robust,30,1648
wang_robust,30,1681
wang_robust,30,1739
wang_robust,30,1741
wang_robust,30,1797
wang_robust,30,1801
wang_robust,30,1943
wang_robust,30,1961
wang_robust,30,1969
wang_robust,30,2005
wang_robust,30,2046
wang_robust,30,2069
wang_robust,30,2096
wang_robust,30,2117
wang_robust,30,2120
wang_robust,30,2339
wang_robust,30,2458
wang_robust,30,2486
wang_robust,30,2521
wang_robust,30,2533
wang_robust,30,2549
wang_robust,30,2562
wang_robust,30,2593
wang_robust,30,2653
wang_robust,30,2780
wang_robust,30,2894
wang_robust,30,2932
wang_robust,30,3000
wang_robust,30,3053
wang_robust,30,3136
wang_robust,30,3260
wang_robust,30,3405
wang_robust,30,3430
wang_robust,30,3587
wang_robust,30,3700
wang_robust,30,3719
wang_robust,30,3727
wang_robust,30,3842
wang_robust,30,3855
wang_robust,30,3971
wang_robust,30,4017
wang_robust,30,4040
wang_robust,30,4063
wang_robust,30,4077
wang_robust,30,4116
wang_robust,30,4131
wang_robust,30,4199
wang_robust,30,4224
wang_robust,30,4240
wang_robust,30,4246
wang_robust,30,4306
wang_robust,30,4346
wang_robust,30,4361
wang_robust,30,4381
wang_robust,30,4438
wang_robust,30,4684
wang_robust,30,4711
wang_robust,30,4718
wang_robust,30,4772
wang_robust,30,4815
wang_robust,30,4837
wang_robust,30,4903
wang_robust,30,5022
wang_robust,30,5042
wang_robust,30,5043
wang_robust,30,5099
wang_robust,30,5114
wang_robust,30,5304
wang_robust,30,5336
wang_robust,30,5357
wang_robust,30,5359
wang_robust,30,5366
wang_robust,30,5384
wang_robust,30,5388
wang_robust,30,5473
wang_robust,30,5490
wang_robust,30,5526
wang_robust,30,5549
wang_robust,30,5582
wang_robust,30,5601
wang_robust,30,5739
wang_robust,30,5785
wang_robust,30,5834
wang_robust,30,5860
wang_robust,30,5905
wang_robust,30,5939
wang_robust,30,5948
wang_robust,30,5951
wang_robust,30,5961
wang_robust,30,5980
wang_robust,30,6013
wang_robust,30,6159
wang_robust,30,6200
wang_robust,30,6297
wang_robust,30,6378
wang_robust,30,6388
wang_robust,30,6424
wang_robust,30,6493
wang_robust,30,6507
wang_robust,30,6579
wang_robust,30,6623
wang_robust,30,6632
wang_robust,30,6716
wang_robust,30,6725
wang_robust,30,6789
wang_robust,30,6816
wang_robust,30,6855
wang_robust,30,6894
wang_robust,30,6932
wang_robust,30,6978
wang_robust,30,6989
wang_robust,30,7036
wang_robust,30,7041
wang_robust,30,7110
wang_robust,30,7207
wang_robust,30,7259
wang_robust,30,7305
wang_robust,30,7410
wang_robust,30,7442
wang_robust,30,7456
wang_robust,30,7463
wang_robust,30,7466
wang_robust,30,7613
wang_robust,30,7675
wang_robust,30,7676
wang_robust,30,7872
wang_robust,30,7997
wang_robust,30,8036
wang_robust,30,8040
wang_robust,30,8078
wang_robust,30,8113
wang_robust,30,8157
wang_robust,30,8226
wang_robust,30,8234
wang_robust,30,8261
wang_robust,30,8283
wang_robust,30,8326
wang_robust,30,8361
wang_robust,30,8392
wang_robust,30,8393
wang_robust,30,8522
wang_robust,30,8587
wang_robust,30,8652
wang_robust,30,8677
wang_robust,30,8711
wang_robust,30,8726
wang_robust,30,8832
wang_robust,30,8836
wang_robust,30,9025
wang_robust,30,9106
wang_robust,30,9114
wang_robust,30,9127
wang_robust,30,9138
wang_robust,30,9226
wang_robust,30,9255
wang_robust,30,9291
wang_robust,30,9306
wang_robust,30,9333
wang_robust,30,9389
wang_robust,30,9390
wang_robust,30,9415
wang_robust,30,9621
wang_robust,30,9686
wang_robust,30,9732
wang_robust,30,9737
wang_robust,30,9745
wang_robust,30,9846
wang_robust,30,10023
wang_robust,30,10055
wang_robust,30,10110
wang_robust,30,10111
wang_robust,30,10207
wang_robust,30,10263
wang_robust,30,10292
wang_robust,30,10303
wang_robust,30,10343
wang_robust,30,10425
wang_robust,30,10445
wang_robust,30,10458
wang_robust,30,10493
wang_robust,30,10548
wang_robust,30,10638
wang_robust,30,10664
wang_robust,30,10687
wang_robust,30,10821
wang_robust,30,10893
wang_robust,30,10985
wang_robust,30,11019
wang_robust,30,11050
wang_robust,30,11188
wang_robust,30,11251
wang_robust,30,11258
wang_robust,30,11272
wang_robust,30,11303
wang_robust,30,11398
wang_robust,30,11484
wang_robust,30,11510
wang_robust,30,11603
wang_robust,30,11699
wang_robust,30,11800
wang_robust,30,11887
wang_robust,30,11920
wang_robust,30,12005
wang_robust,30,12012
wang_robust,30,12016
wang_robust,30,12025
wang_robust,30,12115
wang_robust,30,12150
wang_robust,30,12166
wang_robust,30,12258
wang_robust,30,12381
wang_robust,30,12395
wang_robust,30,12406
wang_robust,30,12446
wang_robust,30,12457
wang_robust,30,12512
wang_robust,30,12526
wang_robust,30,12531
wang_robust,30,12591
wang_robust,30,12711
wang_robust,30,12940
wang_robust,30,13020
wang_robust,30,13047
wang_robust,30,13048
wang_robust,30,13084
wang_robust,30,13098
wang_robust,30,13252
wang_robust,30,13304
wang_robust,30,13325
wang_robust,30,13342
wang_robust,30,13349
wang_robust,30,13536
wang_robust,30,13622
wang_robust,30,13720
wang_robust,30,13741
wang_robust,30,13753
wang_robust,30,13829
wang_robust,30,13935
wang_robust,30,13939
wang_robust,30,13989
wang_robust,30,14139
wang_robust,30,14143
wang_robust,30,14181
wang_robust,30,14215
wang_robust,30,14261
wang_robust,31,16
wang_robust,31,69
wang_robust,31,118
wang_robust,31,124
wang_robust,31,190
wang_robust,31,207
wang_robust,31,227
wang_robust,31,243
wang_robust,31,247
wang_robust,31,271
wang_robust,31,416
wang_robust,31,420
wang_robust,31,429
wang_robust,31,437
wang_robust,31,515
wang_robust,31,599
wang_robust,31,602
wang_robust,31,638
wang_robust,31,674
wang_robust,31,679
wang_robust,31,693
wang_robust,31,718
wang_robust,31,777
wang_robust,31,803
wang_robust,31,888
wang_robust,31,996
wang_robust,31,997
wang_robust,31,1000
wang_robust,31,1006
wang_robust,31,1045
wang_robust,31,1101
wang_robust,31,1129
wang_robust,31,1157
wang_robust,31,1190
wang_robust,31,1313
wang_robust,31,1343
wang_robust,31,1386
wang_robust,31,1504
wang_robust,31,1506
wang_robust,31,1519
wang_robust,31,1530
wang_robust,31,1542
wang_robust,31,1584
wang_robust,31,1625
wang_robust,31,1654
wang_robust,31,1665
wang_robust,31,1668
wang_robust,31,1681
wang_robust,31,1728
wang_robust,31,1743
wang_robust,31,1778
wang_robust,31,1885
wang_robust,31,1920
wang_robust,31,1922
wang_robust,31,1946
wang_robust,31,1973
wang_robust,31,1991
wang_robust,31,1997
wang_robust,31,2008
wang_robust,31,2101
wang_robust,31,2111
wang_robust,31,2120
wang_robust,31,2136
wang_robust,31,2140
wang_robust,31,2207
wang_robust,31,2211
wang_robust,31,2223
wang_robust,31,2241
wang_robust,31,2304
wang_robust,31,2334
wang_robust,31,2406
wang_robust,31,2467
wang_robust,31,2564
wang_robust,31,2602
wang_robust,31,2653
wang_robust,31,2731
wang_robust,31,2754
wang_robust,31,2756
wang_robust,31,2796
wang_robust,31,2856
wang_robust,31,2866
wang_robust,31,2890
wang_robust,31,2915
wang_robust,31,2928
wang_robust,31,2930
wang_robust,31,2943
wang_robust,31,2945
wang_robust,31,2954
wang_robust,31,2984
wang_robust,31,3023
wang_robust,31,3032
wang_robust,31,3134
wang_robust,31,3166
wang_robust,31,3175
wang_robust,31,3217
wang_robust,31,3265
wang_robust,31,3268
wang_robust,31,3300
wang_robust,31,3309
wang_robust,31,3323
wang_robust,31,3328
wang_robust,31,3409
wang_robust,31,3410
wang_robust,31,3461
wang_robust,31,3469
wang_robust,31,3543
wang_robust,31,3548
wang_robust,31,3607
wang_robust,31,3611
wang_robust,31,3640
wang_robust,31,3646
wang_robust,31,3694
wang_robust,31,3714
wang_robust,31,3749
wang_robust,31,3811
wang_robust,31,3849
wang_robust,31,3896
wang_robust,31,3914
wang_robust,31,3927
wang_robust,31,3951
wang_robust,31,3962
wang_robust,31,3971
wang_robust,31,4022
wang_robust,31,4178
wang_robust,31,4179
wang_robust,31,4191
wang_robust,31,4229
wang_robust,31,4243
wang_robust,31,4249
wang_robust,31,4261
wang_robust,31,4270
wang_robust,31,4275
wang_robust,31,4298
wang_robust,31,4382
wang_robust,31,4399
wang_robust,31,4423
wang_robust,31,4426
wang_robust,31,4436
wang_robust,31,4577
wang_robust,31,4623
wang_robust,31,4655
wang_robust,31,4670
wang_robust,31,4710
wang_robust,31,4768
wang_robust,31,4786
wang_robust,31,4788
wang_robust,31,4810
wang_robust,31,5030
wang_robust,31,5036
wang_robust,31,5071
wang_robust,31,5099
wang_robust,31,5193
wang_robust,31,5206
wang_robust,31,5207
wang_robust,31,5225
wang_robust,31,5240
wang_robust,31,5253
wang_robust,31,5345
wang_robust,31,5395
wang_robust,31,5399
wang_robust,31,5406
wang_robust,31,5419
wang_robust,31,5483
wang_robust,31,5540
wang_robust,31,5565
wang_robust,31,5604
wang_robust,31,5615
wang_robust,31,5617
wang_robust,31,5734
wang_robust,31,5748
wang_robust,31,5756
wang_robust,31,5785
wang_robust,31,5838
wang_robust,31,5891
wang_robust,31,5919
wang_robust,31,5933
wang_robust,31,5939
wang_robust,31,5973
wang_robust,31,6005
wang_robust,31,6059
wang_robust,31,6099
wang_robust,31,6159
wang_robust,31,6227
wang_robust,31,6256
wang_robust,31,6458
wang_robust,31,6467
wang_robust,31,6566
wang_robust,31,6575
wang_robust,31,6615
wang_robust,31,6657
wang_robust,31,6678
wang_robust,31,6704
wang_robust,31,6762
wang_robust,31,6885
wang_robust,31,7019
wang_robust,31,7093
wang_robust,31,7104
wang_robust,31,7124
wang_robust,31,7197
wang_robust,31,7201
wang_robust,31,7278
wang_robust,31,7342
wang_robust,31,7416
wang_robust,31,7450
wang_robust,31,7562
wang_robust,31,7598
wang_robust,31,7611
wang_robust,31,7626
wang_robust,31,7672
wang_robust,31,7684
wang_robust,31,7844
wang_robust,31,7861
wang_robust,31,7892
wang_robust,31,7936
wang_robust,31,7944
wang_robust,31,7959
wang_robust,31,8035
wang_robust,31,8053
wang_robust,31,8060
wang_robust,31,8112
wang_robust,31,8118
wang_robust,31,8214
wang_robust,31,8275
wang_robust,31,8285
wang_robust,31,8318
wang_robust,31,8326
wang_robust,31,8331
wang_robust,31,8363
wang_robust,31,8410
wang_robust,31,8432
wang_robust,31,8443
wang_robust,31,8468
wang_robust,31,8574
wang_robust,31,8578
wang_robust,31,8583
wang_robust,31,8591
wang_robust,31,8625
wang_robust,31,8652
wang_robust,31,8682
wang_robust,31,8700
wang_robust,31,8720
wang_robust,31,8732
wang_robust,31,8745
wang_robust,31,8750
wang_robust,31,8784
wang_robust,31,8786
wang_robust,31,8792
wang_robust,31,8807
wang_robust,31,8829
wang_robust,31,8899
wang_robust,31,8937
wang_robust,31,8952
wang_robust,31,8954
wang_robust,31,9005
wang_robust,31,9047
wang_robust,31,9050
wang_robust,31,9058
wang_robust,31,9074
wang_robust,31,9109
wang_robust,31,9114
wang_robust,31,9171
wang_robust,31,9231
wang_robust,31,9247
wang_robust,31,9261
wang_robust,31,9274
wang_robust,31,9301
wang_robust,31,9336
wang_robust,31,9393
wang_robust,31,9402
wang_robust,31,9416
wang_robust,31,9421
wang_robust,31,9426
wang_robust,31,9445
wang_robust,31,9452
wang_robust,31,9465
wang_robust,31,9494
wang_robust,31,9495
wang_robust,31,9552
wang_robust,31,9575
wang_robust,31,9631
wang_robust,31,9663
wang_robust,31,9769
wang_robust,31,9825
wang_robust,31,9837
wang_robust,31,9854
wang_robust,31,9902
wang_robust,31,9906
wang_robust,31,9936
wang_robust,31,9955
wang_robust,31,9976
wang_robust,31,9999
wang_robust,31,10073
wang_robust,31,10102
wang_robust,31,10107
wang_robust,31,10131
wang_robust,31,10143
wang_robust,31,10345
wang_robust,31,10381
wang_robust,31,10405
wang_robust,31,10489
wang_robust,31,10531
wang_robust,31,10575
wang_robust,31,10584
wang_robust,31,10674
wang_robust,31,10678
wang_robust,31,10704
wang_robust,31,10712
wang_robust,31,10825
wang_robust,31,10886
wang_robust,31,10971
wang_robust,31,10973
wang_robust,31,10996
wang_robust,31,11010
wang_robust,31,11013
wang_robust,31,11057
wang_robust,31,11175
wang_robust,31,11209
wang_robust,31,11218
wang_robust,31,11222
wang_robust,31,11234
wang_robust,31,11248
wang_robust,31,11249
wang_robust,31,11283
wang_robust,31,11321
wang_robust,31,11445
wang_robust,31,11448
wang_robust,31,11509
wang_robust,31,11562
wang_robust,31,11577
wang_robust,31,11581
wang_robust,31,11638
wang_robust,31,11652
wang_robust,31,11752
wang_robust,31,11816
wang_robust,31,11978
wang_robust,31,12004
wang_robust,31,12032
wang_robust,31,12061
wang_robust,31,12070
wang_robust,31,12145
wang_robust,31,12174
wang_robust,31,12244
wang_robust,31,12251
wang_robust,31,12252
wang_robust,31,12260
wang_robust,31,12303
wang_robust,31,12406
wang_robust,31,12414
wang_robust,31,12421
wang_robust,31,12446
wang_robust,31,12478
wang_robust,31,12529
wang_robust,31,12540
wang_robust,31,12559
wang_robust,31,12688
wang_robust,31,12713
wang_robust,31,12719
wang_robust,31,12745
wang_robust,31,12807
wang_robust,31,12832
wang_robust,31,12863
wang_robust,31,12913
wang_robust,31,12949
wang_robust,31,12973
wang_robust,31,13009
wang_robust,31,13027
wang_robust,31,13030
wang_robust,31,13060
wang_robust,31,13176
wang_robust,31,13189
wang_robust,31,13271
wang_robust,31,13304
wang_robust,31,13336
wang_robust,31,13388
wang_robust,31,13456
wang_robust,31,13544
wang_robust,31,13569
wang_robust,31,13583
wang_robust,31,13605
wang_robust,31,13650
wang_robust,31,13669
wang_robust,31,13690
wang_robust,31,13694
wang_robust,31,13707
wang_robust,31,13726
wang_robust,31,13801
wang_robust,31,13845
wang_robust,31,13851
wang_robust,31,13869
wang_robust,31,13882
wang_robust,31,13883
wang_robust,31,13891
wang_robust,31,13909
wang_robust,31,13926
wang_robust,31,13995
wang_robust,31,14073
wang_robust,31,14094
wang_robust,31,14107
wang_robust,31,14179
wang_robust,31,14232
wang_robust,31,14256
wang_robust,31,14264
wang_robust,31,14276
wang_robust,31,14293
wang_robust,31,14299
