variant,layer,neuron_index,entered_via,also_in,n_methods_at_N,selection_step,rank_siren,rank_yang_harmfulness,rank_wang_robust,rank_zhao_topk,percentile_siren,percentile_yang_harmfulness,percentile_wang_robust,percentile_zhao_topk,consensus_score
quota,0,989,siren,wang_robust,2,1,1,274045,367,869,0.0,0.5973698149976785,0.0007978184243740068,0.0018920939681875352,0.15001493184756
quota,31,1940,yang_harmfulness,zhao_topk,2,2,17864,1,255561,256,0.03893833473932482,0.0,0.5570778047350305,0.0005558570989491031,0.14914299914332613
quota,1,2427,wang_robust,zhao_topk,2,3,89350,76507,1,2,0.19476578797648397,0.16677020867529443,0.0,2.179831760584718e-06,0.09038454412088474
quota,0,491,zhao_topk,wang_robust,2,4,68740,266682,5,1,0.14983945539083293,0.5813197137444932,8.719327042338873e-06,0.0,0.18279197211559212
quota,1,8738,siren,wang_robust,2,5,2,277502,156,34888,2.179831760584718e-06,0.6049054933940199,0.0003378739228906313,0.07604779063151906,0.17032333444504755
quota,31,12913,yang_harmfulness,wang_robust,2,6,3467,2,4,4900,0.007555296882186633,2.179831760584718e-06,6.539495281754154e-06,0.010678995795104534,0.004560753001083376
quota,1,198,wang_robust,zhao_topk,2,7,95170,112154,2,6,0.20745240882308705,0.24447467144485788,2.179831760584718e-06,1.089915880292359e-05,0.11298503981462711
quota,10,14295,zhao_topk,wang_robust,2,8,6923,155711,290,3,0.015088795446767419,0.3394216034406464,0.0006299713788089835,4.359663521169436e-06,0.08878618248243601
quota,2,11075,siren,,1,9,3,139268,1903,60702,4.359663521169436e-06,0.3035786298013519,0.004146040008632133,0.13231796769925297,0.11001174929318955
quota,31,8154,yang_harmfulness,,1,10,5721,3,442085,1832,0.012468637670544588,4.359663521169436e-06,0.9636687440463345,0.003991271953630619,0.2450332533335077
quota,28,2807,wang_robust,siren,2,11,29,3994,3,15788,6.103528929637211e-05,0.00870406822001478,4.359663521169436e-06,0.03441300400435095,0.010795616794295818
quota,31,12111,zhao_topk,,1,12,22334,375193,333323,4,0.04868218270913851,0.8178554379173015,0.7265858821016195,6.539495281754154e-06,0.3982825105558353
quota,3,14176,siren,,1,13,4,32354,458106,6982,6.539495281754154e-06,0.07052409695019739,0.9985918286826623,0.015217405520641917,0.27108496766219586
quota,31,3409,yang_harmfulness,wang_robust,2,14,2013,4,48,1934,0.0043858215022964525,6.539495281754154e-06,0.00010245209274748175,0.00421361479321026,0.0021771069708839868
quota,26,7711,wang_robust,siren,2,15,35,192432,6,64135,7.411427985988042e-05,0.41946720552107786,1.089915880292359e-05,0.1398013301333403,0.13983838727327025
quota,0,8268,zhao_topk,wang_robust,2,16,127883,142074,133,5,0.27876124520709494,0.30969523772155266,0.0002877377923971828,8.719327042338873e-06,0.1471882350120218
quota,4,7096,siren,,1,17,5,316112,456166,113848,8.719327042338873e-06,0.6890687976701958,0.9943629550671279,0.2481673064472884,0.48290194462791364
quota,31,12004,yang_harmfulness,wang_robust,2,18,15091,5,14,1494,0.032893661267223394,8.719327042338873e-06,2.8337812887601334e-05,0.003254488818552984,0.00904630180642658
quota,0,8092,wang_robust,zhao_topk,2,19,1061,286495,7,216,0.0023106216662198012,0.6245087204169583,1.3078990563508308e-05,0.00046866382852571437,0.1568252712255668
quota,5,7012,zhao_topk,,1,20,75122,31496,441529,7,0.1637511416868846,0.0686538012996157,0.9624567575874494,1.3078990563508308e-05,0.2987186948911283
quota,5,4011,siren,,1,21,6,380245,454498,417732,1.089915880292359e-05,0.8288679479717755,0.9907269956904726,0.9105833011808149,0.6825472860004664
quota,31,9825,yang_harmfulness,wang_robust,2,22,1173,6,45,1265,0.0025547628234052896,1.089915880292359e-05,9.59125974657276e-05,0.0027553073453790836,0.001354220481263256
quota,20,9424,wang_robust,siren,2,23,77,123449,8,72127,0.00016566721380443857,0.26909587118066225,1.5258822324093028e-05,0.15722254556393336,0.10662483569518105
quota,11,11321,zhao_topk,,1,24,47411,5113,445851,8,0.10334582376932148,0.011143299960109078,0.9718779904566965,1.5258822324093028e-05,0.2715955932521128
quota,6,9908,siren,,1,25,7,351953,458568,49637,1.3078990563508308e-05,0.7671961478013127,0.9995989109560525,0.10819812926838307,0.468751566754078
quota,31,7450,yang_harmfulness,wang_robust,2,26,12594,7,76,1188,0.027450621361043356,1.3078990563508308e-05,0.00016348738204385386,0.0025874602998140605,0.007553662008366196
quota,19,10348,wang_robust,,1,27,1088,3428,9,5050,0.0023694771237555887,0.007470283443523829,1.7438654084677745e-05,0.011005970559192241,0.005215792445139084
quota,13,4208,zhao_topk,,1,28,37077,5993,244860,9,0.080819442355439,0.013061551909423631,0.5337514250650135,1.7438654084677745e-05,0.1569124644959902
quota,7,5489,siren,,1,29,8,281165,451241,200435,1.5258822324093028e-05,0.6128902171330417,0.9836272836462482,0.4369123991010374,0.5083612896756629
quota,31,5311,yang_harmfulness,zhao_topk,2,30,20696,8,257931,257,0.04511161828530074,1.5258822324093028e-05,0.5622440060076164,0.0005580369307096878,0.15198223001148772
quota,30,2653,wang_robust,siren,2,31,31,219726,10,7551,6.539495281754155e-05,0.4789635335944772,1.9618485845262463e-05,0.01645772979241462,0.12387656920638865
quota,14,12639,zhao_topk,,1,32,32969,743,193693,10,0.07186469348295699,0.0016174351663538608,0.4222159733711752,1.9618485845262463e-05,0.12392943012658283
quota,8,11150,siren,,1,33,9,340221,860,353757,1.7438654084677745e-05,0.7416223615861328,0.0018724754823422729,0.7711285642974075,0.37866021000499184
quota,31,9692,yang_harmfulness,,1,34,4870,9,411078,2832,0.010613600842286993,1.7438654084677745e-05,0.8960787006458841,0.006171103714215337,0.2282202109641178
quota,31,5933,wang_robust,yang_harmfulness,2,35,23486,114,11,1264,0.051193348897332104,0.00024632098894607316,2.179831760584718e-05,0.002753127513618499,0.01355364892937563
quota,16,6521,zhao_topk,wang_robust,2,36,12052,2582,67,11,0.026269152546806437,0.005626145774069158,0.0001438688961985914,2.179831760584718e-05,0.008015241383670008
quota,9,743,siren,,1,37,10,147996,452971,19393,1.9618485845262463e-05,0.3226042014077353,0.9873983925920597,0.04227129750125885,0.3380733774967248
quota,31,1166,yang_harmfulness,,1,38,45710,10,308002,10838,0.09963792994456688,1.9618485845262463e-05,0.6713903620918538,0.023622836789456588,0.19866768682793062
quota,29,7349,wang_robust,siren,2,39,391,569,12,730,0.00085013438662804,0.0012381444400121199,2.39781493664319e-05,0.0015890973534662596,0.0009253385823682128
quota,17,14096,zhao_topk,wang_robust,2,40,14947,2521,122,12,0.032579765493699196,0.0054931760366734896,0.0002637596430307509,2.39781493664319e-05,0.009590169830692467
quota,10,4789,siren,,1,41,11,8169,457934,151013,2.179831760584718e-05,0.017804865820455977,0.9982168976198417,0.32918075382941947,0.33630607889683073
quota,31,14201,yang_harmfulness,siren;zhao_topk,3,42,56,11,446676,124,0.00011989074683215949,2.179831760584718e-05,0.973676351659179,0.00026811930655192034,0.24352154000754223
quota,31,3811,wang_robust,yang_harmfulness,2,43,6493,43,13,2192,0.01415146778971599,9.155293394455816e-05,2.6157981127016616e-05,0.0047760113874411175,0.004761297523057171
quota,18,12797,zhao_topk,,1,44,20674,14830,1235,13,0.045063661986567874,0.03232472517771078,0.002689912392561542,2.6157981127016616e-05,0.0200261143844918
quota,11,8111,siren,,1,45,12,31545,458590,227360,2.39781493664319e-05,0.06876061305588435,0.9996468672547852,0.4956043692547809,0.39100895692870424
quota,31,8937,yang_harmfulness,wang_robust,2,46,13038,12,33,1714,0.028418466662742968,2.39781493664319e-05,6.975461633871098e-05,0.0037340518058816222,0.008061562808582433
quota,31,5253,wang_robust,yang_harmfulness,2,47,9689,75,15,1335,0.02111821009654475,0.00016130755028326914,3.0517644648186055e-05,0.002907895568620014,0.006054482715024055
quota,19,12164,zhao_topk,,1,48,21792,78869,350503,14,0.04750071389490159,0.17191897129379555,0.7640353917484648,2.8337812887601334e-05,0.24587085368751238
quota,12,8197,siren,,1,49,13,53183,458680,12189,2.6157981127016616e-05,0.11592781269141647,0.9998430521132379,0.026567789498006544,0.285591203070947
quota,31,9664,yang_harmfulness,,1,50,18974,13,24821,1929,0.041357947993573854,2.6157981127016616e-05,0.054103424297712706,0.004202715634407337,0.02492256147670523
quota,23,2565,wang_robust,zhao_topk,2,51,882,551,16,121,0.0019204317810751366,0.001198907468321595,3.269747640877077e-05,0.0002615798112701662,0.0008534041342689172
quota,31,12732,zhao_topk,,1,52,20505,290627,338508,15,0.04469527041902906,0.6335157852516943,0.7378883097802511,3.0517644648186055e-05,0.35403247077390565
quota,13,9215,siren,,1,53,14,283736,458451,182940,2.8337812887601334e-05,0.618494564589505,0.999343870640064,0.39877624244960774,0.5041607538730161
quota,31,6432,yang_harmfulness,wang_robust;zhao_topk,3,54,14750,14,84,156,0.032150338636864007,2.8337812887601334e-05,0.0001809260361285316,0.0003378739228906313,0.008174369102192693
quota,30,7675,wang_robust,yang_harmfulness;zhao_topk,3,55,3371,182,17,345,0.0073460330331705,0.00039454954866583396,3.487730816935549e-05,0.000749862125641143,0.0021313305039117082
quota,1,6412,zhao_topk,wang_robust,2,56,109428,130886,107,16,0.23853245006550394,0.2853072799841308,0.0002310621666219801,3.269747640877077e-05,0.13102587242316635
quota,14,2015,siren,,1,57,15,138099,458749,360866,3.0517644648186055e-05,0.3010304064732284,0.9999934605047183,0.7866249882834043,0.5219198432264998
quota,31,14276,yang_harmfulness,wang_robust,2,58,4373,15,42,661,0.009530224457276387,3.0517644648186055e-05,8.937310218397344e-05,0.001438688961985914,0.002772201041523615
quota,31,13801,wang_robust,yang_harmfulness,2,59,5354,112,18,2444,0.011668639414409996,0.0002419613254249037,3.705713992994021e-05,0.005325328991108466,0.004318246717718326
quota,9,4255,zhao_topk,,1,60,77249,97316,30254,17,0.1683876438416483,0.21213032778130184,0.06594645025296948,3.487730816935549e-05,0.11162482479602225
quota,15,9635,siren,,1,61,16,17217,458598,89034,3.269747640877077e-05,0.03752798359022651,0.9996643059088699,0.1940769611401392,0.3078254870289111
quota,31,14224,yang_harmfulness,zhao_topk,2,62,18794,16,435522,111,0.04096557827666861,3.269747640877077e-05,0.949362508201617,0.00023978149366431898,0.24765014136208968
quota,31,3166,wang_robust,yang_harmfulness,2,63,2812,201,19,1583,0.006127507079003642,0.0004359663521169436,3.9236971690524926e-05,0.003448493845245024,0.0025128010620140335
quota,13,8310,zhao_topk,,1,64,33633,478,822,18,0.07331210177198524,0.0010397797497989105,0.0017896418754400536,3.705713992994021e-05,0.019044645134288534
quota,16,6950,siren,wang_robust,2,65,17,16240,199,120007,3.487730816935549e-05,0.035398287960135236,0.00043160668859577417,0.2615928902607297,0.07436441555440751
quota,31,5509,yang_harmfulness,,1,66,15544,17,394733,793,0.03388112505476827,3.487730816935549e-05,0.860449350519127,0.0017264267543830967,0.2240229449091119
quota,0,762,wang_robust,,1,67,1374,391537,20,367219,0.0029929090072828178,0.8534826082122982,4.1416803451109644e-05,0.800473459458399,0.41424759837035774
quota,19,13845,zhao_topk,,1,68,17098,2441,29166,19,0.03726858361071692,0.005318789495826712,0.0635747932974533,3.9236971690524926e-05,0.026550350843921867
quota,17,10712,siren,wang_robust,2,69,18,29129,80,141851,3.705713992994021e-05,0.06349413952231167,0.00017220670908619273,0.3092091352389423,0.09322813465256752
quota,31,11010,yang_harmfulness,wang_robust,2,70,22526,18,274,3301,0.049100710407170775,3.705713992994021e-05,0.000595094070639628,0.00719344480992957,0.014231576606917479
quota,31,2756,wang_robust,yang_harmfulness,2,71,4458,222,21,1138,0.009715510156926089,0.0004817428190892227,4.359663521169436e-05,0.0024784687117848244,0.0031798295807529573
quota,24,5326,zhao_topk,,1,72,22201,1622,1302,20,0.04839226508498074,0.003533507283907828,0.002835961120520718,4.1416803451109644e-05,0.013700787573215098
quota,18,8429,siren,,1,73,19,76501,458256,100394,3.9236971690524926e-05,0.16675712968473094,0.99891880344675,0.2188398499403816,0.34613875501088825
quota,31,1324,yang_harmfulness,,1,74,12433,19,19925,1321,0.027099668447589216,3.9236971690524926e-05,0.043430967997889924,0.002877377923971828,0.018361812835285374
quota,31,2207,wang_robust,siren;yang_harmfulness,3,75,271,45,22,2735,0.0005885545753578739,9.59125974657276e-05,4.577646697227908e-05,0.005959660033438619,0.001672475918308625
quota,25,3897,zhao_topk,wang_robust,2,76,14967,39716,77,21,0.03262336212891089,0.08657201837162208,0.00016566721380443857,4.359663521169436e-05,0.029851161087387276
quota,19,11771,siren,wang_robust,2,77,20,205659,403,5832,4.1416803451109644e-05,0.44829984021833197,0.0008762923677550566,0.012710598995969491,0.1154820370963769
quota,31,14196,yang_harmfulness,,1,78,16952,20,241301,3111,0.036950328173671554,4.1416803451109644e-05,0.5259934038290924,0.006779276775418473,0.14244110639540838
quota,11,4258,wang_robust,siren,2,79,55,2409,23,413660,0.00011771091507157477,0.005249034879488001,4.79562987328638e-05,0.9017070262517138,0.22678043208625157
quota,26,450,zhao_topk,wang_robust,2,80,6084,59511,28,22,0.01325991659963684,0.12972178807239657,5.8855457535787386e-05,4.577646697227908e-05,0.03577158414913537
quota,20,13974,siren,wang_robust,2,81,21,79344,140,15784,4.359663521169436e-05,0.1729543913800733,0.0003029966147212758,0.034404284677308605,0.051926317326828716
quota,31,5371,yang_harmfulness,,1,82,3440,21,321391,1085,0.007496441424650845,4.359663521169436e-05,0.7005761295343226,0.0023629376284738345,0.17761977630566475
quota,31,13869,wang_robust,yang_harmfulness,2,83,12416,71,24,1050,0.027062611307659273,0.00015258822324093027,5.0136130493448515e-05,0.0022866435168533692,0.007387994794561756
quota,30,7305,zhao_topk,wang_robust,2,84,11850,489,299,23,0.025828826531168324,0.0010637578991653425,0.000649589864654246,4.79562987328638e-05,0.006897532648430194
quota,21,23,siren,,1,85,22,4433,457227,26141,4.577646697227908e-05,0.00966101436291147,0.9966757565651083,0.05698080222168453,0.26584083740416914
quota,31,8382,yang_harmfulness,,1,86,6722,22,455126,1604,0.01465064926288989,4.577646697227908e-05,0.9920959300361198,0.003494270312217303,0.2525716565195498
quota,29,4946,wang_robust,siren,2,87,449,20584,25,39641,0.0009765646287419538,0.04486747712811525,5.231596225403323e-05,0.08640853098957822,0.03307622217717236
quota,31,4097,zhao_topk,,1,88,29293,1465,368970,24,0.06385163193104756,0.003191273697496027,0.8042903448711829,5.0136130493448515e-05,0.21784584665755496
quota,22,11137,siren,,1,89,23,287380,458445,264978,4.79562987328638e-05,0.6264378715250757,0.9993307916495004,0.5776052804244568,0.5508554749744414
quota,31,850,yang_harmfulness,,1,90,13351,23,321041,2017,0.029100754003805986,4.79562987328638e-05,0.6998131884181179,0.004394540829338792,0.18333910988749888
quota,31,3175,wang_robust,yang_harmfulness,2,91,11312,44,26,1123,0.024656077043973747,9.373276570514288e-05,5.449579401461795e-05,0.0024457712353760535,0.006812519209767391
quota,3,6390,zhao_topk,,1,92,44988,206399,458262,25,0.09806409141342472,0.44991291572116465,0.9989318824373135,5.231596225403323e-05,0.38674030138353926
quota,23,5263,siren,,1,93,24,146139,458726,42418,5.0136130493448515e-05,0.3185562538283295,0.9999433243742248,0.09246192378872199,0.35275290953044247
quota,31,9119,yang_harmfulness,,1,94,21209,24,415821,1967,0.0462298719784807,5.0136130493448515e-05,0.9064176426863375,0.004285549241309556,0.2392458000091553
quota,31,1129,wang_robust,,1,95,11798,913,27,1887,0.02571547527961792,0.001988006565653263,5.667562577520267e-05,0.004111162700462778,0.00796783004287729
quota,7,3720,zhao_topk,,1,96,15722,1925,398467,26,0.034269135108152354,0.004193996307364997,0.8685888423131503,5.449579401461795e-05,0.22677661738067056
quota,24,2598,siren,,1,97,25,139091,458712,8448,5.231596225403323e-05,0.30319279957972844,0.9999128067295766,0.018413038881659113,0.3303927402883045
quota,31,3387,yang_harmfulness,,1,98,7775,25,424922,746,0.016946012106785598,5.231596225403323e-05,0.926256291539419,0.001623974661635615,0.2362196485675236
quota,30,14215,wang_robust,zhao_topk,2,99,6598,2725,29,361,0.014380350124577385,0.005937861715832772,6.103528929637211e-05,0.0007847394338104985,0.005290996640879257
quota,7,6673,zhao_topk,,1,100,42985,28880,422557,27,0.09369788839697352,0.06295136141392607,0.9211009894256361,5.667562577520267e-05,0.2694517287155777
quota,25,3787,siren,,1,101,26,43690,2209,49087,5.449579401461795e-05,0.09523466978818575,0.004813068527371058,0.10699922180006147,0.05177536397740822
quota,31,2549,yang_harmfulness,,1,102,15585,26,100268,2350,0.033970498156952245,5.449579401461795e-05,0.21856519113854792,0.005120424805613503,0.06442765247378207
quota,21,4626,wang_robust,zhao_topk,2,103,1091,155858,30,128,0.0023760166190373425,0.3397420387094524,6.321512105695683e-05,0.0002768386335942592,0.08561452727078524
quota,30,3382,zhao_topk,,1,104,27730,622,32343,28,0.06044455488925365,0.0013536755233231098,0.07050011880083096,5.8855457535787386e-05,0.033089301167735875
quota,26,5848,siren,,1,105,27,280117,458438,77101,5.667562577520267e-05,0.6106057534479489,0.9993155328271764,0.16806502874108176,0.4445107476604956
quota,30,2792,yang_harmfulness,zhao_topk,2,106,12787,27,4402,296,0.027871328890836204,5.667562577520267e-05,0.009593439578333344,0.0006430503693724918,0.00954112361607931
quota,31,9047,wang_robust,yang_harmfulness,2,107,14143,366,31,2186,0.030827180758189084,0.0007956385926134221,6.539495281754155e-05,0.004762932396877609,0.009112786675124416
quota,30,7813,zhao_topk,yang_harmfulness,2,108,18915,47,53547,29,0.041229337919699356,0.00010027226098689703,0.11672127145226932,6.103528929637211e-05,0.03952797923056299
quota,27,2170,siren,,1,109,28,1431,458352,2824,5.8855457535787386e-05,0.003117159417636147,0.9991280672957661,0.006153665060130659,0.25211443680776713
quota,31,12591,yang_harmfulness,,1,110,3695,28,453771,1111,0.00805229852359995,5.8855457535787386e-05,0.9891422580005276,0.002419613254249037,0.24991825630897807
quota,1,5573,wang_robust,,1,111,16414,233504,32,741,0.03577757868647698,0.5089972555918134,6.757478457812626e-05,0.0016130755028326913,0.1366138711414253
quota,31,8717,zhao_topk,,1,112,21724,387821,338902,30,0.04735248533518183,0.8453823533899654,0.7387471634939216,6.321512105695683e-05,0.4078863043350314
quota,29,9571,siren,wang_robust,2,113,30,6628,39,7582,6.321512105695683e-05,0.014445745077394927,8.283360690221929e-05,0.016525304576992746,0.007779274595586712
quota,31,6614,yang_harmfulness,,1,114,75276,29,256741,2018,0.16408683577801464,6.103528929637211e-05,0.5596500062125205,0.004396720661099376,0.18204864948523272
quota,22,5031,wang_robust,siren,2,115,73,5556,34,24681,0.0001569478867620997,0.01210896543004811,7.19344480992957e-05,0.05379824785123084,0.016534023904035088
quota,1,591,zhao_topk,wang_robust,2,116,391676,241115,313,31,0.8537856048270195,0.5255879551216237,0.000680107509302432,6.539495281754155e-05,0.3450297656026908
quota,31,12950,siren,yang_harmfulness,2,117,32,94,446562,1590,6.757478457812626e-05,0.00020272435373437878,0.9734278508384723,0.003463752667569117,0.2442904756610885
quota,31,7416,yang_harmfulness,wang_robust,2,118,13290,30,155,2592,0.028967784266410317,6.321512105695683e-05,0.0003356940911300466,0.005647944091675005,0.008753659392568081
quota,30,5948,wang_robust,yang_harmfulness;zhao_topk,3,119,8135,377,35,212,0.017730751540596095,0.000819616741979854,7.411427985988042e-05,0.0004599445014833755,0.004771106765979802
quota,6,2843,zhao_topk,,1,120,22979,363803,350149,32,0.05008817419471565,0.7930271541642416,0.7632637313052179,6.757478457812626e-05,0.40161165861218834
quota,0,6677,siren,wang_robust,2,121,33,354863,235,83591,6.975461633871098e-05,0.7735394582246142,0.0005100806319768241,0.18221213686727658,0.23908285758505157
quota,31,9416,yang_harmfulness,wang_robust,2,122,6442,31,63,2581,0.014040296369926169,6.539495281754155e-05,0.00013514956915625253,0.005623965942308573,0.004966201708552134
quota,31,6159,wang_robust,yang_harmfulness,2,123,10778,429,36,2814,0.023492046883821508,0.0009329679935302593,7.629411162046513e-05,0.006131866742524812,0.0076582939328742605
quota,6,5866,zhao_topk,,1,124,67894,377275,429397,33,0.14799531772137828,0.822393847642839,0.9360110386680356,6.975461633871098e-05,0.4766174896621479
quota,5,4724,siren,,1,125,34,145659,965,134112,7.19344480992957e-05,0.3175099345832489,0.0021013578172036683,0.2923394172437771,0.15300566102308222
quota,31,13076,yang_harmfulness,,1,126,4318,32,31328,2194,0.009410333710444228,6.757478457812626e-05,0.06828758956383746,0.004780371050962287,0.020636467277455522
quota,1,8182,wang_robust,,1,127,568,243075,37,55229,0.001235964608251535,0.5298604253723698,7.847394338104985e-05,0.12038774847357281,0.16289065309939377
quota,9,12002,zhao_topk,,1,128,18250,29628,2576,34,0.03977974979891052,0.06458187557084344,0.005613066783505649,7.19344480992957e-05,0.027511656650339725
quota,3,381,siren,,1,129,36,398809,457839,31890,7.629411162046513e-05,0.8693343447752703,0.9980098136025861,0.06951265501328607,0.48423327687569073
quota,31,14106,yang_harmfulness,,1,130,187746,33,45151,1408,0.4092525138909779,6.975461633871098e-05,0.09841940399040001,0.0030670232871426984,0.12770217394621483
quota,31,11581,wang_robust,yang_harmfulness,2,131,1427,133,38,5575,0.003108440090593808,0.0002877377923971828,8.065377514163457e-05,0.012150382233499218,0.0039068034729079605
quota,10,853,zhao_topk,,1,132,27784,1407,32193,35,0.06056226580432522,0.0030648434553821138,0.07017314403674324,7.411427985988042e-05,0.03346859189407761
quota,0,9362,siren,wang_robust,2,133,37,416179,311,296668,7.847394338104985e-05,0.9071980224566268,0.0006757478457812626,0.6466841489173866,0.3886590982907939
quota,31,7873,yang_harmfulness,,1,134,14903,34,245755,3081,0.03248385289623347,7.19344480992957e-05,0.5357023744907368,0.0067138818226009315,0.1437430109144176
quota,31,11638,wang_robust,yang_harmfulness,2,135,3497,124,40,2116,0.007620691835004174,0.00026811930655192034,8.5013438662804e-05,0.0046103441736366785,0.003146042188463894
quota,10,11570,zhao_topk,,1,136,49816,32956,456276,36,0.10858831915352773,0.07183635567006938,0.9946027365607922,7.629411162046513e-05,0.2937759263740024
quota,5,9150,siren,,1,137,38,391660,453859,40958,8.065377514163457e-05,0.8537507275188501,0.989334083195459,0.08927936941826829,0.4831112084769298
quota,31,3769,yang_harmfulness,,1,138,2684,35,10502,2618,0.005848488613648798,7.411427985988042e-05,0.022890413317900125,0.005704619717450207,0.008629408982214752
quota,31,13995,wang_robust,,1,139,1105,474,41,4031,0.002406534263685529,0.0010310604227565716,8.719327042338872e-05,0.008784721995156414,0.003077377488005476
quota,12,13860,zhao_topk,,1,140,44565,26358,338981,37,0.09714202257869738,0.057453825713731414,0.7389193702030077,7.847394338104985e-05,0.22339842310970437
quota,26,9917,siren,,1,141,39,34937,439998,49364,8.283360690221929e-05,0.0761546023877877,0.9591194351619942,0.10760303519774343,0.2857399765886069
quota,31,1681,yang_harmfulness,wang_robust,2,142,16051,36,164,2403,0.03498629975738472,7.629411162046513e-05,0.00035531257697530904,0.005235955888924493,0.010163465583726248
quota,31,12446,wang_robust,,1,143,4066,2155,43,3370,0.008861016106776878,0.004695357612299483,9.155293394455816e-05,0.007343853201409915,0.005247944963607708
quota,12,13868,zhao_topk,wang_robust,2,144,16928,1372,272,38,0.03689801221141752,0.0029885493437616486,0.0005907344071184586,8.065377514163457e-05,0.010139487434359816
quota,2,6515,siren,,1,145,40,334218,454003,241810,8.5013438662804e-05,0.7285368315273427,0.9896479789689832,0.5271029381952301,0.5613431905325548
quota,31,4577,yang_harmfulness,wang_robust,2,146,10380,37,264,17771,0.02262447384310879,7.847394338104985e-05,0.0005732957530337809,0.03873561038559044,0.015502963481278515
quota,30,13047,wang_robust,,1,147,4235,2776,44,548,0.009229407674315696,0.006049033135622593,9.373276570514288e-05,0.0011923679730398407,0.004141135387170818
quota,27,8140,zhao_topk,yang_harmfulness,2,148,22734,330,1079,39,0.049554115413372395,0.0007171646492323722,0.002349858637910326,8.283360690221929e-05,0.013175993076854329
quota,0,10953,siren,,1,149,41,434173,1441,78372,8.719327042338872e-05,0.9464219151565882,0.003138957735241994,0.17083559490878494,0.2801209152677596
quota,31,5772,yang_harmfulness,,1,150,20971,38,343358,1459,0.045711072019461535,8.065377514163457e-05,0.7484604938190871,0.003178194706932519,0.1993576035801557
quota,29,7425,wang_robust,siren,2,151,337,11388,46,5235,0.0007324234715564653,0.024821744257778184,9.809242922631231e-05,0.011409239434900414,0.009265374898365344
quota,29,12010,zhao_topk,,1,152,17873,213230,450974,40,0.03895795322517008,0.46480334647771887,0.983045268566172,8.5013438662804e-05,0.37172289542693093
quota,3,1160,siren,,1,153,42,369536,458444,5129,8.937310218397344e-05,0.8055241296476738,0.9993286118177399,0.011178177268278435,0.454030072958969
quota,31,11079,yang_harmfulness,,1,154,11294,39,425144,7710,0.024616840072283222,8.283360690221929e-05,0.9267402141902688,0.01680432304234759,0.24206105272795045
quota,1,7843,wang_robust,,1,155,4377,198843,47,3846,0.009538943784318726,0.4334421069381865,0.00010027226098689703,0.008381453119448242,0.11286569402573511
quota,29,12657,zhao_topk,,1,156,3712,1541,456540,41,0.008089355663529888,0.0033569409113004657,0.9951782121455865,8.719327042338872e-05,0.25167792549771006
quota,5,7127,siren,,1,157,43,140654,445276,204228,9.155293394455816e-05,0.3065998766215223,0.9706245871943603,0.44518050096893524,0.43062412942969064
quota,31,12119,yang_harmfulness,,1,158,13463,40,359022,3556,0.029344895160991476,8.5013438662804e-05,0.782605378516886,0.007749301908878673,0.20494614725635477
quota,30,6894,wang_robust,yang_harmfulness;zhao_topk,3,159,9723,214,49,411,0.021192324376404628,0.00046430416500454493,0.00010463192450806646,0.0008937310218397344,0.005663747871939243
quota,31,801,zhao_topk,,1,160,23619,1212,489,42,0.05148326652148987,0.0026397762620680937,0.0010637578991653425,8.937310218397344e-05,0.01381904344622682
quota,26,11169,siren,,1,161,44,179967,912,326350,9.373276570514288e-05,0.3922956026253894,0.001985826733892678,0.7113859152350621,0.2764402693400123
quota,31,2305,yang_harmfulness,wang_robust,2,162,15302,41,200,1568,0.03335360576870677,8.719327042338872e-05,0.0004337865203563589,0.0034157963688362532,0.009322595482080694
quota,31,4786,wang_robust,,1,163,15880,1680,50,1180,0.03461354852632474,0.0036599375260217416,0.00010681175626865118,0.0025700216457293827,0.01023757986358613
quota,0,11311,zhao_topk,wang_robust,2,164,78428,433293,348,43,0.17095766548737767,0.9445036632072736,0.0007564016209228972,9.155293394455816e-05,0.2790773208123797
quota,0,7886,siren,,1,165,45,263364,457605,82009,9.59125974657276e-05,0.5740870319628731,0.9974997329706093,0.17876364302203157,0.43761158013824497
quota,31,9575,yang_harmfulness,wang_robust,2,166,21548,42,87,1768,0.04696883494531892,8.937310218397344e-05,0.00018746553141028575,0.0038517627209531968,0.012774359074966594
quota,29,11005,wang_robust,siren,2,167,229,3913,51,40354,0.0004970016414133158,0.008527501847407417,0.0001089915880292359,0.08796275103487512,0.02427406152793127
quota,0,13463,zhao_topk,,1,168,76196,418643,339710,44,0.16609228099775258,0.9125691279147076,0.740508467556474,9.373276570514288e-05,0.45481590230865987
quota,3,12499,siren,,1,169,46,432728,436295,18406,9.809242922631231e-05,0.9432720582625433,0.951047518152549,0.040119803553561734,0.4836343680994701
quota,30,8562,yang_harmfulness,zhao_topk,2,170,72071,46,341337,324,0.15710047498534063,9.809242922631231e-05,0.7440550538309453,0.0007040856586688639,0.22548942672604527
quota,31,6657,wang_robust,yang_harmfulness,2,171,5748,52,52,1736,0.012527493128080375,0.00011117141978982062,0.00011117141978982062,0.003782008104614486,0.004132961018068626
quota,1,12638,zhao_topk,,1,172,25844,5639,430075,45,0.05633339218879087,0.01228989146617664,0.937488964601712,9.59125974657276e-05,0.25155204021353633
quota,5,6348,siren,,1,173,47,384220,429062,275875,0.00010027226098689703,0.8375327792200998,0.9352807950282397,0.6013589071195485,0.5935681884072187
quota,31,9519,yang_harmfulness,,1,174,20072,48,373069,908,0.043751403266695875,0.00010245209274748175,0.8132254752578196,0.001977107406850339,0.2147641095060283
quota,31,8053,wang_robust,yang_harmfulness,2,175,3176,126,53,1624,0.00692096583985648,0.00027247897007308977,0.00011335125155040534,0.0035378669474289974,0.0027111657522272434
quota,1,12657,zhao_topk,,1,176,56303,211040,267521,46,0.1227288877844408,0.4600295149220383,0.5831485925916238,9.809242922631231e-05,0.2915012719318323
quota,1,11737,siren,wang_robust,2,177,48,425204,301,98060,0.00010245209274748175,0.9268710040959038,0.0006539495281754154,0.21375212261117688,0.28534488208200093
quota,31,10834,yang_harmfulness,,1,178,7080,49,359501,2630,0.015431029033179219,0.00010463192450806646,0.7836495179302061,0.005730777698577224,0.20122898914661766
quota,31,8118,wang_robust,yang_harmfulness,2,179,11186,216,54,1492,0.02438141824214007,0.00046866382852571437,0.00011553108331099005,0.0032501291550318147,0.007053935577252147
quota,2,4786,zhao_topk,,1,180,70161,211936,427284,47,0.1529369963226238,0.46198264417952223,0.9314050541579201,0.00010027226098689703,0.38660624173026326
quota,0,7278,siren,,1,181,49,421128,456396,21223,0.00010463192450806646,0.9179860098397605,0.9948643163720624,0.04626038962312889,0.48980383693986496
quota,31,11929,yang_harmfulness,,1,182,406908,50,2615,1642,0.8869888022042459,0.00010681175626865118,0.005698080222168453,0.0035771039191195226,0.22409269952545063
quota,1,8599,wang_robust,,1,183,833,288255,55,154172,0.0018136200248064854,0.6283452243155874,0.00011771091507157477,0.33606684236110657,0.24158584940414302
quota,8,12312,zhao_topk,,1,184,97002,27967,413322,48,0.21144586060847823,0.06096117501651223,0.9009702431166362,0.00010245209274748175,0.2933699327085935
quota,8,4398,siren,,1,185,50,236422,5874,49160,0.00010681175626865118,0.5153580046691997,0.01280215192991405,0.10715834951858416,0.15885632946849165
quota,31,1572,yang_harmfulness,,1,186,18276,51,58845,3366,0.039836425424685726,0.0001089915880292359,0.12827002011984714,0.007335133874367576,0.04388764275173242
quota,31,5540,wang_robust,yang_harmfulness,2,187,887,359,56,2405,0.0019313309398780601,0.0007803797702893291,0.00011989074683215949,0.005240315552445662,0.0020179792523613025
quota,18,7417,zhao_topk,,1,188,31142,55659,2083,49,0.0678821408563687,0.12132507613062424,0.004538409725537383,0.00010463192450806646,0.0484625646592596
quota,26,4587,siren,,1,189,51,26548,420618,341530,0.0001089915880292359,0.05786799374824251,0.9168742956418624,0.7444757613607382,0.42983176058471806
quota,31,996,yang_harmfulness,wang_robust,2,190,34235,53,141,2818,0.07462436049185724,0.00011335125155040534,0.00030517644648186054,0.006140586069567151,0.02029586856486416
quota,30,12012,wang_robust,zhao_topk,2,191,3293,883,57,443,0.007176006155844892,0.0019226116128357213,0.00012207057859274422,0.0009634856381784453,0.002546043496362951
quota,23,306,zhao_topk,,1,192,21989,21371,3541,50,0.04793014075173678,0.04658300472369543,0.007716604432469902,0.00010681175626865118,0.025584140416042695
quota,13,2741,siren,,1,193,52,32462,458751,9841,0.00011117141978982062,0.07075951878034054,0.9999978201682395,0.021449544524153624,0.27307951372313083
quota,31,3197,yang_harmfulness,,1,194,24173,54,9917,1046,0.0526908933168538,0.00011553108331099005,0.021615211737958065,0.0022779241898110304,0.019174890081983472
quota,26,2128,wang_robust,siren,2,195,76,13763,58,12693,0.00016348738204385386,0.02999884468916689,0.00012425041035332894,0.027666424705341242,0.01448825179672633
quota,25,10021,zhao_topk,wang_robust,2,196,12329,5712,78,51,0.026872965944488403,0.012449019184699326,0.0001678470455650233,0.0001089915880292359,0.009899705940695497
quota,14,14318,siren,,1,197,53,155639,656,11113,0.00011335125155040534,0.33926465555388435,0.0014277898031829904,0.024222290523617386,0.09125702178305879
quota,31,7851,yang_harmfulness,,1,198,25828,55,66647,927,0.056298514880621514,0.00011771091507157477,0.14527706751592911,0.002018524210301449,0.05092795438048091
quota,7,2899,wang_robust,siren,2,199,132,165860,59,34710,0.0002855579606365981,0.36154471597882076,0.00012643024211391366,0.07565978057813498,0.10940412118992657
quota,27,13857,zhao_topk,wang_robust,2,200,22133,3317,279,52,0.04824403652526098,0.007228322118098925,0.0006059932294425516,0.00011117141978982062,0.01404738082314807
quota,15,3580,siren,,1,201,54,3476,457955,97177,0.00011553108331099005,0.0075749153680318955,0.998262674086814,0.21182733116658056,0.30444511292618437
quota,31,11488,yang_harmfulness,,1,202,1950,56,438330,2106,0.004248492101379615,0.00011989074683215949,0.9554834757853389,0.004588545856030832,0.24111010112239536
quota,22,11622,wang_robust,siren,2,203,225,153816,60,68875,0.0004882823143709769,0.3352908222543384,0.00012861007387449837,0.15013373267851188,0.12151036183027394
quota,29,3746,zhao_topk,,1,204,12830,1229,425531,53,0.02796506165654135,0.002676833401998034,0.9275838090816151,0.00011335125155040534,0.23958476384792624
quota,10,1084,siren,,1,205,57,928,457641,165980,0.00012207057859274422,0.0020207040420620334,0.9975782069139904,0.36180629579009094,0.34038181933118405
quota,31,5553,yang_harmfulness,,1,206,18133,57,293468,1076,0.03952470948292211,0.00012207057859274422,0.6397086872835155,0.002343319142628572,0.17042469662191473
quota,19,4513,wang_robust,zhao_topk,2,207,2958,9492,61,167,0.0064457625160490115,0.02068878323970956,0.0001307899056350831,0.0003618520722570632,0.006906796933412679
quota,31,4581,zhao_topk,wang_robust,2,208,70185,815,192,54,0.15298931228487786,0.0017743830531159605,0.00041634786627168114,0.00011553108331099005,0.03882389357189413
quota,21,13995,siren,,1,209,58,191449,427922,292644,0.00012425041035332894,0.4173244309004231,0.9327957868211731,0.6379125059127937,0.49703924351118584
quota,31,3828,yang_harmfulness,,1,210,14766,58,446456,2404,0.03218521594503336,0.00012425041035332894,0.9731967886718503,0.005238135720685077,0.2526860976869805
quota,1,11611,wang_robust,,1,211,1229,251676,62,85933,0.002676833401998034,0.5486091583451589,0.0001329697373956678,0.187317302850566,0.18468406608377963
quota,16,1241,zhao_topk,,1,212,149952,33634,4137,55,0.32686795233143906,0.07331428160374583,0.009015784161778393,0.00011771091507157477,0.10232893225300871
quota,16,6901,siren,,1,213,59,106243,457640,165338,0.00012643024211391366,0.2315896859080416,0.9975760270822298,0.36040684379979554,0.39742474675804523
quota,31,10674,yang_harmfulness,wang_robust,2,214,28164,59,417,1650,0.06139060187334742,0.00012643024211391366,0.0009068100124032427,0.0035945425732042003,0.016504596175267196
quota,1,1306,wang_robust,siren,2,215,221,14412,64,2866,0.00047956298732863796,0.03141355550178637,0.00013732940091683724,0.006245217994075217,0.009568916471026766
quota,16,11277,zhao_topk,yang_harmfulness,2,216,18097,274,440979,56,0.03944623553954106,0.000595094070639628,0.9612578501191278,0.00011989074683215949,0.25035476761903513
quota,12,9336,siren,,1,217,60,17256,458172,5607,0.00012861007387449837,0.03761299702888931,0.9987356975788608,0.012220136849837929,0.2621743603828657
quota,31,14027,yang_harmfulness,,1,218,921,60,311555,2619,0.0020054452197379407,0.00012861007387449837,0.6791353043372113,0.005706799549210792,0.17174403979500863
quota,31,13336,wang_robust,,1,219,1140,2657,65,1447,0.002482828375305994,0.005789633156113011,0.00013950923267742196,0.0031520367258055025,0.0028910018724754823
quota,22,4433,zhao_topk,,1,220,14953,2270,453686,57,0.0325928444842627,0.004946038264766726,0.9889569723008779,0.00012207057859274422,0.256654481407125
quota,9,12473,siren,,1,221,61,217629,458091,4317,0.0001307899056350831,0.47439242639253104,0.9985591312062535,0.009408153878683644,0.37062262534577584
quota,31,11808,yang_harmfulness,,1,222,9000,61,421551,1764,0.019616306013501877,0.0001307899056350831,0.9189080786744879,0.003843043393910858,0.2356245544968839
quota,0,12829,wang_robust,zhao_topk,2,223,26032,195970,66,140,0.0567432005597808,0.42717945029002663,0.00014168906443800668,0.0003029966147212758,0.12109183413224169
quota,31,207,zhao_topk,wang_robust,2,224,27096,33698,277,58,0.059062541553042934,0.07345379083642324,0.0006016335659213822,0.00012425041035332894,0.03331055409143522
quota,17,13532,siren,,1,225,62,40156,458526,311155,0.0001329697373956678,0.08753114434627936,0.9995073580221079,0.6782633716329773,0.4413587109346901
quota,31,4436,yang_harmfulness,wang_robust,2,226,25541,62,104,3051,0.0556729031653337,0.0001329697373956678,0.00022452267134022595,0.00664848686978339,0.015669720610963247
quota,20,2873,wang_robust,zhao_topk,2,227,1658,33417,68,278,0.003611981227288878,0.07284125811169893,0.00014604872795917612,0.0006038133976819669,0.01930077536615724
quota,1,4053,zhao_topk,,1,228,189645,327528,327023,59,0.41339201440432827,0.713953757049031,0.7128529420099357,0.00012643024211391366,0.4600812859263522
quota,19,8298,siren,,1,229,63,14709,458546,18168,0.00013514956915625253,0.03206096553468003,0.9995509546573196,0.03960100359454257,0.26783701833892465
quota,30,7146,yang_harmfulness,,1,230,1861,63,403453,608,0.004054487074687575,0.00013514956915625253,0.8794574834714257,0.0013231578786749238,0.2212425694984861
quota,0,12261,wang_robust,,1,231,858,365971,69,213125,0.0018681158188211034,0.7977530294211893,0.00014822855971976083,0.46457446414285747,0.3160859594856469
quota,4,12934,zhao_topk,wang_robust,2,232,14180,170452,232,60,0.03090783453333072,0.3715545034234258,0.0005035411366950699,0.00012861007387449837,0.10077362229183152
quota,18,1454,siren,wang_robust;zhao_topk,3,233,64,19351,86,92,0.00013732940091683724,0.0421797445673143,0.00018528569964970103,0.00019836469021320934,0.010675181089523512
quota,31,714,yang_harmfulness,,1,234,3955,64,447152,2377,0.008619054781351975,0.00013732940091683724,0.9747139515772173,0.00517928026314929,0.24716240400565884
quota,16,11992,wang_robust,siren,2,235,106,4916,70,78531,0.0002288823348613954,0.01071387310327389,0.00015040839148034555,0.1711821881587179,0.04556883799708339
quota,5,6834,zhao_topk,,1,236,127779,203975,271247,61,0.2785345427039941,0.44462900353350726,0.5912706457315624,0.0001307899056350831,0.3286412454686747
quota,25,2732,siren,,1,237,65,191584,458483,218181,0.00013950923267742196,0.41761870818810204,0.9994136252564028,0.4755956935243738,0.47319188405038903
quota,31,9663,yang_harmfulness,,1,238,332864,65,1011,5587,0.725585339323511,0.00013950923267742196,0.002201630078190565,0.012176540214626235,0.1850257547122513
quota,0,11338,wang_robust,,1,239,922,367534,71,333100,0.0020076250514985254,0.8011601064629832,0.00015258822324093027,0.726099779619009,0.38235502483918293
quota,6,12689,zhao_topk,,1,240,15446,5467,314895,62,0.03366750154223097,0.01191496040335607,0.6864159424175642,0.0001329697373956678,0.1830328435251367
quota,2,13496,siren,wang_robust,2,241,66,406591,124,87897,0.00014168906443800668,0.8862977955361405,0.00026811930655192034,0.1915984924283544,0.2695765240838712
quota,31,4661,yang_harmfulness,,1,242,6112,66,415311,2548,0.013320951888933213,0.00014168906443800668,0.9053059284884393,0.005552031494209277,0.23108015023400494
quota,31,515,wang_robust,,1,243,698,5080,72,2580,0.0015193427371275486,0.011071365512009783,0.00015476805500151499,0.005621786110547988,0.004591815603671709
quota,18,9289,zhao_topk,,1,244,9260,132112,465,63,0.020183062271253903,0.2879797537226077,0.0010114419369113092,0.00013514956915625253,0.0773273518749823
quota,0,4252,siren,wang_robust,2,245,67,366179,327,3053,0.0001438688961985914,0.7982064344273909,0.0007106251539506181,0.00665284653330456,0.20142844375271116
quota,31,14073,yang_harmfulness,wang_robust,2,246,17901,67,113,1181,0.03901898851446645,0.0001438688961985914,0.00024414115718548844,0.0025722014774899674,0.010494800011335126
quota,30,1562,wang_robust,,1,247,2549,813,73,957,0.005554211325969861,0.001770023389594791,0.0001569478867620997,0.0020839191631189906,0.0023912754413614357
quota,20,3972,zhao_topk,,1,248,32267,21576,8956,64,0.07033445158702652,0.047029870234615294,0.01952039341603615,0.00013732940091683724,0.0342555111596487
quota,5,11443,siren,,1,249,68,32403,454139,55156,0.00014604872795917612,0.07063090870646603,0.9899444360884226,0.12022862075505013,0.2952375035694745
quota,30,1130,yang_harmfulness,zhao_topk,2,250,1818,68,3670,368,0.003960754308982433,0.00014604872795917612,0.007997802729585331,0.0007999982561345915,0.003226151005665383
quota,4,8346,wang_robust,siren,2,251,342,122872,74,1196,0.0007433226303593889,0.2678381082548049,0.00015912771852268442,0.0026048989538987382,0.06783636438939643
quota,21,8329,zhao_topk,,1,252,16168,213293,445535,65,0.03524134007337314,0.4649406758786357,0.9711891636203518,0.00013950923267742196,0.3678776722012595
quota,27,1253,siren,wang_robust,2,253,69,5402,296,47014,0.00014822855971976083,0.011773271338918062,0.0006430503693724918,0.10248043056036935,0.028761245207094915
quota,31,4128,yang_harmfulness,,1,254,284650,69,369336,13101,0.6204869308186794,0.00014822855971976083,0.8050881632955569,0.028555796063659808,0.36356977968440396
quota,31,14107,wang_robust,yang_harmfulness,2,255,4150,381,75,2786,0.009044121974665996,0.0008283360690221928,0.00016130755028326914,0.00607083145322844,0.004026149261799975
quota,29,11929,zhao_topk,,1,256,26111,7060,379778,66,0.056915407268866985,0.015387432397967525,0.8278499665395824,0.00014168906443800668,0.22507362381771373
quota,3,7756,siren,,1,257,70,354029,1520,312005,0.00015040839148034555,0.7717214785362866,0.0033111644443281868,0.6801162286294744,0.3638248200003924
quota,31,7973,yang_harmfulness,,1,258,21594,70,7027,3981,0.04706910720630582,0.00015040839148034555,0.015315497949868228,0.008675730407127179,0.017802685988695395
quota,30,1171,wang_robust,yang_harmfulness,2,259,5049,117,79,683,0.011003790727431656,0.0002528604842278273,0.000170026877325608,0.0014866452607187777,0.0032283308374259673
quota,1,73,zhao_topk,,1,260,392212,125322,345037,67,0.8549539946506929,0.27317869606823747,0.7521204313451088,0.0001438688961985914,0.4700992477400594
quota,24,1619,siren,,1,261,71,155027,458659,60934,0.00015258822324093027,0.3379305985164065,0.9997972756462656,0.13282368866770863,0.3676760377634054
quota,31,11342,yang_harmfulness,zhao_topk,2,262,30216,72,1493,185,0.06586361664606726,0.00015476805500151499,0.0032523089867923993,0.0004010890439475881,0.01741794568295219
quota,19,5247,wang_robust,,1,263,879,8151,81,999,0.0019138922857933824,0.017765628848765452,0.00017438654084677745,0.0021754720970635485,0.005507344943117291
quota,6,11250,zhao_topk,,1,264,24797,148062,380547,68,0.05405110833545867,0.32274807030393393,0.8295262571634722,0.00014604872795917612,0.301617871132706
quota,23,2803,siren,,1,265,72,84124,458226,53297,0.00015476805500151499,0.18337398719566825,0.9988534084939324,0.11617631351212314,0.32463961931418134
quota,31,2477,yang_harmfulness,,1,266,26112,73,296933,1328,0.056917587100627574,0.0001569478867620997,0.6472618043339415,0.002892636746295921,0.17680724401690678
quota,1,2757,wang_robust,,1,267,5162,278584,82,10997,0.01125011171637773,0.6072640713589725,0.00017656637260736216,0.02396943003938956,0.16066504487183678
quota,8,7331,zhao_topk,,1,268,18642,25877,442257,69,0.04063424384905973,0.056405326636890164,0.9640436751091551,0.00014822855971976083,0.2653078685387062
quota,28,6269,siren,,1,269,74,70830,458649,817,0.00015912771852268442,0.154395303770455,0.9997754773286598,0.0017787427166371299,0.28902716288356867
quota,30,12446,yang_harmfulness,wang_robust,2,270,4642,74,112,4268,0.010116599200873676,0.00015912771852268442,0.0002419613254249037,0.009301342122414992,0.004954757591809064
quota,0,703,wang_robust,,1,271,7644,128731,83,4235,0.016660454146149,0.28060974254007076,0.00017874620436794688,0.009229407674315696,0.07666958764122586
quota,12,9790,zhao_topk,,1,272,22065,271747,6984,70,0.04809580796554122,0.5923605616118548,0.015221765184163086,0.00015040839148034555,0.16395713578825988
quota,29,11082,siren,,1,273,75,13931,458713,1418,0.00016130755028326914,0.030365056424945122,0.9999149865613371,0.0030888216047485454,0.2583825430353285
quota,31,5615,yang_harmfulness,wang_robust,2,274,18157,76,283,3106,0.03957702544517614,0.00016348738204385386,0.0006147125564848905,0.006768377616615549,0.011780900750080108
quota,0,13111,wang_robust,,1,275,4912,451276,85,326799,0.01070515377623155,0.9837035777578687,0.00018310586788911632,0.7123646596955647,0.42673912427438854
quota,15,6164,zhao_topk,wang_robust,2,276,4232,3593,307,71,0.009222868179033943,0.007829955684020307,0.0006670285187389237,0.00015258822324093027,0.004468110151258526
quota,30,6897,siren,,1,277,78,1809,458711,15663,0.0001678470455650233,0.0039411358231371705,0.9999106268978161,0.034140525034277856,0.259540033700199
quota,31,12525,yang_harmfulness,,1,278,3292,77,5222,2594,0.0071738263240843075,0.00016566721380443857,0.011380901622012813,0.005652303755196174,0.006093174728774433
quota,1,8396,wang_robust,,1,279,5449,304284,88,4256,0.011875723431665545,0.6632857476059998,0.00018964536317087047,0.009275184141287975,0.17115657513553106
quota,15,7566,zhao_topk,wang_robust,2,280,17958,33388,236,72,0.03914323892481978,0.07277804299064199,0.0005122604637374088,0.00015476805500151499,0.028147077608550175
quota,7,11986,siren,,1,281,79,222993,458738,9500,0.000170026877325608,0.48608504395630747,0.9999694823553518,0.020706221893794237,0.3767326937706948
quota,31,12358,yang_harmfulness,,1,282,6239,78,382212,1911,0.013597790522527471,0.0001678470455650233,0.8331556770448457,0.004163478662716811,0.21277119831891375
quota,30,6159,wang_robust,yang_harmfulness;zhao_topk,3,283,3638,348,89,401,0.00792804811324662,0.0007564016209228972,0.0001918251949314552,0.0008719327042338872,0.002437051908333715
quota,17,9309,zhao_topk,,1,284,14509,95423,711,73,0.03162499918256309,0.20800390625851498,0.0015476805500151498,0.0001569478867620997,0.060333383469463826
quota,0,3400,siren,,1,285,80,434207,846,246903,0.00017220670908619273,0.9464960294364481,0.0018419578376940868,0.5382048213518881,0.37167875383377913
quota,31,12814,yang_harmfulness,,1,286,8198,79,278080,3621,0.017868080941512935,0.000170026877325608,0.6061654361516379,0.00789099097331668,0.15802363373594827
quota,28,4382,wang_robust,,1,287,10007,15575,90,2271,0.02181139659641069,0.0339486998393464,0.0001940050266920399,0.00494821809652731,0.01522557988974411
quota,27,3778,zhao_topk,,1,288,38127,297742,301620,74,0.08310826570405296,0.6490252882282546,0.6574786757958021,0.00015912771852268442,0.34744283936165804
quota,6,1372,siren,wang_robust,2,289,81,113028,203,190964,0.00017438654084677745,0.24637984440360894,0.00044032601563811304,0.41626721249653953,0.16581544236415835
quota,31,6467,yang_harmfulness,,1,290,12556,80,821,8724,0.027367787754141136,0.00017220670908619273,0.0017874620436794688,0.019014672447580497,0.012085532238621823
quota,31,7861,wang_robust,yang_harmfulness,2,291,21791,370,91,1162,0.04749853406314101,0.000804357919655761,0.00019618485845262462,0.0025307846740388576,0.012757465378822063
quota,2,14211,zhao_topk,,1,292,120977,360697,318903,75,0.26370732706849687,0.7862565967158655,0.6951527081139878,0.00016130755028326914,0.4363194848621583
quota,5,430,siren,,1,293,82,191370,887,32307,0.00017656637260736216,0.4171522241913369,0.0019313309398780601,0.07042164485744991,0.12242044159031806
quota,31,5118,yang_harmfulness,,1,294,149283,81,343105,7460,0.3254096448836079,0.00017438654084677745,0.7479089963836592,0.016259365102201412,0.2724380982275788
quota,29,9301,wang_robust,siren,2,295,124,31060,92,19815,0.00026811930655192034,0.06770339465200076,0.00019836469021320934,0.043191186504225605,0.027840266288247872
quota,3,3185,zhao_topk,,1,296,169196,313323,62063,76,0.3688166347321314,0.682989246889925,0.13528471872540876,0.00016348738204385386,0.2968135219323772
quota,3,3980,siren,,1,297,83,164643,9514,101807,0.00017874620436794688,0.35889186072618917,0.020736739538442423,0.2219199522180878,0.15043182467177185
quota,31,4064,yang_harmfulness,,1,298,20220,82,349738,3458,0.044074018367262414,0.00017656637260736216,0.7623678204516176,0.00753567839634137,0.20353852089695718
quota,0,13834,wang_robust,,1,299,593,198962,93,20568,0.0012904604022661531,0.4337015069176961,0.00020054452197379406,0.0448325998199459,0.12000627791547049
quota,11,9409,zhao_topk,,1,300,210105,73763,135686,77,0.4579913722258916,0.16078875032424997,0.2957704724349375,0.00016566721380443857,0.22867906554972087
quota,26,7496,siren,,1,301,84,111534,772,61281,0.0001809260361285316,0.24312317575329537,0.0016806502874108177,0.13358009028863152,0.09464121059136657
quota,31,8359,yang_harmfulness,,1,302,6646,83,403461,1499,0.014484982049085451,0.00017874620436794688,0.8794749221255104,0.003265387977355908,0.2243510095890799
quota,0,11579,wang_robust,zhao_topk,2,303,8954,218654,94,139,0.01951603375251498,0.4766267539471304,0.00020272435373437878,0.0003008167829606911,0.1241615822090851
quota,21,10289,zhao_topk,wang_robust,2,304,18153,123915,179,78,0.039568306118133806,0.27011167278109477,0.0003880100533840798,0.0001678470455650233,0.07755895899954443
quota,0,11690,siren,,1,305,85,348635,445996,287187,0.00018310586788911632,0.7599634660196926,0.9721940660619813,0.6260171639952828,0.5895894504862115
quota,31,11985,yang_harmfulness,,1,306,285891,84,315408,3289,0.623192102033565,0.0001809260361285316,0.6875341961107442,0.007167286828802553,0.32951862775231006
quota,31,4768,wang_robust,,1,307,113724,1759,95,514,0.2478970073089759,0.0038321442351079344,0.0002049041854949635,0.0011182536931799603,0.06326307735568969
quota,31,7727,zhao_topk,,1,308,44429,167017,358562,79,0.09684556545925785,0.36406678132581727,0.781602655907017,0.000170026877325608,0.31067125739235446
quota,5,9582,siren,,1,309,86,118191,455099,102525,0.00018528569964970103,0.2576343157835078,0.992037074578584,0.22348507142218763,0.3683354368709823
quota,31,5041,yang_harmfulness,,1,310,21270,85,332016,1510,0.04636284171587637,0.00018310586788911632,0.7237368419905351,0.0032893661267223394,0.19339303892525575
quota,1,5786,wang_robust,siren,2,311,263,387597,96,22088,0.0005711159212731962,0.8448940710755943,0.0002070840172555482,0.04814594409603467,0.22345455377753945
quota,2,2725,zhao_topk,,1,312,83909,193619,305725,80,0.18290532336714252,0.42205466582089196,0.6664268851730023,0.00017220670908619273,0.31788977026753074
quota,2,10014,siren,wang_robust,2,313,87,185964,259,183075,0.00018746553141028575,0.40536805369361595,0.0005623965942308573,0.3990705197372867,0.20129710888913593
quota,31,8350,yang_harmfulness,,1,314,5377,86,436582,1791,0.011718775544903444,0.00018528569964970103,0.9516731298678368,0.0039018988514466454,0.24186977249095915
quota,29,11794,wang_robust,zhao_topk,2,315,10135,707,97,284,0.022090415061765532,0.001538961222972811,0.00020926384901613293,0.0006168923882454752,0.006113883130499988
quota,12,4319,zhao_topk,,1,316,44656,1686,311554,81,0.09734038726891059,0.00367301651658525,0.6791331245054507,0.00017438654084677745,0.19508022870794833
quota,0,14042,siren,wang_robust,2,317,88,369241,360,284992,0.00018964536317087047,0.8048810792783013,0.0007825596020499138,0.6212324332807994,0.35677142938108036
quota,31,8193,yang_harmfulness,,1,318,27914,87,365845,2101,0.060845643933201236,0.00018746553141028575,0.7974783706193556,0.004577646697227908,0.21577228169529875
quota,30,1595,wang_robust,siren,2,319,319,11864,98,32305,0.0006931864998659403,0.02585934417581651,0.00021144368077671765,0.07041728519392873,0.024295314887596973
quota,17,11983,zhao_topk,,1,320,19068,6778,350769,82,0.04156285217906882,0.014772719841482634,0.7646152269967804,0.00017656637260736216,0.2052818413474848
quota,3,6790,siren,,1,321,89,198858,4230,289729,0.0001918251949314552,0.4334748044145953,0.009218508515512773,0.6315582963306892,0.2686108586139322
quota,30,8539,yang_harmfulness,,1,322,20235,88,236168,1075,0.044106715843671186,0.00018964536317087047,0.5148043274020111,0.002341139310867987,0.1403604569799303
quota,4,9158,wang_robust,siren,2,323,432,310585,99,160144,0.0009395074888120135,0.6770208675294441,0.00021362351253730236,0.3490847976353185,0.256814699041528
quota,23,13141,zhao_topk,,1,324,69519,187369,9287,83,0.15153754433232844,0.40843071731723746,0.020241917728789693,0.00017874620436794688,0.1450972313956809
quota,26,5286,siren,,1,325,90,21762,458004,45342,0.0001940050266920399,0.04743531894208405,0.9983694858430826,0.0988357518566717,0.28620864041713256
quota,31,963,yang_harmfulness,zhao_topk,2,326,59321,89,278079,444,0.12930762003788548,0.0001918251949314552,0.6061632563198772,0.0009656654699390301,0.1841570917556583
quota,1,4555,wang_robust,,1,327,1011,311167,100,11859,0.002201630078190565,0.6782895296141044,0.00021580334429788708,0.025848445017013586,0.1766388520134016
quota,26,2589,zhao_topk,,1,328,44434,197341,304223,84,0.09685646461806077,0.43016799963378827,0.663152777868604,0.0001809260361285316,0.2975895420391454
quota,5,6882,siren,,1,329,91,78296,452918,14678,0.00019618485845262462,0.1706699276949805,0.9872828615087488,0.03199339075010191,0.297535591203071
quota,31,1395,yang_harmfulness,,1,330,11335,90,3666,7488,0.024706213174467195,0.0001940050266920399,0.007989083402542991,0.016320400391497784,0.012302425498800004
quota,25,4953,wang_robust,siren,2,331,108,307089,101,25102,0.00023324199838256482,0.6694001756944399,0.0002179831760584718,0.054715957022437006,0.1811418394728295
quota,0,10902,zhao_topk,,1,332,94292,25856,885,85,0.20553851653729366,0.05635955016991789,0.0019269712763568907,0.00018310586788911632,0.06600203596286439
quota,1,14272,siren,,1,333,92,362335,458390,54269,0.00019836469021320934,0.7898271611397032,0.9992109009026683,0.11829510998341149,0.47688288417899904
quota,31,4352,yang_harmfulness,,1,334,61891,91,248959,1905,0.1349097876625882,0.00019618485845262462,0.5426865554516502,0.004150399672153303,0.17048573191121108
quota,1,11951,wang_robust,,1,335,6773,224855,102,4538,0.014761820682679712,0.4901438906945162,0.00022016300781905652,0.009889896697772866,0.12875394277069693
quota,1,11411,zhao_topk,,1,336,114661,18265,80325,86,0.24993950966864378,0.03981244727531929,0.1750928063372069,0.00018528569964970103,0.11625751224520492
quota,0,3974,siren,,1,337,93,400298,458428,8401,0.00020054452197379406,0.8725801142667808,0.9992937345095706,0.01831058678891163,0.47259624502180925
quota,31,2945,yang_harmfulness,wang_robust,2,338,128533,92,170,1790,0.280178135851475,0.00019836469021320934,0.00036839156753881735,0.0038997190196860608,0.07116115278222827
quota,30,7410,wang_robust,,1,339,2343,1130,103,906,0.00510516598328941,0.0024610300577001466,0.00022234283957964124,0.00197274774332917,0.002440321655974592
quota,2,9968,zhao_topk,,1,340,121798,383375,357695,87,0.26549696894393693,0.8356908213824057,0.7797127417705901,0.00018746553141028575,0.47027199940708575
quota,4,2975,siren,,1,341,94,388857,457716,2475,0.00020272435373437878,0.8476406590939312,0.9977416942960342,0.005392903775686592,0.4627444953798466
quota,30,12185,yang_harmfulness,,1,342,1639,93,430335,6984,0.0035705644238377683,0.00020054452197379406,0.9380557208594641,0.015221765184163086,0.23926214874735968
quota,31,11222,wang_robust,,1,343,1813,3448,105,18669,0.003949855150179509,0.007513880078735523,0.00022670250310081067,0.040693099306595516,0.01309588425965284
quota,13,13614,zhao_topk,,1,344,57903,376525,328293,88,0.12621661860137634,0.8207589738224004,0.7156213283458782,0.00018964536317087047,0.41569664153320646
quota,26,2776,siren,,1,345,95,2035,411911,4565,0.0002049041854949635,0.0044337778010293165,0.8978945005024512,0.009948752155308653,0.22812048366107104
quota,31,10973,yang_harmfulness,wang_robust,2,346,2497,95,245,2167,0.005440860074419456,0.0002049041854949635,0.0005318789495826712,0.0047215155934265,0.002724789700730898
quota,1,14330,wang_robust,,1,347,1898,453003,106,180676,0.00413514084982921,0.9874681472083985,0.0002288823348613954,0.3938411033436439,0.34641831843418325
quota,16,5033,zhao_topk,,1,348,16312,1699,967,89,0.035555235846897335,0.0037013543294728514,0.0021057174807248375,0.0001918251949314552,0.010388533213006618
quota,8,8632,siren,,1,349,96,307598,447648,209303,0.0002070840172555482,0.6705097100605776,0.9757951481304673,0.4562431471539027,0.5256887723405508
quota,31,260,yang_harmfulness,,1,350,4975,96,438267,2132,0.010842483177148388,0.0002070840172555482,0.9553461463844221,0.004645221481806034,0.242760233765158
quota,20,9928,wang_robust,siren,2,351,181,116988,108,32260,0.00039236971690524925,0.2550119781755244,0.00023324199838256482,0.07031919276470242,0.08148919566387866
quota,29,14165,zhao_topk,,1,352,11866,3421,380663,90,0.02586370383933768,0.007455024621199736,0.8297791176477,0.0001940050266920399,0.21582296278373236
quota,3,7005,siren,,1,353,97,324192,4826,354736,0.00020926384901613293,0.7066818382957203,0.010517688244821265,0.7732626195910199,0.3726678524951444
quota,31,5144,yang_harmfulness,,1,354,8905,97,318854,15361,0.01940922199624633,0.00020926384901613293,0.6950458963577191,0.03348221584258127,0.1870366495113907
quota,2,13712,wang_robust,,1,355,1187,371041,109,172482,0.0025852804680534754,0.8088047764473538,0.00023542183014314954,0.3759795618974128,0.2969012601607408
quota,30,9485,zhao_topk,wang_robust,2,356,14058,20065,431,91,0.03064189505853938,0.04373614444437178,0.0009373276570514287,0.00019618485845262462,0.018877888004603806
quota,13,13879,siren,,1,357,98,7815,721,351211,0.00021144368077671765,0.017033205377208985,0.001569478867620997,0.7655787126349588,0.19609821014014137
quota,31,4160,yang_harmfulness,wang_robust,2,358,16514,98,209,802,0.03599556186253545,0.00021144368077671765,0.00045340500620162134,0.0017460452402283592,0.009601613947435536
quota,31,3646,wang_robust,yang_harmfulness,2,359,2367,152,110,4824,0.005157481945543443,0.00032915459584829243,0.00023760166190373426,0.010513328581300095,0.004059391696148891
quota,20,8083,zhao_topk,wang_robust,2,360,6943,8417,212,93,0.015132392081979112,0.018345464097080988,0.0004599445014833755,0.00020054452197379406,0.008534586300629317
quota,5,11491,siren,,1,361,99,203102,421262,336255,0.00021362351253730236,0.4427260104065168,0.9182781072956789,0.7329771488236538,0.5235487225095967
quota,31,3616,yang_harmfulness,,1,362,6874,99,237083,2761,0.014981983690498767,0.00021362351253730236,0.5167988734629462,0.006016335659213822,0.134502704081299
quota,30,3700,wang_robust,zhao_topk,2,363,9547,767,111,400,0.02080867398654172,0.001669751128607894,0.00023978149366431898,0.0008697528724733025,0.0058969898703218095
quota,31,13943,zhao_topk,,1,364,132787,14739,348132,94,0.2894511401610024,0.03212636048749758,0.7588670106441184,0.00020272435373437878,0.2701618089115882
quota,14,1559,siren,wang_robust,2,365,100,3361,144,432378,0.00021580334429788708,0.0073242347155646524,0.0003117159417636147,0.9425091171463387,0.23759021778699121
quota,31,11541,yang_harmfulness,,1,366,12068,100,426367,579,0.026304029854975795,0.00021580334429788708,0.9294061484334639,0.001259942757617967,0.2392964810975889
quota,31,7278,wang_robust,yang_harmfulness,2,367,7850,188,114,3541,0.017109499488829453,0.00040762853922934227,0.00024632098894607316,0.007716604432469902,0.006370013362368692
quota,4,10275,zhao_topk,wang_robust,2,368,4668,131910,228,95,0.010173274826648879,0.28753942770696955,0.000494821809652731,0.0002049041854949635,0.07460310713219152
quota,31,5542,siren,,1,369,101,2221,7868,2808,0.0002179831760584718,0.004839226508498074,0.017148736460519978,0.006118787751961304,0.007081183474259457
quota,31,13933,yang_harmfulness,,1,370,24987,101,381281,1917,0.05446527636996976,0.0002179831760584718,0.8311262536757413,0.00417655765328032,0.22249651771876247
quota,31,2223,wang_robust,,1,371,10909,713,115,4597,0.023777604844458105,0.0015520402135363192,0.0002485008207066579,0.010018506771647364,0.008899163162587112
quota,12,1559,zhao_topk,,1,372,47188,1138,8313,96,0.10285972128671109,0.0024784687117848244,0.018118761593980178,0.0002070840172555482,0.03091600890243291
quota,15,1832,siren,,1,373,102,348311,457848,112459,0.00022016300781905652,0.7592572005292632,0.9980294320884314,0.24513952013183624,0.5006615789393375
quota,31,11695,yang_harmfulness,wang_robust,2,374,2964,102,149,1315,0.00645884150661252,0.00022016300781905652,0.0003226151005665383,0.0028642989334083198,0.002466479637101609
quota,30,12016,wang_robust,yang_harmfulness,2,375,1147,218,116,582,0.0024980871976300867,0.0004730234920468838,0.0002506806524672426,0.0012664822528997211,0.0011220683987609836
quota,15,1394,zhao_topk,,1,376,21921,219109,13090,97,0.04778191219201702,0.4776185773981964,0.028531817914293375,0.00020926384901613293,0.13853539283838073
quota,11,5737,siren,,1,377,103,50150,553,6376,0.00022234283957964124,0.10931638296156303,0.0012032671318427644,0.013896427473727577,0.031159605101678253
quota,31,3548,yang_harmfulness,wang_robust,2,378,16146,103,216,2517,0.03519338377464027,0.00022234283957964124,0.00046866382852571437,0.00548445670963115,0.010342211788094195
quota,30,1969,wang_robust,zhao_topk,2,379,13454,22329,117,189,0.02932527667514621,0.048671283550335585,0.0002528604842278273,0.000409808370989927,0.01966480727017489
quota,3,4283,zhao_topk,,1,380,169439,362476,12269,98,0.36934633384995347,0.7901345174179457,0.026742176038853323,0.00021144368077671765,0.2966086177468823
quota,0,12242,siren,,1,381,104,363094,583,39851,0.00022452267134022595,0.7914816534459871,0.001268662084660306,0.08686629565930101,0.21996028346532215
quota,31,2958,yang_harmfulness,,1,382,15899,104,21095,2468,0.03465496532977585,0.00022452267134022595,0.045981371157774044,0.005377644953362499,0.021559626028063154
quota,1,5410,wang_robust,siren,2,383,389,234099,118,1863,0.0008457747231068706,0.5102942554893614,0.00025504031598841203,0.004058846738208745,0.12886347931666636
quota,21,713,zhao_topk,wang_robust,2,384,9908,171873,217,99,0.021595593252112803,0.37465204435521665,0.0004708436602862991,0.00021362351253730236,0.09923302619503827
quota,21,1297,siren,,1,385,105,70784,1444,322405,0.00022670250310081067,0.1542950315094681,0.0031454972305237482,0.7027864789395555,0.21511342754566204
quota,31,4609,yang_harmfulness,,1,386,17996,105,365359,8132,0.039226072531722,0.00022670250310081067,0.7964189723837114,0.017724212045314342,0.21339898986596215
quota,31,4710,wang_robust,,1,387,5929,13351,119,5925,0.01292204267674621,0.029100754003805986,0.00025722014774899675,0.01291332334970387,0.013798335044501266
quota,28,9806,zhao_topk,,1,388,11887,59826,398135,100,0.02590948030630996,0.13040843507698077,0.8678651381686362,0.00021580334429788708,0.2560997142240562
quota,10,1918,siren,,1,389,107,250249,456931,115327,0.0002310621666219801,0.5454985384228045,0.9960305263639753,0.2513912776211932,0.44828785114364866
quota,31,3568,yang_harmfulness,,1,390,17320,106,7995,3938,0.03775250626156673,0.0002288823348613954,0.017425575094114236,0.008581997641422034,0.0159972403329911
quota,28,545,wang_robust,siren,2,391,122,250668,120,108524,0.0002637596430307509,0.5464118879304896,0.00025939997950958146,0.23656188215393537,0.19587423242674132
quota,29,12988,zhao_topk,yang_harmfulness,2,392,17912,296,3465,101,0.03904296666383288,0.0006430503693724918,0.007550937218665463,0.0002179831760584718,0.011863734356982326
quota,9,6064,siren,,1,393,109,322848,2273,151127,0.00023542183014314954,0.7037521444094945,0.0049525777600484796,0.3294292546501261,0.25959234966245304
quota,31,11314,yang_harmfulness,,1,394,14261,107,402795,4410,0.03108440090593808,0.0002310621666219801,0.878023154172961,0.009610878232418022,0.22973737386948476
quota,29,8331,wang_robust,,1,395,818,6057,121,17684,0.0017809225483977147,0.013201061142101053,0.0002615798112701662,0.03854596502241957,0.013447382131047125
quota,30,11430,zhao_topk,,1,396,43087,965,265914,102,0.09392023123655316,0.0021013578172036683,0.5796456029523641,0.00022016300781905652,0.16897183875348498
quota,12,4498,siren,,1,397,110,177917,1172,6206,0.00023760166190373426,0.3878269475161907,0.002552582991644705,0.013525856074428176,0.10103574706104182
quota,31,3464,yang_harmfulness,,1,398,29496,108,240428,3016,0.06429413777844625,0.00023324199838256482,0.524090410702102,0.006572192758162925,0.14879749580927346
quota,12,5006,wang_robust,siren,2,399,158,9587,123,243832,0.00034223358641180074,0.020895867256965107,0.0002659394747913356,0.5315105580151324,0.13825364958332514
quota,31,1209,zhao_topk,yang_harmfulness;wang_robust,3,400,15843,257,129,103,0.0345328947511831,0.0005580369307096878,0.0002790184653548439,0.00022234283957964124,0.00889807324670682
quota,17,11378,siren,wang_robust,2,401,111,284728,359,208546,0.00023978149366431898,0.620656957696005,0.0007803797702893291,0.45459301451114004,0.26906753336777467
quota,31,11350,yang_harmfulness,,1,402,29068,109,331042,2039,0.063361169784916,0.00023542183014314954,0.7216136858557256,0.004442497128071656,0.1974131936497141
quota,0,6436,wang_robust,,1,403,960,405653,125,401872,0.0020904586584007444,0.884253113344712,0.00027029913831250505,0.8760111694579412,0.4406562601498416
quota,16,8099,zhao_topk,,1,404,15014,142721,1415,104,0.03272581422165837,0.311105588870651,0.0030822821094667915,0.00022452267134022595,0.0867845519682791
quota,26,14003,siren,wang_robust,2,405,112,15442,150,18973,0.0002419613254249037,0.03365878221518863,0.000324794932327123,0.04135576816181327,0.018895326658688483
quota,31,9587,yang_harmfulness,,1,406,5824,110,437242,8298,0.012693160341884814,0.00023760166190373426,0.9531118188298228,0.018086064117571406,0.24603216123779567
quota,31,7844,wang_robust,yang_harmfulness,2,407,13950,331,126,2780,0.030406473228396232,0.000719344480992957,0.00027247897007308977,0.006057752462664931,0.009364012285531803
quota,23,13591,zhao_topk,,1,408,11518,2092,457773,105,0.0251051223866542,0.004558028211382645,0.9978659447063876,0.00022670250310081067,0.25693894945188134
quota,2,10582,siren,,1,409,113,80068,450424,43079,0.00024414115718548844,0.17453258957473664,0.9818463610978505,0.09390279258246849,0.3126314711030603
quota,31,4046,yang_harmfulness,,1,410,8223,111,429193,1469,0.01792257673552755,0.00023978149366431898,0.9355663529888764,0.003199993024538366,0.23923217606065164
quota,4,2435,wang_robust,,1,411,945,152354,127,3203,0.002057761181991974,0.33210390822036356,0.0002746588018336745,0.006979821297392268,0.08535403737539538
quota,29,664,zhao_topk,,1,412,90668,741,144774,106,0.19763880623693464,0.0016130755028326913,0.3155807834751314,0.0002288823348613954,0.12876538688744002
quota,19,11694,siren,wang_robust,2,413,114,109830,246,48738,0.00024632098894607316,0.239408742433259,0.000534058781343256,0.1062384605156174,0.08660689567979143
quota,31,2012,yang_harmfulness,,1,414,2307,113,380102,2115,0.00502669203990836,0.00024414115718548844,0.8285562320300119,0.004608164341876094,0.20960880739224547
quota,30,11484,wang_robust,,1,415,2470,14941,128,1160,0.005382004616883669,0.03256668650313569,0.0002768386335942592,0.0025264250105176884,0.010187988691032828
quota,2,714,zhao_topk,,1,416,111149,235726,277678,107,0.24228394052547025,0.5138408417638327,0.6052891437838828,0.0002310621666219801,0.3404112470599519
quota,5,9391,siren,,1,417,115,127481,4399,96012,0.0002485008207066579,0.27788495283933984,0.00958690008305159,0.20928782716549937,0.12425204522714936
quota,31,9187,yang_harmfulness,,1,418,18513,115,366885,1213,0.0403530455519443,0.0002485008207066579,0.7997453956503637,0.0026419560938286783,0.21074722452921085
quota,2,7034,wang_robust,,1,419,1605,116409,130,51503,0.0034964501439778877,0.2537498555861459,0.00028119829711542864,0.11226569533363415,0.09244829984021832
quota,26,3426,zhao_topk,,1,420,153730,120287,350027,108,0.3351033567229281,0.2622032431536934,0.7629977918304265,0.00023324199838256482,0.34013440842635767
quota,18,11018,siren,wang_robust,2,421,116,185008,373,49647,0.0002506806524672426,0.40328413453049694,0.0008108974149375151,0.10821992758598892,0.12814141004597265
quota,30,5024,yang_harmfulness,,1,422,139276,116,3830,1734,0.30359606845543663,0.0002506806524672426,0.008346575811278886,0.0037776484410933166,0.07899274334006902
quota,30,12258,wang_robust,,1,423,15256,1164,131,479,0.033253333507719876,0.0025351443375600273,0.00028337812887601336,0.0010419595815594953,0.009278453888928853
quota,29,10666,zhao_topk,,1,424,23444,29080,7598,109,0.05110179596338755,0.06338732776604301,0.016560181885162104,0.00023542183014314954,0.032821181861183955
quota,3,3833,siren,,1,425,117,204545,457321,255291,0.0002528604842278273,0.4458715076370406,0.9968806607506032,0.5564892501596727,0.4998735697578861
quota,31,4622,yang_harmfulness,,1,426,68870,118,384717,10463,0.15012283351970895,0.00025504031598841203,0.8386161556051104,0.02280539987923732,0.25294985733001124
quota,31,9114,wang_robust,yang_harmfulness,2,427,12777,173,132,1394,0.027849530573230356,0.0003749310628205715,0.0002855579606365981,0.003036505642494512,0.007886631309795509
quota,30,936,zhao_topk,,1,428,17854,365916,360787,110,0.038916536421718974,0.7976331386743571,0.7864527815743181,0.00023760166190373426,0.4058100145830745
quota,0,6344,siren,wang_robust,2,429,118,394128,188,7154,0.00025504031598841203,0.8591305523039732,0.00040762853922934227,0.015592336583462488,0.21884638943566337
quota,31,1813,yang_harmfulness,,1,430,43344,119,385516,1750,0.09448044799902343,0.00025722014774899675,0.8403578411818176,0.003812525749262672,0.23472700876946317
quota,2,4639,wang_robust,,1,431,2287,84727,134,5973,0.004983095404696666,0.18468842574730082,0.0002899176241577675,0.013017955274211936,0.05074484851259179
quota,1,3174,zhao_topk,,1,432,87429,89735,1144,112,0.19057833116440073,0.1956050232043091,0.002491547702348333,0.0002419613254249037,0.09722921584912077
quota,27,3878,siren,wang_robust,2,433,119,297016,437,7581,0.00025722014774899675,0.64744273037007,0.000950406647614937,0.016523124745232164,0.16629337047766654
quota,31,12923,yang_harmfulness,zhao_topk,2,434,193219,120,269506,142,0.42118273311665805,0.00025939997950958146,0.5874755586363845,0.00030735627824244525,0.2523062620026986
quota,31,12145,wang_robust,,1,435,3380,719,135,2429,0.007365651519015763,0.0015651192040998275,0.00029209745591835223,0.005292631514699695,0.003628874923433409
quota,1,3400,zhao_topk,,1,436,55319,10726,2868,113,0.12058393333202544,0.0233786956322711,0.006249577657596386,0.00024414115718548844,0.03761408694476961
quota,23,8249,siren,,1,437,120,24305,1692,46192,0.00025939997950958146,0.05297863110925099,0.0036860955071487582,0.10068860885316872,0.039403183862269514
quota,31,374,yang_harmfulness,,1,438,19361,121,240591,2238,0.04220154288492014,0.0002615798112701662,0.5244457232790773,0.004876283648428014,0.1429462824059239
quota,1,9067,wang_robust,,1,439,1629,110206,136,4686,0.003548766106231921,0.24022835917523885,0.00029427728767893695,0.010212511798339404,0.06357097859187229
quota,3,3768,zhao_topk,,1,440,13349,192440,383113,114,0.029096394340284815,0.41948464417516257,0.8351197054611325,0.00024632098894607316,0.3209867662413815
quota,24,9483,siren,,1,441,121,248312,458575,182078,0.0002615798112701662,0.541276204302552,0.9996141697783765,0.3968972274719837,0.4845122953410456
quota,31,13030,yang_harmfulness,wang_robust,2,442,79015,122,312,1716,0.1722372267308409,0.0002637596430307509,0.0006779276775418473,0.0037384114694027915,0.04422933138020407
quota,0,11762,wang_robust,siren,2,443,215,450907,137,1163,0.00046648399676512965,0.9828992198382129,0.00029645711943952167,0.0025329645057994422,0.24654878136505423
quota,8,9373,zhao_topk,,1,444,167062,24309,231189,115,0.3641648737550436,0.05298735043629332,0.5039509450660598,0.0002485008207066579,0.23033791751952584
quota,22,8514,siren,,1,445,123,808,458694,33254,0.0002659394747913356,0.0017591242307918675,0.9998735697578861,0.07248594553472364,0.26859614474954824
quota,31,2266,yang_harmfulness,,1,446,8662,123,35373,43846,0.018879522878424242,0.0002659394747913356,0.07710500903540264,0.09557472354283697,0.0479562987328638
quota,31,8060,wang_robust,,1,447,9021,97276,138,4001,0.019662082480474158,0.21204313451087844,0.0002986369512001064,0.008719327042338873,0.0601807952462229
quota,13,12428,zhao_topk,,1,448,21185,11297,12167,116,0.04617755601622667,0.024623379567564975,0.02651983319927368,0.0002506806524672426,0.024392862358883136
quota,26,4999,siren,,1,449,125,126130,454632,109210,0.00027029913831250505,0.2749400001307899,0.9910190931463909,0.23805724674169648,0.37607165978929746
quota,31,5814,yang_harmfulness,,1,450,26371,125,4124,3555,0.057482163526619015,0.00027029913831250505,0.008987446348890793,0.007747122077118088,0.018621757772735097
quota,27,5147,wang_robust,zhao_topk,2,451,14494,708,139,173,0.03159230170615432,0.0015411410547333958,0.0003008167829606911,0.0003749310628205715,0.008452297651667244
quota,20,1404,zhao_topk,,1,452,25757,83577,395201,117,0.05614374682562,0.1821816192226284,0.8614695117830806,0.0002528604842278273,0.27501193457888923
quota,0,258,siren,,1,453,126,404573,456291,6173,0.00027247897007308977,0.8818988950432806,0.994635434037201,0.01345392162632888,0.4725651824192209
quota,31,12839,yang_harmfulness,,1,454,34829,127,362629,1744,0.07591918055764456,0.0002746588018336745,0.7904680316773152,0.0037994467586991636,0.21761532944887313
quota,1,10912,wang_robust,,1,455,1053,339277,142,11141,0.0022931830121351235,0.7395646004041408,0.00030735627824244525,0.02428332581291376,0.19161211637685804
quota,22,2940,zhao_topk,,1,456,2141,20197,450627,118,0.004664839967651296,0.044023882236768966,0.9822888669452492,0.00025504031598841203,0.2578081573664145
quota,5,51,siren,,1,457,127,214639,7387,40102,0.0002746588018336745,0.4678747294283827,0.016100237383678728,0.08741343343120778,0.1429157647612757
quota,31,2241,yang_harmfulness,,1,458,24735,128,1160,4429,0.05391595876630242,0.0002768386335942592,0.0025264250105176884,0.009652295035869132,0.016592879361570875
quota,30,11258,wang_robust,,1,459,10537,38250,143,5206,0.02296670742952059,0.08337638501060488,0.00030953611000302997,0.011346024313843458,0.02949966321599299
