variant,layer,neuron_index,rank_siren,rank_yang_harmfulness,rank_wang_robust,rank_zhao_topk,percentile_siren,percentile_yang_harmfulness,percentile_wang_robust,percentile_zhao_topk,consensus_score,n_methods_at_N,methods_that_selected_it_at_N,selection_rank
rank_consensus,23,2565,882,551,16,121,0.0019204317810751366,0.001198907468321595,3.269747640877077e-05,0.0002615798112701662,0.0008534041342689172,2,wang_robust;zhao_topk,1
rank_consensus,29,7349,391,569,12,730,0.00085013438662804,0.0012381444400121199,2.39781493664319e-05,0.0015890973534662596,0.0009253385823682128,2,siren;wang_robust,2
rank_consensus,30,12016,1147,218,116,582,0.0024980871976300867,0.0004730234920468838,0.0002506806524672426,0.0012664822528997211,0.0011220683987609836,2,yang_harmfulness;wang_robust,3
rank_consensus,31,9825,1173,6,45,1265,0.0025547628234052896,1.089915880292359e-05,9.59125974657276e-05,0.0027553073453790836,0.001354220481263256,2,yang_harmfulness;wang_robust,4
rank_consensus,31,2207,271,45,22,2735,0.0005885545753578739,9.59125974657276e-05,4.577646697227908e-05,0.005959660033438619,0.001672475918308625,3,siren;yang_harmfulness;wang_robust,5
rank_consensus,31,5540,887,359,56,2405,0.0019313309398780601,0.0007803797702893291,0.00011989074683215949,0.005240315552445662,0.0020179792523613025,2,yang_harmfulness;wang_robust,6
rank_consensus,30,7675,3371,182,17,345,0.0073460330331705,0.00039454954866583396,3.487730816935549e-05,0.000749862125641143,0.0021313305039117082,3,yang_harmfulness;wang_robust;zhao_topk,7
rank_consensus,31,3409,2013,4,48,1934,0.0043858215022964525,6.539495281754154e-06,0.00010245209274748175,0.00421361479321026,0.0021771069708839868,2,yang_harmfulness;wang_robust,8
rank_consensus,30,1562,2549,813,73,957,0.005554211325969861,0.001770023389594791,0.0001569478867620997,0.0020839191631189906,0.0023912754413614357,1,wang_robust,9
rank_consensus,30,6159,3638,348,89,401,0.00792804811324662,0.0007564016209228972,0.0001918251949314552,0.0008719327042338872,0.002437051908333715,3,yang_harmfulness;wang_robust;zhao_topk,10
rank_consensus,30,7410,2343,1130,103,906,0.00510516598328941,0.0024610300577001466,0.00022234283957964124,0.00197274774332917,0.002440321655974592,1,wang_robust,11
rank_consensus,31,11695,2964,102,149,1315,0.00645884150661252,0.00022016300781905652,0.0003226151005665383,0.0028642989334083198,0.002466479637101609,2,yang_harmfulness;wang_robust,12
rank_consensus,31,3166,2812,201,19,1583,0.006127507079003642,0.0004359663521169436,3.9236971690524926e-05,0.003448493845245024,0.0025128010620140335,2,yang_harmfulness;wang_robust,13
rank_consensus,30,12012,3293,883,57,443,0.007176006155844892,0.0019226116128357213,0.00012207057859274422,0.0009634856381784453,0.002546043496362951,2,wang_robust;zhao_topk,14
rank_consensus,31,7104,1982,584,341,1776,0.004318246717718326,0.0012708419164208905,0.0007411427985988041,0.0038692013750378745,0.002549858201943974,1,wang_robust,15
rank_consensus,31,8053,3176,126,53,1624,0.00692096583985648,0.00027247897007308977,0.00011335125155040534,0.0035378669474289974,0.0027111657522272434,2,yang_harmfulness;wang_robust,16
rank_consensus,31,10973,2497,95,245,2167,0.005440860074419456,0.0002049041854949635,0.0005318789495826712,0.0047215155934265,0.002724789700730898,2,yang_harmfulness;wang_robust,17
rank_consensus,31,14276,4373,15,42,661,0.009530224457276387,3.0517644648186055e-05,8.937310218397344e-05,0.001438688961985914,0.002772201041523615,2,yang_harmfulness;wang_robust,18
rank_consensus,31,13336,1140,2657,65,1447,0.002482828375305994,0.005789633156113011,0.00013950923267742196,0.0031520367258055025,0.0028910018724754823,1,wang_robust,19
rank_consensus,31,13995,1105,474,41,4031,0.002406534263685529,0.0010310604227565716,8.719327042338872e-05,0.008784721995156414,0.003077377488005476,1,wang_robust,20
rank_consensus,31,11638,3497,124,40,2116,0.007620691835004174,0.00026811930655192034,8.5013438662804e-05,0.0046103441736366785,0.003146042188463894,2,yang_harmfulness;wang_robust,21
rank_consensus,31,2756,4458,222,21,1138,0.009715510156926089,0.0004817428190892227,4.359663521169436e-05,0.0024784687117848244,0.0031798295807529573,2,yang_harmfulness;wang_robust,22
rank_consensus,30,1130,1818,68,3670,368,0.003960754308982433,0.00014604872795917612,0.007997802729585331,0.0007999982561345915,0.003226151005665383,2,yang_harmfulness;zhao_topk,23
rank_consensus,30,1171,5049,117,79,683,0.011003790727431656,0.0002528604842278273,0.000170026877325608,0.0014866452607187777,0.0032283308374259673,2,yang_harmfulness;wang_robust,24
rank_consensus,19,1399,312,3515,881,1332,0.0006779276775418473,0.0076599288066947,0.0019182519493145518,0.00290135607333826,0.00328936612672234,1,siren,25
rank_consensus,31,2954,1914,156,697,3355,0.004170018157998566,0.0003378739228906313,0.0015171629053669638,0.007311155725001145,0.003334052677814326,1,yang_harmfulness,26
rank_consensus,30,4306,2593,765,247,2629,0.005650123923435589,0.0016653914650867246,0.0005362386131038407,0.0057285978668166395,0.0033950879671106986,1,wang_robust,27
rank_consensus,31,12145,3380,719,135,2429,0.007365651519015763,0.0015651192040998275,0.00029209745591835223,0.005292631514699695,0.003628874923433409,1,wang_robust,28
rank_consensus,30,5526,5868,418,171,547,0.01278907293935054,0.0009089898441638274,0.00037057139929940207,0.001190188141279256,0.0038147055810232567,2,yang_harmfulness;wang_robust,29
rank_consensus,30,9138,5519,761,154,602,0.012028311654906474,0.0016566721380443857,0.00033351425936946187,0.0013100788881114155,0.0038321442351079344,1,wang_robust,30
rank_consensus,31,11581,1427,133,38,5575,0.003108440090593808,0.0002877377923971828,8.065377514163457e-05,0.012150382233499218,0.0039068034729079605,2,yang_harmfulness;wang_robust,31
rank_consensus,28,11293,1025,4185,186,1986,0.0022321477228387514,0.00912041608628646,0.00040326887570817283,0.0043269660447606655,0.004020699682398512,1,wang_robust,32
rank_consensus,31,14107,4150,381,75,2786,0.009044121974665996,0.0008283360690221928,0.00016130755028326914,0.00607083145322844,0.004026149261799975,2,yang_harmfulness;wang_robust,33
rank_consensus,31,3646,2367,152,110,4824,0.005157481945543443,0.00032915459584829243,0.00023760166190373426,0.010513328581300095,0.004059391696148891,2,yang_harmfulness;wang_robust,34
rank_consensus,31,6657,5748,52,52,1736,0.012527493128080375,0.00011117141978982062,0.00011117141978982062,0.003782008104614486,0.004132961018068626,2,yang_harmfulness;wang_robust,35
rank_consensus,30,13047,4235,2776,44,548,0.009229407674315696,0.006049033135622593,9.373276570514288e-05,0.0011923679730398407,0.004141135387170818,1,wang_robust,36
rank_consensus,30,4438,5445,386,289,1506,0.011867004104623205,0.0008392352278251164,0.0006277915470483988,0.0032806467996800005,0.00415366941979418,2,yang_harmfulness;wang_robust,37
rank_consensus,31,13801,5354,112,18,2444,0.011668639414409996,0.0002419613254249037,3.705713992994021e-05,0.005325328991108466,0.004318246717718326,2,yang_harmfulness;wang_robust,38
rank_consensus,15,6164,4232,3593,307,71,0.009222868179033943,0.007829955684020307,0.0006670285187389237,0.00015258822324093027,0.004468110151258526,2,wang_robust;zhao_topk,39
rank_consensus,30,5549,1099,1336,406,5421,0.0023934552731220203,0.0029100754003805987,0.0008828318630368108,0.011814688142369172,0.00450026266972715,1,wang_robust,40
rank_consensus,31,12913,3467,2,4,4900,0.007555296882186633,2.179831760584718e-06,6.539495281754154e-06,0.010678995795104534,0.004560753001083376,2,yang_harmfulness;wang_robust,41
rank_consensus,31,515,698,5080,72,2580,0.0015193427371275486,0.011071365512009783,0.00015476805500151499,0.005621786110547988,0.004591815603671709,1,wang_robust,42
rank_consensus,31,3811,6493,43,13,2192,0.01415146778971599,9.155293394455816e-05,2.6157981127016616e-05,0.0047760113874411175,0.004761297523057171,2,yang_harmfulness;wang_robust,43
rank_consensus,30,5948,8135,377,35,212,0.017730751540596095,0.000819616741979854,7.411427985988042e-05,0.0004599445014833755,0.004771106765979802,3,yang_harmfulness;wang_robust;zhao_topk,44
rank_consensus,30,12446,4642,74,112,4268,0.010116599200873676,0.00015912771852268442,0.0002419613254249037,0.009301342122414992,0.004954757591809064,2,yang_harmfulness;wang_robust,45
rank_consensus,31,10492,2461,288,4850,1503,0.005362386131038406,0.0006256117152878141,0.010570004207075299,0.0032741073043982467,0.0049580273394499415,1,yang_harmfulness,46
rank_consensus,31,9416,6442,31,63,2581,0.014040296369926169,6.539495281754155e-05,0.00013514956915625253,0.005623965942308573,0.004966201708552134,2,yang_harmfulness;wang_robust,47
rank_consensus,19,10348,1088,3428,9,5050,0.0023694771237555887,0.007470283443523829,1.7438654084677745e-05,0.011005970559192241,0.005215792445139084,1,wang_robust,48
rank_consensus,31,12446,4066,2155,43,3370,0.008861016106776878,0.004695357612299483,9.155293394455816e-05,0.007343853201409915,0.005247944963607708,1,wang_robust,49
rank_consensus,30,14215,6598,2725,29,361,0.014380350124577385,0.005937861715832772,6.103528929637211e-05,0.0007847394338104985,0.005290996640879257,2,wang_robust;zhao_topk,50
rank_consensus,31,8583,2079,251,485,7101,0.0045296903984950445,0.0005449579401461795,0.0010550385721230036,0.015476805500151498,0.005401623102728932,1,yang_harmfulness,51
rank_consensus,19,5247,879,8151,81,999,0.0019138922857933824,0.017765628848765452,0.00017438654084677745,0.0021754720970635485,0.005507344943117291,1,wang_robust,52
rank_consensus,29,5230,2411,3702,243,3832,0.00525339454300917,0.008067557345924042,0.0005275192860615018,0.008350935474800055,0.005549851662448693,1,wang_robust,53
rank_consensus,20,9059,2377,3495,400,3921,0.00517928026314929,0.007616332171483005,0.0008697528724733025,0.008544940501492095,0.005552576452149423,1,wang_robust,54
rank_consensus,31,5617,7098,199,948,2084,0.015470266004869743,0.00043160668859577417,0.002064300677273728,0.004540589557297968,0.005626690732009304,1,yang_harmfulness,55
rank_consensus,27,13988,3429,2044,340,4556,0.007472463275284414,0.004453396286874579,0.0007389629668382194,0.00992913366946339,0.005648489049615151,1,wang_robust,56
rank_consensus,30,6894,9723,214,49,411,0.021192324376404628,0.00046430416500454493,0.00010463192450806646,0.0008937310218397344,0.005663747871939243,3,yang_harmfulness;wang_robust;zhao_topk,57
rank_consensus,29,9923,2925,1269,409,5860,0.006373828067949716,0.0027640266724214225,0.0008893713583185649,0.012771634285265863,0.0056997150959888915,1,wang_robust,58
rank_consensus,29,3400,3976,4693,226,1681,0.008664831248324255,0.010227770620663497,0.0004904621461315616,0.0036621173577823262,0.00576129534322541,1,wang_robust,59
rank_consensus,30,625,3790,1001,285,5546,0.008259382540855497,0.002179831760584718,0.0006190722200060599,0.012087167112442261,0.005786363408472134,1,wang_robust,60
rank_consensus,31,4179,8539,160,194,1924,0.018611403571872322,0.0003465932499329702,0.0004207075297928506,0.004191816475604413,0.0058926302068006385,2,yang_harmfulness;wang_robust,61
rank_consensus,30,3700,9547,767,111,400,0.02080867398654172,0.001669751128607894,0.00023978149366431898,0.0008697528724733025,0.0058969898703218095,2,wang_robust;zhao_topk,62
rank_consensus,31,5253,9689,75,15,1335,0.02111821009654475,0.00016130755028326914,3.0517644648186055e-05,0.002907895568620014,0.006054482715024055,2,yang_harmfulness;wang_robust,63
rank_consensus,31,12525,3292,77,5222,2594,0.0071738263240843075,0.00016566721380443857,0.011380901622012813,0.005652303755196174,0.006093174728774433,1,yang_harmfulness,64
rank_consensus,29,11794,10135,707,97,284,0.022090415061765532,0.001538961222972811,0.00020926384901613293,0.0006168923882454752,0.006113883130499988,2,wang_robust;zhao_topk,65
rank_consensus,31,6575,962,380,390,9602,0.002094818321921914,0.0008261562372616081,0.0008479545548674553,0.02092856473337388,0.006174373461856214,2,yang_harmfulness;wang_robust,66
rank_consensus,24,9648,269,7490,942,2663,0.0005841949118367045,0.016324760055018955,0.0020512216867102197,0.00580271214667652,0.006190722200060599,1,siren,67
rank_consensus,29,11909,9897,1174,241,229,0.02157161510274637,0.0025569426551658742,0.0005231596225403324,0.0004970016414133158,0.006287179755466473,2,wang_robust;zhao_topk,68
rank_consensus,31,7278,7850,188,114,3541,0.017109499488829453,0.00040762853922934227,0.00024632098894607316,0.007716604432469902,0.006370013362368692,2,yang_harmfulness;wang_robust,69
rank_consensus,31,8410,188,666,1286,9817,0.00040762853922934227,0.0014495881207888376,0.0028010838123513626,0.021397228561899594,0.006513882258567284,1,siren,70
rank_consensus,31,1506,4952,193,300,6916,0.01079234704665494,0.00041852769803226586,0.0006517696964148307,0.015073536624443325,0.00673404526638634,2,yang_harmfulness;wang_robust,71
rank_consensus,31,3175,11312,44,26,1123,0.024656077043973747,9.373276570514288e-05,5.449579401461795e-05,0.0024457712353760535,0.006812519209767391,2,yang_harmfulness;wang_robust,72
rank_consensus,31,8990,8922,266,374,3066,0.01944627913617627,0.0005776554165549503,0.0008130772466980998,0.006681184346192161,0.00687954903640537,2,yang_harmfulness;wang_robust,73
rank_consensus,31,1654,9622,235,244,2558,0.02097216136858557,0.0005100806319768241,0.0005296991178220865,0.0055738298118151244,0.006896442732549902,2,yang_harmfulness;wang_robust,74
rank_consensus,30,7305,11850,489,299,23,0.025828826531168324,0.0010637578991653425,0.000649589864654246,4.79562987328638e-05,0.006897532648430194,2,wang_robust;zhao_topk,75
rank_consensus,19,4513,2958,9492,61,167,0.0064457625160490115,0.02068878323970956,0.0001307899056350831,0.0003618520722570632,0.006906796933412679,2,wang_robust;zhao_topk,76
rank_consensus,31,11234,9090,1297,163,2206,0.019812490871954504,0.0028250619617177946,0.0003531327452147243,0.004806529032089303,0.006949303652744082,1,wang_robust,77
rank_consensus,31,6099,9345,477,222,2774,0.020368347970903606,0.0010375999180383259,0.0004817428190892227,0.0060446734721014235,0.006983091045033145,1,wang_robust,78
rank_consensus,30,10111,689,748,408,11036,0.001499724251282286,0.0016283343251567845,0.0008871915265579802,0.024054443478052363,0.007017423395262353,1,wang_robust,79
rank_consensus,31,8118,11186,216,54,1492,0.02438141824214007,0.00046866382852571437,0.00011553108331099005,0.0032501291550318147,0.007053935577252147,2,yang_harmfulness;wang_robust,80
rank_consensus,31,5542,101,2221,7868,2808,0.0002179831760584718,0.004839226508498074,0.017148736460519978,0.006118787751961304,0.007081183474259457,1,siren,81
rank_consensus,30,8726,12169,135,151,562,0.026524192862794848,0.00029209745591835223,0.0003269747640877077,0.0012228856176880268,0.0070915376751222335,2,yang_harmfulness;wang_robust,82
rank_consensus,31,5919,9278,505,240,3387,0.02022229924294443,0.001098635207334698,0.0005209797907797476,0.007380910341339856,0.007305706145599684,1,wang_robust,83
rank_consensus,29,3438,4024,6097,242,3056,0.008769463172832321,0.013288254412524441,0.0005253394543009171,0.006659386028586314,0.0073106107670609976,1,wang_robust,84
rank_consensus,31,13869,12416,71,24,1050,0.027062611307659273,0.00015258822324093027,5.0136130493448515e-05,0.0022866435168533692,0.007387994794561756,2,yang_harmfulness;wang_robust,85
rank_consensus,31,4261,10095,311,394,2936,0.022003221791342144,0.0006757478457812626,0.0008566738819097942,0.0063978062173161475,0.007483362434087337,2,yang_harmfulness;wang_robust,86
rank_consensus,31,2800,10404,1028,333,2070,0.02267678980536282,0.0022386872181205057,0.0007237041445141264,0.004510071912649781,0.007537313270161808,1,wang_robust,87
rank_consensus,31,7450,12594,7,76,1188,0.027450621361043356,1.3078990563508308e-05,0.00016348738204385386,0.0025874602998140605,0.007553662008366196,2,yang_harmfulness;wang_robust,88
rank_consensus,31,14299,7999,947,329,4607,0.017434294421156574,0.002062120845513143,0.0007149848174717875,0.010040305089253212,0.007562926293348679,1,wang_robust,89
rank_consensus,31,6159,10778,429,36,2814,0.023492046883821508,0.0009329679935302593,7.629411162046513e-05,0.006131866742524812,0.0076582939328742605,2,yang_harmfulness;wang_robust,90
rank_consensus,31,8652,12151,223,187,1594,0.026484955891104323,0.0004839226508498074,0.00040544870746875755,0.0034724719946114557,0.007711699811008586,2,yang_harmfulness;wang_robust,91
rank_consensus,29,9571,30,6628,39,7582,6.321512105695683e-05,0.014445745077394927,8.283360690221929e-05,0.016525304576992746,0.007779274595586712,2,siren;wang_robust,92
rank_consensus,31,9114,12777,173,132,1394,0.027849530573230356,0.0003749310628205715,0.0002855579606365981,0.003036505642494512,0.007886631309795509,2,yang_harmfulness;wang_robust,93
rank_consensus,31,12529,12958,134,286,1117,0.028244080121896192,0.0002899176241577675,0.0006212520517666447,0.0024326922448125454,0.007896985510658289,2,yang_harmfulness;wang_robust,94
rank_consensus,31,1129,11798,913,27,1887,0.02571547527961792,0.001988006565653263,5.667562577520267e-05,0.004111162700462778,0.00796783004287729,1,wang_robust,95
rank_consensus,16,6521,12052,2582,67,11,0.026269152546806437,0.005626145774069158,0.0001438688961985914,2.179831760584718e-05,0.008015241383670008,2,wang_robust;zhao_topk,96
rank_consensus,31,8937,13038,12,33,1714,0.028418466662742968,2.39781493664319e-05,6.975461633871098e-05,0.0037340518058816222,0.008061562808582433,2,yang_harmfulness;wang_robust,97
rank_consensus,30,5905,13745,312,723,194,0.029959607717476366,0.0006779276775418473,0.0015738385311421664,0.0004207075297928506,0.008158020363988307,2,yang_harmfulness;zhao_topk,98
rank_consensus,31,6432,14750,14,84,156,0.032150338636864007,2.8337812887601334e-05,0.0001809260361285316,0.0003378739228906313,0.008174369102192693,3,yang_harmfulness;wang_robust;zhao_topk,99
rank_consensus,29,14023,2553,10430,411,1686,0.0055629306530122005,0.022733465431138026,0.0008937310218397344,0.00367301651658525,0.008215785905643803,1,wang_robust,100
rank_consensus,31,3268,12230,1341,428,1285,0.026657162600190517,0.002920974559183522,0.0009307881617696746,0.002798903980590778,0.008326957325433624,1,wang_robust,101
rank_consensus,29,4918,8769,281,3023,3329,0.01911276487680681,0.0006103528929637211,0.006587451580487018,0.0072544800992259415,0.008391262362370873,1,yang_harmfulness,102
rank_consensus,27,5147,14494,708,139,173,0.03159230170615432,0.0015411410547333958,0.0003008167829606911,0.0003749310628205715,0.008452297651667244,2,wang_robust;zhao_topk,103
rank_consensus,12,9795,10861,3643,739,347,0.023672972919950037,0.007938947272049543,0.001608715839311522,0.0007542217891623124,0.008493714455118352,1,zhao_topk,104
rank_consensus,20,8083,6943,8417,212,93,0.015132392081979112,0.018345464097080988,0.0004599445014833755,0.00020054452197379406,0.008534586300629317,2,wang_robust;zhao_topk,105
rank_consensus,31,3769,2684,35,10502,2618,0.005848488613648798,7.411427985988042e-05,0.022890413317900125,0.005704619717450207,0.008629408982214752,1,yang_harmfulness,106
rank_consensus,31,437,11357,661,169,3791,0.02475416947320006,0.001438688961985914,0.00036621173577823263,0.008261562372616082,0.008705158135895072,1,wang_robust,107
rank_consensus,31,7416,13290,30,155,2592,0.028967784266410317,6.321512105695683e-05,0.0003356940911300466,0.005647944091675005,0.008753659392568081,2,yang_harmfulness;wang_robust,108
rank_consensus,31,8732,8763,384,1092,5848,0.0190996858862433,0.000834875564303947,0.0023781964507979276,0.012745476304138846,0.008764558551371005,1,yang_harmfulness,109
rank_consensus,31,1209,15843,257,129,103,0.0345328947511831,0.0005580369307096878,0.0002790184653548439,0.00022234283957964124,0.00889807324670682,3,yang_harmfulness;wang_robust;zhao_topk,110
rank_consensus,31,2223,10909,713,115,4597,0.023777604844458105,0.0015520402135363192,0.0002485008207066579,0.010018506771647364,0.008899163162587112,1,wang_robust,111
rank_consensus,31,12004,15091,5,14,1494,0.032893661267223394,8.719327042338873e-06,2.8337812887601334e-05,0.003254488818552984,0.00904630180642658,2,yang_harmfulness;wang_robust,112
rank_consensus,29,1251,15796,357,295,205,0.034430442658435624,0.0007760201067681596,0.0006408705376119071,0.00044468567915928247,0.009073004745493744,3,yang_harmfulness;wang_robust;zhao_topk,113
rank_consensus,31,7598,7700,345,1339,7287,0.016782524724741746,0.000749862125641143,0.002916614895662353,0.015882254207620256,0.009082813988416375,1,yang_harmfulness,114
rank_consensus,30,7872,14978,221,221,1297,0.03264734027827732,0.00047956298732863796,0.00047956298732863796,0.0028250619617177946,0.009107882053663098,2,yang_harmfulness;wang_robust,115
rank_consensus,31,9047,14143,366,31,2186,0.030827180758189084,0.0007956385926134221,6.539495281754155e-05,0.004762932396877609,0.009112786675124416,2,yang_harmfulness;wang_robust,116
rank_consensus,29,7425,337,11388,46,5235,0.0007324234715564653,0.024821744257778184,9.809242922631231e-05,0.011409239434900414,0.009265374898365344,2,siren;wang_robust,117
rank_consensus,31,1973,660,3441,288,12626,0.0014365091302253293,0.00749862125641143,0.0006256117152878141,0.027520375977382067,0.00927027951982666,1,wang_robust,118
rank_consensus,30,12258,15256,1164,131,479,0.033253333507719876,0.0025351443375600273,0.00028337812887601336,0.0010419595815594953,0.009278453888928853,1,wang_robust,119
rank_consensus,22,8042,3832,11257,184,1828,0.008350935474800055,0.024536186297141587,0.0003989092121870034,0.00398255262658828,0.00931714590267923,1,wang_robust,120
rank_consensus,31,2305,15302,41,200,1568,0.03335360576870677,8.719327042338872e-05,0.0004337865203563589,0.0034157963688362532,0.009322595482080694,2,yang_harmfulness;wang_robust,121
rank_consensus,21,13489,6506,6364,4082,227,0.01417980560260359,0.01387026949260056,0.008895893414946234,0.0004926419778921463,0.009359652622010632,1,zhao_topk,122
rank_consensus,31,7844,13950,331,126,2780,0.030406473228396232,0.000719344480992957,0.00027247897007308977,0.006057752462664931,0.009364012285531803,2,yang_harmfulness;wang_robust,123
rank_consensus,31,1000,13251,248,637,3286,0.028882770827747515,0.0005384184448644254,0.0013863729997318807,0.007160747333520799,0.009492077401466155,1,yang_harmfulness,124
rank_consensus,30,2792,12787,27,4402,296,0.027871328890836204,5.667562577520267e-05,0.009593439578333344,0.0006430503693724918,0.00954112361607931,2,yang_harmfulness;zhao_topk,125
rank_consensus,28,5085,4738,7475,370,4945,0.010325863049889809,0.016292062578610184,0.000804357919655761,0.010777088224330846,0.00954984294312165,1,wang_robust,126
rank_consensus,1,1306,221,14412,64,2866,0.00047956298732863796,0.03141355550178637,0.00013732940091683724,0.006245217994075217,0.009568916471026766,2,siren;wang_robust,127
rank_consensus,17,14096,14947,2521,122,12,0.032579765493699196,0.0054931760366734896,0.0002637596430307509,2.39781493664319e-05,0.009590169830692467,2,wang_robust;zhao_topk,128
rank_consensus,31,4160,16514,98,209,802,0.03599556186253545,0.00021144368077671765,0.00045340500620162134,0.0017460452402283592,0.009601613947435536,2,yang_harmfulness;wang_robust,129
rank_consensus,31,997,13892,1733,308,1693,0.03028004298628232,0.0037754686093327315,0.0006692083504995085,0.003688275338909343,0.009603248821255976,1,wang_robust,130
rank_consensus,29,1175,2222,10440,178,4872,0.004841406340258658,0.02275526374874387,0.0003858302216234951,0.010617960505808162,0.009650115204108547,1,wang_robust,131
rank_consensus,31,12226,15467,245,687,1575,0.03371327800920325,0.0005318789495826712,0.0014953645877611166,0.0034310551911603464,0.009792894184426845,1,yang_harmfulness,132
rank_consensus,31,2754,14709,2048,278,940,0.03206096553468003,0.004462115613916918,0.0006038133976819669,0.00204686202318905,0.009793439142366992,1,wang_robust,133
rank_consensus,25,10021,12329,5712,78,51,0.026872965944488403,0.012449019184699326,0.0001678470455650233,0.0001089915880292359,0.009899705940695497,2,wang_robust;zhao_topk,134
rank_consensus,31,2467,8077,2199,271,7968,0.017604321298482183,0.004791270209765211,0.0005885545753578739,0.01736671963657845,0.01008771643004593,1,wang_robust,135
rank_consensus,31,8959,10470,244,759,7113,0.022820658701561414,0.0005296991178220865,0.0016523124745232163,0.015502963481278515,0.010126408443796309,1,yang_harmfulness,136
rank_consensus,12,13868,16928,1372,272,38,0.03689801221141752,0.0029885493437616486,0.0005907344071184586,8.065377514163457e-05,0.010139487434359816,2,wang_robust;zhao_topk,137
rank_consensus,31,1681,16051,36,164,2403,0.03498629975738472,7.629411162046513e-05,0.00035531257697530904,0.005235955888924493,0.010163465583726248,2,yang_harmfulness;wang_robust,138
rank_consensus,30,11484,2470,14941,128,1160,0.005382004616883669,0.03256668650313569,0.0002768386335942592,0.0025264250105176884,0.010187988691032828,1,wang_robust,139
rank_consensus,31,4786,15880,1680,50,1180,0.03461354852632474,0.0036599375260217416,0.00010681175626865118,0.0025700216457293827,0.01023757986358613,1,wang_robust,140
rank_consensus,31,1190,8149,563,256,9900,0.01776126918524428,0.0012250654494486116,0.0005558570989491031,0.021578154598028126,0.010280086582917531,1,wang_robust,141
rank_consensus,31,3548,16146,103,216,2517,0.03519338377464027,0.00022234283957964124,0.00046866382852571437,0.00548445670963115,0.010342211788094195,2,yang_harmfulness;wang_robust,142
rank_consensus,16,5033,16312,1699,967,89,0.035555235846897335,0.0037013543294728514,0.0021057174807248375,0.0001918251949314552,0.010388533213006618,1,zhao_topk,143
rank_consensus,31,14073,17901,67,113,1181,0.03901898851446645,0.0001438688961985914,0.00024414115718548844,0.0025722014774899674,0.010494800011335126,2,yang_harmfulness;wang_robust,144
rank_consensus,31,5099,15562,2577,319,813,0.033920362026458796,0.005615246615266234,0.0006931864998659403,0.001770023389594791,0.010499704632796439,1,wang_robust,145
rank_consensus,18,1454,64,19351,86,92,0.00013732940091683724,0.0421797445673143,0.00018528569964970103,0.00019836469021320934,0.010675181089523512,3,siren;wang_robust;zhao_topk,146
rank_consensus,31,2653,15278,1763,162,2530,0.033301289806452736,0.0038408635621502733,0.0003509529134541396,0.005512794522518752,0.010751475201143975,1,wang_robust,147
rank_consensus,28,2807,29,3994,3,15788,6.103528929637211e-05,0.00870406822001478,4.359663521169436e-06,0.03441300400435095,0.010795616794295818,2,siren;wang_robust,148
rank_consensus,30,14261,9519,4023,147,6272,0.020747638697245347,0.008767283341071736,0.00031825543704536884,0.013669724970626768,0.010875725611497305,1,wang_robust,149
rank_consensus,31,7944,16658,526,177,2628,0.036309457636059646,0.001144411674306977,0.0003836503898629104,0.005726418035056054,0.010890984433821397,1,wang_robust,150
rank_consensus,2,3328,17153,2215,224,402,0.037388474357549085,0.004826147517934566,0.0004861024826103921,0.0008741125359944719,0.01089370922352213,2,wang_robust;zhao_topk,151
rank_consensus,31,7892,5484,1775,434,12918,0.011952017543286009,0.00386702154327729,0.0009438671523331829,0.028156886851472804,0.01122994827259232,1,wang_robust,152
rank_consensus,31,8682,7826,1207,396,11338,0.01705718352657542,0.00262887710326517,0.0008610335454309636,0.02471275266974895,0.011314961711255126,1,wang_robust,153
rank_consensus,31,3428,18732,196,324,1706,0.040830428707512356,0.00042506719331402,0.0007040856586688639,0.0037166131517969445,0.011419048677823045,2,yang_harmfulness;wang_robust,154
rank_consensus,31,2188,16714,236,2672,1464,0.03643152821465239,0.0005122604637374088,0.005822330632521782,0.0031890938657354426,0.011488803294161756,1,yang_harmfulness,155
rank_consensus,12,10867,297,2624,858,17319,0.0006452302011330766,0.005717698708013716,0.0018681158188211034,0.03775032642980615,0.011495342789443511,1,siren,156
rank_consensus,13,10677,6042,9264,454,5341,0.013168363665692281,0.020191781598296245,0.0009874637875448772,0.011640301601522395,0.01149697766326395,1,wang_robust,157
rank_consensus,30,635,12998,137,3461,4716,0.02833127339231958,0.00029645711943952167,0.007542217891623125,0.010277906751156946,0.011611963788634792,1,yang_harmfulness,158
rank_consensus,3,13690,259,20193,719,169,0.0005623965942308573,0.044015162909726624,0.0015651192040998275,0.00036621173577823263,0.011627222610958887,2,siren;zhao_topk,159
rank_consensus,30,5336,14478,1000,225,5668,0.031557424397984965,0.0021776519288241336,0.0004882823143709769,0.012353106587233598,0.011644116307103419,1,wang_robust,160
rank_consensus,27,462,8098,11536,458,1435,0.017650097765454464,0.025144359358344723,0.0009961831145872161,0.003125878744678486,0.011729129745766223,1,wang_robust,161
rank_consensus,31,5615,18157,76,283,3106,0.03957702544517614,0.00016348738204385386,0.0006147125564848905,0.006768377616615549,0.011780900750080108,2,yang_harmfulness;wang_robust,162
rank_consensus,21,12373,4398,15147,372,1718,0.009584720251291005,0.03301573184581614,0.0008087175831769304,0.003742771132923961,0.01178798520330201,1,wang_robust,163
rank_consensus,31,1165,16623,455,2376,2202,0.036233163524439185,0.000989643619305462,0.005177100431388706,0.0047978097050469645,0.01179942932004508,1,yang_harmfulness,164
rank_consensus,31,12863,10559,136,823,10213,0.023014663728253452,0.00029427728767893695,0.0017918217072006382,0.02226044193909114,0.011840301165556042,1,yang_harmfulness,165
rank_consensus,29,12988,17912,296,3465,101,0.03904296666383288,0.0006430503693724918,0.007550937218665463,0.0002179831760584718,0.011863734356982326,2,yang_harmfulness;zhao_topk,166
rank_consensus,31,11652,10425,198,616,10661,0.022722566272335102,0.00042942685683518945,0.0013405965327596015,0.023237006567833094,0.011932399057440746,1,yang_harmfulness,167
rank_consensus,14,9318,12199,9255,265,217,0.02658958781561239,0.020172163112450982,0.0005754755847943656,0.0004708436602862991,0.011952017543286009,2,wang_robust;zhao_topk,168
rank_consensus,31,2657,18035,165,2470,1322,0.0393110859703848,0.00035749240873589376,0.005382004616883669,0.0028795577557324125,0.011982535187934195,1,yang_harmfulness,169
rank_consensus,31,12032,17486,2868,315,1395,0.038114358333823796,0.006249577657596386,0.0006844671728236015,0.003038685474255097,0.012021772159624721,1,wang_robust,170
rank_consensus,31,6467,12556,80,821,8724,0.027367787754141136,0.00017220670908619273,0.0017874620436794688,0.019014672447580497,0.012085532238621823,1,yang_harmfulness,171
rank_consensus,31,13909,10604,260,609,10962,0.023112756157479767,0.000564576425991442,0.0013253377104355086,0.023893135927769094,0.012223951555418952,1,yang_harmfulness,172
rank_consensus,25,13410,4691,13083,343,4395,0.010223410957142328,0.028516559091969283,0.0007455024621199736,0.00957818075600925,0.01226591331681021,1,wang_robust,173
rank_consensus,31,1395,11335,90,3666,7488,0.024706213174467195,0.0001940050266920399,0.007989083402542991,0.016320400391497784,0.012302425498800004,1,yang_harmfulness,174
rank_consensus,31,4426,12396,3861,349,6131,0.02701901467244758,0.008414150595857012,0.0007585814526834819,0.013362368692384321,0.012388528853343099,1,wang_robust,175
rank_consensus,29,1246,15993,324,1845,4657,0.034859869515270814,0.0007040856586688639,0.00401960976651822,0.010149296677282447,0.012433215404435085,1,yang_harmfulness,176
rank_consensus,31,7861,21791,370,91,1162,0.04749853406314101,0.000804357919655761,0.00019618485845262462,0.0025307846740388576,0.012757465378822063,2,yang_harmfulness;wang_robust,177
rank_consensus,31,9575,21548,42,87,1768,0.04696883494531892,8.937310218397344e-05,0.00018746553141028575,0.0038517627209531968,0.012774359074966594,2,yang_harmfulness;wang_robust,178
rank_consensus,31,1386,21294,1189,207,1068,0.046415157678130405,0.002589640131574645,0.0004490453426804519,0.0023258804885438944,0.012944930910232348,1,wang_robust,179
rank_consensus,31,6069,22440,207,377,794,0.048913244875760487,0.0004490453426804519,0.000819616741979854,0.0017286065861436815,0.012977628386641118,2,yang_harmfulness;wang_robust,180
rank_consensus,30,11920,18607,1512,3537,309,0.040557949737439265,0.003293725790243509,0.007707885105427563,0.0006713881822600932,0.013057737203842606,1,zhao_topk,181
rank_consensus,31,11222,1813,3448,105,18669,0.003949855150179509,0.007513880078735523,0.00022670250310081067,0.040693099306595516,0.01309588425965284,1,wang_robust,182
rank_consensus,29,1521,10922,1605,412,11108,0.023805942657345706,0.0034964501439778877,0.0008959108536003191,0.024211391364814462,0.013102423754934592,1,wang_robust,183
rank_consensus,27,8140,22734,330,1079,39,0.049554115413372395,0.0007171646492323722,0.002349858637910326,8.283360690221929e-05,0.013175993076854329,2,yang_harmfulness;zhao_topk,184
rank_consensus,31,11752,15335,7706,167,1116,0.03342554021680607,0.016795603715305252,0.0003618520722570632,0.002430512413051961,0.013253377104355087,1,wang_robust,185
rank_consensus,31,888,16218,6089,291,1775,0.035350331661402376,0.013270815758439764,0.0006321512105695683,0.00386702154327729,0.013280080043422248,1,wang_robust,186
rank_consensus,29,8331,818,6057,121,17684,0.0017809225483977147,0.013201061142101053,0.0002615798112701662,0.03854596502241957,0.013447382131047125,1,wang_robust,187
rank_consensus,30,3727,8427,172,796,15321,0.018367262414686836,0.0003727512310599868,0.001732966249664851,0.03339502257215788,0.013467000616892388,1,yang_harmfulness,188
rank_consensus,26,12113,23335,690,679,155,0.05086419430148381,0.0015019040830428708,0.0014779259336764388,0.0003356940911300466,0.013544929602333292,1,zhao_topk,189
rank_consensus,31,5933,23486,114,11,1264,0.051193348897332104,0.00024632098894607316,2.179831760584718e-05,0.002753127513618499,0.01355364892937563,2,yang_harmfulness;wang_robust,190
rank_consensus,31,3611,19877,186,557,4444,0.043326336073381856,0.00040326887570817283,0.0012119864588851033,0.009684992512277902,0.013656645980063258,1,yang_harmfulness,191
rank_consensus,24,5326,22201,1622,1302,20,0.04839226508498074,0.003533507283907828,0.002835961120520718,4.1416803451109644e-05,0.013700787573215098,1,zhao_topk,192
rank_consensus,27,7090,16493,7640,841,255,0.03594978539556317,0.016651734819106662,0.0018310586788911631,0.0005536772671885184,0.013746564040187379,1,zhao_topk,193
rank_consensus,31,13622,22507,154,282,2325,0.04905929360371967,0.00033351425936946187,0.0006125327247243058,0.0050659290115988844,0.013767817399853081,2,yang_harmfulness;wang_robust,194
rank_consensus,31,4790,22268,209,1141,1671,0.048538313812939916,0.00045340500620162134,0.0024850082070665786,0.0036403190401764793,0.013779261516596147,1,yang_harmfulness,195
rank_consensus,31,4710,5929,13351,119,5925,0.01292204267674621,0.029100754003805986,0.00025722014774899675,0.01291332334970387,0.013798335044501266,1,wang_robust,196
rank_consensus,31,801,23619,1212,489,42,0.05148326652148987,0.0026397762620680937,0.0010637578991653425,8.937310218397344e-05,0.01381904344622682,1,zhao_topk,197
rank_consensus,31,10107,12457,10594,449,2006,0.027151984409843247,0.02309095783987392,0.0009765646287419538,0.004370562679972359,0.013897517389607868,1,wang_robust,198
rank_consensus,27,13857,22133,3317,279,52,0.04824403652526098,0.007228322118098925,0.0006059932294425516,0.00011117141978982062,0.01404738082314807,2,wang_robust;zhao_topk,199
rank_consensus,31,11057,429,13257,562,11728,0.0009329679935302593,0.028895849818311024,0.0012228856176880268,0.02556288705637699,0.014153647621476573,1,siren,200
rank_consensus,31,11010,22526,18,274,3301,0.049100710407170775,3.705713992994021e-05,0.000595094070639628,0.00719344480992957,0.014231576606917479,2,yang_harmfulness;wang_robust,201
rank_consensus,31,9261,11230,238,953,13828,0.0244773308396058,0.0005166201272585782,0.0020751998360766517,0.030140533753604898,0.014302421139136483,1,yang_harmfulness,202
rank_consensus,31,3023,22229,572,239,3268,0.048453300374277114,0.001244683935293874,0.0005187999590191629,0.007121510361830274,0.014334573657605106,1,wang_robust,203
rank_consensus,28,447,16212,6342,3648,308,0.03533725267083886,0.013822313193867697,0.007949846430852467,0.0006692083504995085,0.014444655161514634,1,zhao_topk,204
rank_consensus,26,2128,76,13763,58,12693,0.00016348738204385386,0.02999884468916689,0.00012425041035332894,0.027666424705341242,0.01448825179672633,2,siren;wang_robust,205
rank_consensus,31,8591,23726,451,669,1805,0.05171650851987244,0.0009809242922631232,0.0014561276160705917,0.003932416496094831,0.014521494231075247,1,yang_harmfulness,206
rank_consensus,30,1797,11266,279,316,15659,0.02455580478298685,0.0006059932294425516,0.0006866470045841862,0.034131805707235514,0.014995062681062276,2,yang_harmfulness;wang_robust,207
rank_consensus,31,7019,21967,150,752,4659,0.04788218445300392,0.000324794932327123,0.0016370536521991233,0.010153656340803617,0.014999422344583445,1,yang_harmfulness,208
rank_consensus,28,4382,10007,15575,90,2271,0.02181139659641069,0.0339486998393464,0.0001940050266920399,0.00494821809652731,0.01522557988974411,1,wang_robust,209
rank_consensus,27,2165,315,14410,227,13063,0.0006844671728236015,0.0314091958382652,0.0004926419778921463,0.028472962456757588,0.015264816861434634,2,siren;wang_robust,210
rank_consensus,31,3461,2402,702,435,24486,0.005233776057163908,0.0015280620641698875,0.0009460469840937676,0.053373180657916824,0.015270266440836096,1,wang_robust,211
rank_consensus,31,11013,26089,374,213,1715,0.056867450970134126,0.0008130772466980998,0.0004621243332439602,0.003736231637642207,0.0154697210469296,2,yang_harmfulness;wang_robust,212
rank_consensus,31,12973,13582,446,2721,11688,0.029604295140501054,0.0009700251334601995,0.005929142388790433,0.0254756937859536,0.015494789112176322,1,yang_harmfulness,213
rank_consensus,31,4577,10380,37,264,17771,0.02262447384310879,7.847394338104985e-05,0.0005732957530337809,0.03873561038559044,0.015502963481278515,2,yang_harmfulness;wang_robust,214
rank_consensus,31,4436,25541,62,104,3051,0.0556729031653337,0.0001329697373956678,0.00022452267134022595,0.00664848686978339,0.015669720610963247,2,yang_harmfulness;wang_robust,215
rank_consensus,31,102,26002,347,670,1778,0.056677805606963255,0.0007542217891623124,0.0014583074478311765,0.003873561038559044,0.015690973970628946,1,yang_harmfulness,216
rank_consensus,31,8664,24914,319,2482,1336,0.05430614865144708,0.0006931864998659403,0.0054081625980106855,0.0029100754003805987,0.015829393287426077,1,yang_harmfulness,217
rank_consensus,20,1043,584,24078,424,4167,0.0012708419164208905,0.052483809299598255,0.0009220688347273357,0.009081179114595935,0.015939474791335603,1,wang_robust,218
rank_consensus,31,3568,17320,106,7995,3938,0.03775250626156673,0.0002288823348613954,0.017425575094114236,0.008581997641422034,0.0159972403329911,1,yang_harmfulness,219
rank_consensus,31,2943,7151,944,421,21307,0.015585797088180734,0.002055581350231389,0.0009155293394455816,0.046443495491018005,0.016250100817218928,1,wang_robust,220
rank_consensus,10,8888,16043,7375,6349,171,0.034968861103300046,0.016074079402551712,0.01383757201619179,0.00037057139929940207,0.016312770980335737,1,zhao_topk,221
rank_consensus,30,11603,11999,3324,350,14428,0.02615362146349545,0.0072435809404230184,0.0007607612844440666,0.031448432809955726,0.016401599124579565,1,wang_robust,222
rank_consensus,30,1793,18506,409,7000,4346,0.040337786729620205,0.0008893713583185649,0.015256642492332441,0.0094713689997406,0.016488792395002953,1,yang_harmfulness,223
rank_consensus,31,10674,28164,59,417,1650,0.06139060187334742,0.00012643024211391366,0.0009068100124032427,0.0035945425732042003,0.016504596175267196,2,yang_harmfulness;wang_robust,224
rank_consensus,22,5031,73,5556,34,24681,0.0001569478867620997,0.01210896543004811,7.19344480992957e-05,0.05379824785123084,0.016534023904035088,2,siren;wang_robust,225
rank_consensus,31,2241,24735,128,1160,4429,0.05391595876630242,0.0002768386335942592,0.0025264250105176884,0.009652295035869132,0.016592879361570875,1,yang_harmfulness,226
rank_consensus,29,14025,28183,283,1678,500,0.061432018676798525,0.0006147125564848905,0.0036555778625005724,0.0010877360485317743,0.01669751128607894,1,yang_harmfulness,227
rank_consensus,31,9355,21746,352,6050,2879,0.04740044163391469,0.000765120947965236,0.01318580231977696,0.006273555806962819,0.016906230177154927,1,yang_harmfulness,228
rank_consensus,30,12150,6425,144,468,24181,0.01400323922999623,0.0003117159417636147,0.0010179814321930633,0.05270833197093848,0.017010317143722847,1,yang_harmfulness,229
rank_consensus,31,11913,17941,406,2968,9931,0.039106181784889844,0.0008828318630368108,0.0064675608336548585,0.02164572938260625,0.01702557596604694,1,yang_harmfulness,230
rank_consensus,29,14145,5075,23287,448,2749,0.01106046635320686,0.05075956237697574,0.0009743847969813689,0.005990177678086806,0.017196147801312695,1,wang_robust,231
rank_consensus,31,11342,30216,72,1493,185,0.06586361664606726,0.00015476805500151499,0.0032523089867923993,0.0004010890439475881,0.01741794568295219,2,yang_harmfulness;zhao_topk,232
rank_consensus,31,1157,26608,1646,385,3421,0.057998783653877596,0.0035858232461618614,0.0008370553960645317,0.007455024621199736,0.01746917172932593,1,wang_robust,233
rank_consensus,28,11851,1384,7456,352,23044,0.003014707324888665,0.016250645775159073,0.000765120947965236,0.050229863259153656,0.017565084326791658,1,wang_robust,234
rank_consensus,31,7973,21594,70,7027,3981,0.04706910720630582,0.00015040839148034555,0.015315497949868228,0.008675730407127179,0.017802685988695395,1,yang_harmfulness,235
rank_consensus,31,1324,12433,19,19925,1321,0.027099668447589216,3.9236971690524926e-05,0.043430967997889924,0.002877377923971828,0.018361812835285374,1,yang_harmfulness,236
rank_consensus,30,6976,18434,247,14535,490,0.040180838842858106,0.0005362386131038407,0.03168167480833829,0.001065937730925927,0.01836617249880654,1,yang_harmfulness,237
rank_consensus,8,64,27560,4321,1620,274,0.06007398348995425,0.009416873205725982,0.0035291476203866586,0.000595094070639628,0.018403774596676626,1,zhao_topk,238
rank_consensus,31,6772,6619,400,5094,21665,0.014426126591549664,0.0008697528724733025,0.01110188315665797,0.047223875261307335,0.01840540947049707,1,yang_harmfulness,239
rank_consensus,22,11106,3566,29258,204,799,0.00777110022648452,0.0637753378194271,0.00044250584739869775,0.001739505744946605,0.01843211240956423,1,wang_robust,240
rank_consensus,31,5562,25455,383,7029,1144,0.05548543763392341,0.0008326957325433623,0.0153198576133894,0.002491547702348333,0.018532384670551124,1,yang_harmfulness,241
rank_consensus,31,3410,6542,22931,292,4399,0.014258279545984642,0.049983542270207584,0.000634331042330153,0.00958690008305159,0.018615763235393493,1,wang_robust,242
rank_consensus,31,5814,26371,125,4124,3555,0.057482163526619015,0.00027029913831250505,0.008987446348890793,0.007747122077118088,0.018621757772735097,1,yang_harmfulness,243
rank_consensus,30,9485,14058,20065,431,91,0.03064189505853938,0.04373614444437178,0.0009373276570514287,0.00019618485845262462,0.018877888004603806,2,wang_robust;zhao_topk,244
rank_consensus,26,14003,112,15442,150,18973,0.0002419613254249037,0.03365878221518863,0.000324794932327123,0.04135576816181327,0.018895326658688483,2,siren;wang_robust,245
rank_consensus,13,8310,33633,478,822,18,0.07331210177198524,0.0010397797497989105,0.0017896418754400536,3.705713992994021e-05,0.019044645134288534,1,zhao_topk,246
rank_consensus,31,3197,24173,54,9917,1046,0.0526908933168538,0.00011553108331099005,0.021615211737958065,0.0022779241898110304,0.019174890081983472,1,yang_harmfulness,247
rank_consensus,30,3296,30657,2157,2004,419,0.06682492245248511,0.004699717275820652,0.00436620301645119,0.0009111696759244121,0.019200503105170342,1,zhao_topk,248
rank_consensus,20,2873,1658,33417,68,278,0.003611981227288878,0.07284125811169893,0.00014604872795917612,0.0006038133976819669,0.01930077536615724,2,wang_robust;zhao_topk,249
rank_consensus,31,4594,28696,179,3250,3859,0.06255027236997848,0.0003880100533840798,0.007082273390139749,0.008409790932335843,0.019607586686459542,1,yang_harmfulness,250
rank_consensus,30,1969,13454,22329,117,189,0.02932527667514621,0.048671283550335585,0.0002528604842278273,0.000409808370989927,0.01966480727017489,2,wang_robust;zhao_topk,251
rank_consensus,26,6601,13551,12709,9925,177,0.02953672035592293,0.027701302013510596,0.021632650392042742,0.0003836503898629104,0.019813580787834795,1,zhao_topk,252
rank_consensus,18,12797,20674,14830,1235,13,0.045063661986567874,0.03232472517771078,0.002689912392561542,2.6157981127016616e-05,0.0200261143844918,1,zhao_topk,253
rank_consensus,2,4359,9099,26043,369,1612,0.019832109357799766,0.05676717870914723,0.0008021780878951762,0.003511708966301981,0.02022829378028604,1,wang_robust,254
rank_consensus,31,996,34235,53,141,2818,0.07462436049185724,0.00011335125155040534,0.00030517644648186054,0.006140586069567151,0.02029586856486416,2,yang_harmfulness;wang_robust,255
rank_consensus,28,8985,425,14252,2866,20099,0.0009242486664879204,0.031064782420092817,0.006245217994075217,0.043810258724231665,0.020511126951221904,1,siren,256
rank_consensus,31,566,33737,138,3720,207,0.07353880427508605,0.0002986369512001064,0.008106794317614567,0.0004490453426804519,0.020598320221645296,2,yang_harmfulness;zhao_topk,257
rank_consensus,31,13076,4318,32,31328,2194,0.009410333710444228,6.757478457812626e-05,0.06828758956383746,0.004780371050962287,0.020636467277455522,1,yang_harmfulness,258
rank_consensus,19,2059,464,36447,339,717,0.0010092621051507244,0.07944614834627063,0.0007367831350776347,0.0015607595405786581,0.02068823828176941,1,wang_robust,259
rank_consensus,31,1946,30931,3363,303,3792,0.06742219635488533,0.0073285943790858225,0.0006583091916965849,0.008263742204376666,0.020918210532511104,1,wang_robust,260
rank_consensus,31,8784,25365,10872,317,2061,0.05528925277547079,0.02369695106931647,0.0006888268363447709,0.004490453426804519,0.021041371026984137,1,wang_robust,261
rank_consensus,30,11725,17222,163,7974,13730,0.03753888274902943,0.0003531327452147243,0.01737979862714196,0.029926910241067594,0.021299681090613427,1,yang_harmfulness,262
rank_consensus,31,5082,36218,170,305,2451,0.07894696687309674,0.00036839156753881735,0.0006626688552177543,0.005340587813432559,0.021329653777321468,2,yang_harmfulness;wang_robust,263
rank_consensus,13,12570,284,34812,2139,2273,0.0006168923882454752,0.07588212341771462,0.004660480304130127,0.0049525777600484796,0.021528018467534677,1,siren,264
rank_consensus,31,2958,15899,104,21095,2468,0.03465496532977585,0.00022452267134022595,0.045981371157774044,0.005377644953362499,0.021559626028063154,1,yang_harmfulness,265
rank_consensus,30,10840,20050,364,19403,239,0.043703446967963015,0.0007912789290922526,0.0422930958188647,0.0005187999590191629,0.021826655418734783,2,yang_harmfulness;zhao_topk,266
rank_consensus,29,1303,22478,15883,2927,130,0.04899607848266271,0.034620088021606495,0.006378187731470885,0.00028119829711542864,0.02256888813321388,1,zhao_topk,267
rank_consensus,31,12174,5537,10605,335,25253,0.012067548626596999,0.02311493598924035,0.0007280638080352958,0.0550451116182853,0.022738915010539484,1,wang_robust,268
rank_consensus,31,3607,1607,361,314,39799,0.0035008098074990573,0.0007847394338104985,0.0006822873410630168,0.08675294440775061,0.022930195247530795,2,yang_harmfulness;wang_robust,269
rank_consensus,30,3587,178,34571,153,7458,0.0003858302216234951,0.0753567839634137,0.00033133442760887715,0.016255005438680244,0.023082238512831584,2,siren;wang_robust,270
rank_consensus,31,1095,22960,202,18012,1676,0.05004675739126454,0.0004381461838775283,0.039260949839891354,0.0036512181989794027,0.023349267903503206,1,yang_harmfulness,271
rank_consensus,17,10762,2451,4978,269,36458,0.005340587813432559,0.010849022672430143,0.0005841949118367045,0.07947012649563706,0.024060982973334116,1,wang_robust,272
rank_consensus,28,9152,12578,27016,432,4427,0.027415744052874,0.05888815501219616,0.0009395074888120135,0.009647935372347961,0.024222835481557535,1,wang_robust,273
rank_consensus,29,11005,229,3913,51,40354,0.0004970016414133158,0.008527501847407417,0.0001089915880292359,0.08796275103487512,0.02427406152793127,2,siren;wang_robust,274
rank_consensus,30,1595,319,11864,98,32305,0.0006931864998659403,0.02585934417581651,0.00021144368077671765,0.07041728519392873,0.024295314887596973,2,siren;wang_robust,275
rank_consensus,13,12428,21185,11297,12167,116,0.04617755601622667,0.024623379567564975,0.02651983319927368,0.0002506806524672426,0.024392862358883136,1,zhao_topk,276
rank_consensus,31,9445,8121,443,2338,34353,0.017700233895947912,0.0009634856381784453,0.005094266824486486,0.07488158063960623,0.02465989174955477,1,yang_harmfulness,277
rank_consensus,5,14182,17024,27021,1061,383,0.03710727606043365,0.05889905417099908,0.0023106216662198012,0.0008326957325433623,0.024787411907548976,1,zhao_topk,278
rank_consensus,31,9664,18974,13,24821,1929,0.041357947993573854,2.6157981127016616e-05,0.054103424297712706,0.004202715634407337,0.02492256147670523,1,yang_harmfulness,279
rank_consensus,31,13470,38272,426,3353,3687,0.08342434130933775,0.0009264284982485051,0.007306796061479975,0.00803485986951527,0.024923106434645376,1,yang_harmfulness,280
rank_consensus,31,6096,17430,405,19954,8307,0.03799228775523105,0.0008806520312762261,0.04349418311894688,0.01810568260341667,0.025118201377217708,1,yang_harmfulness,281
rank_consensus,20,9623,1826,4454,195,40039,0.003978192963067111,0.00970679082988375,0.0004228873615534353,0.08727610403029094,0.02534599379619881,1,wang_robust,282
rank_consensus,30,8223,18374,313,21695,6440,0.040050048937223026,0.000680107509302432,0.04728927021412487,0.014035936706405,0.02551384084176383,1,yang_harmfulness,283
rank_consensus,23,306,21989,21371,3541,50,0.04793014075173678,0.04658300472369543,0.007716604432469902,0.00010681175626865118,0.025584140416042695,1,zhao_topk,284
rank_consensus,30,13048,41043,4936,395,627,0.089464655117918,0.010757469738485584,0.0008588537136703789,0.0013645746821260335,0.025611388313049998,1,wang_robust,285
rank_consensus,27,14294,1373,41420,251,3974,0.002990729175522233,0.09028645169165844,0.0005449579401461795,0.008660471584803086,0.025620652598032485,1,wang_robust,286
rank_consensus,11,13106,10255,10427,26288,438,0.0223519948730357,0.02272692593585627,0.057301237490490486,0.0009525864793755218,0.025833186194689495,1,zhao_topk,287
rank_consensus,29,7839,16924,25470,5837,214,0.03688929288437518,0.055518135110332184,0.012721498154772415,0.00046430416500454493,0.02639830757862108,1,zhao_topk,288
rank_consensus,19,13845,17098,2441,29166,19,0.03726858361071692,0.005318789495826712,0.0635747932974533,3.9236971690524926e-05,0.026550350843921867,1,zhao_topk,289
rank_consensus,27,11829,15639,729,32145,431,0.03408820907202382,0.0015869175217056747,0.07006851211223518,0.0009373276570514287,0.026670241590754026,1,zhao_topk,290
rank_consensus,25,319,18845,12438,18434,228,0.04107674969645843,0.02711056760639214,0.040180838842858106,0.000494821809652731,0.027215744488840354,1,zhao_topk,291
rank_consensus,31,12584,16310,177,7329,26147,0.035550876183376164,0.0003836503898629104,0.015973807141564815,0.05699388121224804,0.027225553731762983,1,yang_harmfulness,292
rank_consensus,30,8142,22252,448,10031,17376,0.04850343650477056,0.0009743847969813689,0.021863712558664723,0.03787457684015948,0.027304027675144033,1,yang_harmfulness,293
rank_consensus,9,12002,18250,29628,2576,34,0.03977974979891052,0.06458187557084344,0.005613066783505649,7.19344480992957e-05,0.027511656650339725,1,zhao_topk,294
rank_consensus,29,9301,124,31060,92,19815,0.00026811930655192034,0.06770339465200076,0.00019836469021320934,0.043191186504225605,0.027840266288247872,2,siren;wang_robust,295
rank_consensus,15,7566,17958,33388,236,72,0.03914323892481978,0.07277804299064199,0.0005122604637374088,0.00015476805500151499,0.028147077608550175,2,wang_robust;zhao_topk,296
rank_consensus,17,431,16333,30752,4753,160,0.03560101231386961,0.06703200646974067,0.01035856052629858,0.0003465932499329702,0.028334543139960457,1,zhao_topk,297
rank_consensus,31,11244,49233,258,1261,1658,0.10731747723710684,0.0005602167624702726,0.0027465880183367448,0.003611981227288878,0.028559065811300684,1,yang_harmfulness,298
rank_consensus,30,6623,4204,267,3261,44740,0.00916183288973757,0.000579835248315535,0.007106251539506181,0.0975234931367997,0.028592853203589747,1,yang_harmfulness,299
rank_consensus,27,1253,69,5402,296,47014,0.00014822855971976083,0.011773271338918062,0.0006430503693724918,0.10248043056036935,0.028761245207094915,2,siren;wang_robust,300
rank_consensus,31,11504,42512,314,4487,6815,0.09266682797421695,0.0006822873410630168,0.009778725277983045,0.014853373616624269,0.02949530355247182,1,yang_harmfulness,301
rank_consensus,30,11258,10537,38250,143,5206,0.02296670742952059,0.08337638501060488,0.00030953611000302997,0.011346024313843458,0.02949966321599299,1,wang_robust,302
rank_consensus,31,14256,12936,25133,337,15813,0.02819612382316333,0.05478353180701513,0.0007324234715564653,0.03446749979836556,0.029544894725025125,1,wang_robust,303
rank_consensus,31,9175,18310,166,33708,2324,0.039910539704545604,0.0003596722404964785,0.07347558915402909,0.0050637491798383,0.02970238756972737,1,yang_harmfulness,304
rank_consensus,25,3897,14967,39716,77,21,0.03262336212891089,0.08657201837162208,0.00016566721380443857,4.359663521169436e-05,0.029851161087387276,2,wang_robust;zhao_topk,305
rank_consensus,31,11827,24938,304,7366,22257,0.05435846461370111,0.0006604890234571696,0.01605446091670645,0.04851433566357349,0.029896937554359557,1,yang_harmfulness,306
rank_consensus,31,8112,3351,425,4063,47128,0.0073024363979588055,0.0009242486664879204,0.008854476611495125,0.10272893138107601,0.029952523264254467,1,yang_harmfulness,307
rank_consensus,31,4655,9417,41360,191,4200,0.020525295857665705,0.09015566178602336,0.0004141680345110964,0.009153113562695232,0.030062059810223845,1,wang_robust,308
rank_consensus,11,12356,9567,38426,7867,395,0.020852270621753412,0.0837600354004678,0.017146556628759392,0.0008588537136703789,0.030654429091162744,1,zhao_topk,309
rank_consensus,12,1559,47188,1138,8313,96,0.10285972128671109,0.0024784687117848244,0.018118761593980178,0.0002070840172555482,0.03091600890243291,1,zhao_topk,310
rank_consensus,22,5848,3353,48875,190,4412,0.007306796061479975,0.10653709746681751,0.0004119882027505117,0.009615237895939191,0.0309677799067468,1,wang_robust,311
rank_consensus,1,11506,788,51002,442,4864,0.0017155275955801732,0.1111735996215812,0.0009613058064178606,0.010600521851723483,0.03111273871882568,1,wang_robust,312
rank_consensus,31,4788,53424,726,276,2741,0.11645315214571739,0.0015803780264239207,0.0005994537341607975,0.005972739024002128,0.03115143073257606,1,wang_robust,313
rank_consensus,11,5737,103,50150,553,6376,0.00022234283957964124,0.10931638296156303,0.0012032671318427644,0.013896427473727577,0.031159605101678253,1,siren,314
rank_consensus,4,12270,3704,52564,202,1229,0.008071917009445212,0.11457849683161453,0.0004381461838775283,0.002676833401998034,0.031441348356733824,1,wang_robust,315
rank_consensus,31,6227,43926,346,534,13032,0.09574911008368374,0.0007520419574017277,0.0011618503283916547,0.028405387672179462,0.03151709751041414,1,yang_harmfulness,316
rank_consensus,30,10303,412,39490,321,17642,0.0008959108536003191,0.08607937639372994,0.0006975461633871098,0.03845441208847501,0.031531811374798095,2,siren;wang_robust,317
rank_consensus,17,12927,354,22590,755,35166,0.0007694806114864055,0.0492402196398482,0.0016435931474808774,0.07665378386096161,0.03207676931494427,1,siren,318
rank_consensus,22,526,174,56909,763,1070,0.0003771108945811562,0.12404986583135513,0.0016610318015655551,0.0023302401520650636,0.03210456216989173,1,siren,319
rank_consensus,17,4652,209,35873,1337,22237,0.00045340500620162134,0.078194924915695,0.0029122552321411833,0.04847073902836179,0.0325078310455999,1,siren,320
rank_consensus,29,10666,23444,29080,7598,109,0.05110179596338755,0.06338732776604301,0.016560181885162104,0.00023542183014314954,0.032821181861183955,1,zhao_topk,321
rank_consensus,29,4946,449,20584,25,39641,0.0009765646287419538,0.04486747712811525,5.231596225403323e-05,0.08640853098957822,0.03307622217717236,2,siren;wang_robust,322
rank_consensus,30,3382,27730,622,32343,28,0.06044455488925365,0.0013536755233231098,0.07050011880083096,5.8855457535787386e-05,0.033089301167735875,1,zhao_topk,323
rank_consensus,13,7787,144,3610,657,56326,0.0003117159417636147,0.007867012823950248,0.001429969634943575,0.12277902391493424,0.03309693057889792,1,siren,324
rank_consensus,29,7566,1697,52355,302,6471,0.0036969946659516817,0.11412291199365233,0.0006561293599360001,0.014103511490983127,0.033144886877630786,1,wang_robust,325
rank_consensus,31,207,27096,33698,277,58,0.059062541553042934,0.07345379083642324,0.0006016335659213822,0.00012425041035332894,0.03331055409143522,2,wang_robust;zhao_topk,326
rank_consensus,10,853,27784,1407,32193,35,0.06056226580432522,0.0030648434553821138,0.07017314403674324,7.411427985988042e-05,0.03346859189407761,1,zhao_topk,327
rank_consensus,26,592,26536,5213,29614,184,0.0578418357671155,0.011361283136167551,0.06455135792619526,0.0003989092121870034,0.03353834651041633,1,zhao_topk,328
rank_consensus,31,12968,60272,402,252,1794,0.13138064004220154,0.0008741125359944719,0.0005471377719067643,0.0039084383467284,0.0341775821742078,2,yang_harmfulness;wang_robust,329
rank_consensus,20,3972,32267,21576,8956,64,0.07033445158702652,0.047029870234615294,0.01952039341603615,0.00013732940091683724,0.0342555111596487,1,zhao_topk,330
rank_consensus,30,12387,36499,208,20667,6553,0.07955949959782103,0.0004512251744410366,0.045048403164243786,0.014282257695351073,0.034835346407964235,1,yang_harmfulness,331
rank_consensus,26,450,6084,59511,28,22,0.01325991659963684,0.12972178807239657,5.8855457535787386e-05,4.577646697227908e-05,0.03577158414913537,2,wang_robust;zhao_topk,332
rank_consensus,29,3637,2458,57136,237,5908,0.005355846635756652,0.12454468764100787,0.0005144402954979935,0.01287626620977393,0.035822810195509106,1,wang_robust,333
rank_consensus,17,9004,6496,58014,1107,277,0.014158007284997744,0.12645857992680126,0.002410893927206698,0.0006016335659213822,0.03590727867623177,1,zhao_topk,334
rank_consensus,31,6566,39893,263,813,25535,0.08695784859324557,0.0005711159212731962,0.001770023389594791,0.05565982417477019,0.03623970301972094,1,yang_harmfulness,335
rank_consensus,15,8390,25269,20256,21170,192,0.05507998892645466,0.044152492310643464,0.046144858539817896,0.00041634786627168114,0.036448421910796926,1,zhao_topk,336
rank_consensus,29,11835,1888,1206,233,63594,0.004113342532223363,0.002626697271504585,0.0005057209684556546,0.138622041150864,0.0364669504807619,1,wang_robust,337
rank_consensus,26,10070,15237,51219,1206,154,0.03321191670426876,0.1116466231136281,0.002626697271504585,0.00033351425936946187,0.036954687837192725,1,zhao_topk,338
rank_consensus,28,10405,170,58879,479,8531,0.00036839156753881735,0.12834413439970704,0.0010419595815594953,0.018593964917787646,0.03708711261664825,1,siren,339
rank_consensus,31,13115,9298,404,56563,2122,0.020265895878156123,0.0008784721995156414,0.12329564404219283,0.004623423164200187,0.0372658588210162,1,yang_harmfulness,340
rank_consensus,1,3400,55319,10726,2868,113,0.12058393333202544,0.0233786956322711,0.006249577657596386,0.00024414115718548844,0.03761408694476961,1,zhao_topk,341
rank_consensus,10,1648,45922,14340,8551,311,0.10010005427781084,0.03125660761502427,0.01863756155299934,0.0006757478457812626,0.03766749282290393,1,zhao_topk,342
rank_consensus,6,10831,33257,30813,6471,179,0.07249248503000538,0.06716497620713634,0.014103511490983127,0.0003880100533840798,0.03853724569537723,1,zhao_topk,343
rank_consensus,31,4581,70185,815,192,54,0.15298931228487786,0.0017743830531159605,0.00041634786627168114,0.00011553108331099005,0.03882389357189413,2,wang_robust;zhao_topk,344
rank_consensus,23,8249,120,24305,1692,46192,0.00025939997950958146,0.05297863110925099,0.0036860955071487582,0.10068860885316872,0.039403183862269514,1,siren,345
rank_consensus,3,11533,1533,67415,238,3142,0.003339502257215788,0.14695117830805818,0.0005166201272585782,0.0068468515599966,0.03941353806313229,1,wang_robust,346
rank_consensus,30,7813,18915,47,53547,29,0.041229337919699356,0.00010027226098689703,0.11672127145226932,6.103528929637211e-05,0.03952797923056299,2,yang_harmfulness;zhao_topk,347
rank_consensus,14,4671,451,33029,1854,37928,0.0009809242922631232,0.07199548338859207,0.004039228252363482,0.08267447918369661,0.03992252877922882,1,siren,348
rank_consensus,9,3354,4581,65682,388,4916,0.009983629463478009,0.14317352986696485,0.0008435948913462859,0.01071387310327389,0.04117865683126576,1,wang_robust,349
rank_consensus,31,13102,69998,391,4397,1399,0.1525816837456485,0.00085013438662804,0.009582540419530421,0.003047404801297436,0.0415154408382761,1,yang_harmfulness,350
rank_consensus,13,9240,327,66233,511,9381,0.0007106251539506181,0.14437461716704705,0.0011117141978982063,0.020446821914284655,0.041660944608295135,1,siren,351
rank_consensus,2,7163,2075,66361,189,7944,0.004520971071452705,0.14465363563240188,0.000409808370989927,0.017314403674324415,0.04172470468729223,1,wang_robust,352
rank_consensus,11,11149,50539,10787,15952,247,0.11016433751643048,0.02351166536966677,0.03477049641308684,0.0005362386131038407,0.04224568447807198,1,zhao_topk,353
rank_consensus,15,8218,330,63378,220,15735,0.0007171646492323722,0.13815119749057767,0.00047738315556805324,0.034297472921039955,0.043410804554104516,2,siren;wang_robust,354
rank_consensus,23,9075,4860,74481,361,405,0.010591802524681145,0.1623538695283498,0.0007847394338104985,0.0008806520312762261,0.04365276587952941,2,wang_robust;zhao_topk,355
rank_consensus,2,12475,567,78694,320,946,0.0012337847764909505,0.1715375007356932,0.0006953663316265251,0.0020599410137525586,0.04388164821439081,1,wang_robust,356
rank_consensus,31,1572,18276,51,58845,3366,0.039836425424685726,0.0001089915880292359,0.12827002011984714,0.007335133874367576,0.04388764275173242,1,yang_harmfulness,357
rank_consensus,31,13030,79015,122,312,1716,0.1722372267308409,0.0002637596430307509,0.0006779276775418473,0.0037384114694027915,0.04422933138020407,2,yang_harmfulness;wang_robust,358
rank_consensus,9,9420,300,66122,1600,15356,0.0006517696964148307,0.14413265584162213,0.003485550985174964,0.03347131668377835,0.04543532330174757,1,siren,359
rank_consensus,16,11992,106,4916,70,78531,0.0002288823348613954,0.01071387310327389,0.00015040839148034555,0.1711821881587179,0.04556883799708339,2,siren;wang_robust,360
rank_consensus,30,4063,504,58458,310,25508,0.0010964553755741131,0.12742642522850087,0.0006735680140206779,0.055600968717234404,0.04619935433383252,1,wang_robust,361
rank_consensus,24,3166,169,40877,622,44014,0.00036621173577823263,0.08910280304566094,0.0013536755233231098,0.09594093527861519,0.04669090639584437,1,siren,362
rank_consensus,17,8931,54371,358,25645,5474,0.11851745282299112,0.0007781999385287443,0.05589960566843451,0.011930219225680163,0.04678136941390863,1,yang_harmfulness,363
rank_consensus,2,8037,233,69627,416,16041,0.0005057209684556546,0.15177296616247157,0.000904630180642658,0.034964501439778875,0.047036954687837196,2,siren;wang_robust,364
rank_consensus,28,482,75421,452,5544,6318,0.16440291138329943,0.0009831041240237078,0.012082807448921092,0.013769997231613665,0.04780970504696448,1,yang_harmfulness,365
rank_consensus,31,2266,8662,123,35373,43846,0.018879522878424242,0.0002659394747913356,0.07710500903540264,0.09557472354283697,0.0479562987328638,1,yang_harmfulness,366
rank_consensus,15,1719,377,74862,974,12460,0.000819616741979854,0.16318438542913258,0.0021209763030489307,0.027158523905125003,0.048320875594821594,1,siren,367
rank_consensus,18,7417,31142,55659,2083,49,0.0678821408563687,0.12132507613062424,0.004538409725537383,0.00010463192450806646,0.0484625646592596,1,zhao_topk,368
rank_consensus,30,5114,6664,77175,231,5069,0.014524219020775976,0.16822633629136502,0.0005013613049344852,0.011047387362643352,0.0485748259949297,1,wang_robust,369
rank_consensus,30,13935,5627,82907,208,1476,0.012263733485049624,0.18072113194303663,0.0004512251744410366,0.003215251846862459,0.04916283561234744,1,wang_robust,370
rank_consensus,15,9762,514,17272,297,72683,0.0011182536931799603,0.037647874337058664,0.0006452302011330766,0.1584345320228185,0.04946147256354755,1,wang_robust,371
rank_consensus,31,13605,88574,276,270,2149,0.19307423853027023,0.0005994537341607975,0.0005863747435972892,0.004682278621735974,0.04973558640744107,2,yang_harmfulness;wang_robust,372
rank_consensus,2,1012,14071,72943,4115,326,0.030670232871426985,0.1590012882805705,0.00896782786304553,0.0007084453221900334,0.04983694858430826,1,zhao_topk,373
rank_consensus,16,2995,298,35762,384,55032,0.0006474100328936613,0.0779529635902701,0.000834875564303947,0.11995832161673763,0.04984839270105133,2,siren;wang_robust,374
rank_consensus,31,4374,82768,431,3237,6065,0.18041813532831535,0.0009373276570514287,0.007053935577252148,0.01321849979618573,0.05040697458970116,1,yang_harmfulness,375
rank_consensus,31,674,83345,372,861,8178,0.18167589825417274,0.0008087175831769304,0.0018746553141028575,0.01782448430630124,0.05054593886443844,1,yang_harmfulness,376
rank_consensus,2,4639,2287,84727,134,5973,0.004983095404696666,0.18468842574730082,0.0002899176241577675,0.013017955274211936,0.05074484851259179,1,wang_robust,377
rank_consensus,31,7851,25828,55,66647,927,0.056298514880621514,0.00011771091507157477,0.14527706751592911,0.002018524210301449,0.05092795438048091,1,yang_harmfulness,378
rank_consensus,2,1683,3984,87588,2190,369,0.008682269902408932,0.1909249244143337,0.0047716517239199474,0.0008021780878951762,0.051295256032139434,1,zhao_topk,379
rank_consensus,4,9258,24502,29516,40165,310,0.05340805796608618,0.06433773441365795,0.08755076283212462,0.0006735680140206779,0.051492530806472356,1,zhao_topk,380
rank_consensus,25,3787,26,43690,2209,49087,5.449579401461795e-05,0.09523466978818575,0.004813068527371058,0.10699922180006147,0.05177536397740822,1,siren,381
rank_consensus,20,13974,21,79344,140,15784,4.359663521169436e-05,0.1729543913800733,0.0003029966147212758,0.034404284677308605,0.051926317326828716,2,siren;wang_robust,382
rank_consensus,31,11248,352,64035,1409,29606,0.000765120947965236,0.13958334695728183,0.003069203118903283,0.06453391927211058,0.05198789757406524,1,siren,383
rank_consensus,30,8226,86546,7169,439,1343,0.18865353971980442,0.01562503405987126,0.0009547663111361065,0.002925334222704692,0.05203966857837912,1,wang_robust,384
rank_consensus,29,12041,44839,1975,378,48580,0.0977392964810976,0.004302987895394234,0.0008217965737404387,0.10589404709744502,0.05218953201191932,1,wang_robust,385
rank_consensus,31,12252,94573,233,234,945,0.20615104926201797,0.0005057209684556546,0.0005079008002162393,0.002057761181991974,0.05230560805317046,2,yang_harmfulness;wang_robust,386
rank_consensus,31,118,21379,71809,248,3420,0.046600443377780104,0.15652935906406742,0.0005384184448644254,0.007452844789439151,0.052780266419037776,1,wang_robust,387
rank_consensus,31,10759,34749,259,61160,1779,0.07574479401679779,0.0005623965942308573,0.13331633064560078,0.0038757408703196288,0.053374815531737264,1,yang_harmfulness,388
rank_consensus,26,5062,357,2609,1462,94167,0.0007760201067681596,0.005685001231604945,0.003184734202214273,0.20526603756722056,0.05372794827695199,1,siren,389
rank_consensus,27,1633,218,13781,716,85277,0.0004730234920468838,0.030038081660857415,0.0015585797088180735,0.18588733321562242,0.0544892545193362,1,siren,390
rank_consensus,24,5698,217,36746,991,62069,0.0004708436602862991,0.08009791804268547,0.0021580334429788708,0.13529779771597228,0.05450614821548073,1,siren,391
rank_consensus,0,12650,723,104228,145,312,0.0015738385311421664,0.2271973249104634,0.0003138957735241994,0.0006779276775418473,0.05744074672316791,2,wang_robust;zhao_topk,392
rank_consensus,24,1392,10940,92501,2370,374,0.02384517962903623,0.2016344378540864,0.005164021440825197,0.0008130772466980998,0.05786417904266149,1,zhao_topk,393
rank_consensus,24,12539,14761,90747,1912,391,0.032174316786230436,0.19781101294602083,0.0041656584944773966,0.00085013438662804,0.058750280653339176,1,zhao_topk,394
rank_consensus,14,8504,1121,106674,193,496,0.0024414115718548843,0.23252919339685363,0.00041852769803226586,0.0010790167214894354,0.059117037347057554,1,wang_robust,395
rank_consensus,31,11817,18216,206,89585,2383,0.03970563551905064,0.0004468655109198672,0.1952780484402214,0.005192359253712799,0.06015572718097618,1,yang_harmfulness,396
rank_consensus,31,8060,9021,97276,138,4001,0.019662082480474158,0.21204313451087844,0.0002986369512001064,0.008719327042338873,0.0601807952462229,1,wang_robust,397
rank_consensus,17,9309,14509,95423,711,73,0.03162499918256309,0.20800390625851498,0.0015476805500151498,0.0001569478867620997,0.060333383469463826,1,zhao_topk,398
rank_consensus,30,4903,6837,100205,326,4441,0.014901329915357133,0.2184278617376311,0.0007084453221900334,0.009678453016996148,0.060929022498043606,1,wang_robust,399
rank_consensus,31,4120,53592,289,41691,16492,0.11681936388149562,0.0006277915470483988,0.0908771860987769,0.03594760556380259,0.06106798677278088,1,yang_harmfulness,400
rank_consensus,24,8765,15890,94592,1559,204,0.03463534684393058,0.20619246606546907,0.003396177882990991,0.00044250584739869775,0.06116662415994733,1,zhao_topk,401
rank_consensus,20,5288,41696,14623,56595,439,0.09088808525757983,0.031873500003269745,0.12336539865853154,0.0009547663111361065,0.0617704375576293,1,zhao_topk,402
rank_consensus,23,9657,8709,101025,3248,440,0.018981974971171725,0.22021532378131056,0.0070779137266185795,0.0009569461428966912,0.06180803965549939,1,zhao_topk,403
rank_consensus,12,1481,1589,3789,294,109912,0.003461572835808532,0.008257202709094911,0.0006386907058513224,0.23958748863762694,0.06298623872209543,1,wang_robust,404
rank_consensus,30,1741,3447,48385,323,63628,0.007511700246974938,0.105468979904131,0.0007019058269082792,0.13869615543072386,0.06309468535218452,1,wang_robust,405
rank_consensus,31,4768,113724,1759,95,514,0.2478970073089759,0.0038321442351079344,0.0002049041854949635,0.0011182536931799603,0.06326307735568969,1,wang_robust,406
rank_consensus,1,9067,1629,110206,136,4686,0.003548766106231921,0.24022835917523885,0.00029427728767893695,0.010212511798339404,0.06357097859187229,1,wang_robust,407
rank_consensus,18,290,214,15559,362,101287,0.00046430416500454493,0.03391382253117704,0.0007869192655710832,0.22078643970258374,0.0639878714160841,2,siren;wang_robust,408
rank_consensus,29,763,6728,107099,215,3570,0.014663728253453398,0.23345562189510213,0.00046648399676512965,0.007779819553526859,0.06409141342471188,1,wang_robust,409
rank_consensus,23,2913,264,42337,786,74368,0.0005732957530337809,0.09228535741611463,0.0017111679320590037,0.16210754853940373,0.06416934241015279,1,siren,410
rank_consensus,31,2549,15585,26,100268,2350,0.033970498156952245,5.449579401461795e-05,0.21856519113854792,0.005120424805613503,0.06442765247378207,1,yang_harmfulness,411
rank_consensus,30,2762,8681,322,108646,1296,0.018920939681875353,0.0006997259951476945,0.2368278216287267,0.00282288212995721,0.06481784235892674,1,yang_harmfulness,412
rank_consensus,26,7267,172,85966,1501,31425,0.0003727512310599868,0.1873892372986653,0.003269747640877077,0.06849903324461418,0.06488269235380414,1,siren,413
rank_consensus,20,5425,353,21500,280,97805,0.0007673007797258208,0.04686420302081085,0.0006081730612031364,0.21319626551222776,0.06535898559349189,2,siren;wang_robust,414
rank_consensus,31,5924,29576,454,80347,9643,0.06446852431929304,0.0009874637875448772,0.17514076263593975,0.021017937835557852,0.06540367214458387,1,yang_harmfulness,415
rank_consensus,0,10902,94292,25856,885,85,0.20553851653729366,0.05635955016991789,0.0019269712763568907,0.00018310586788911632,0.06600203596286439,1,zhao_topk,416
rank_consensus,31,5074,94517,399,2199,24112,0.2060289786834252,0.0008675730407127178,0.004791270209765211,0.05255792357945814,0.06606143637834032,1,yang_harmfulness,417
rank_consensus,31,1712,119645,630,430,939,0.260803791163398,0.0013711141774077876,0.000935147825290844,0.0020446821914284655,0.06628868383938127,1,wang_robust,418
rank_consensus,4,8346,342,122872,74,1196,0.0007433226303593889,0.2678381082548049,0.00015912771852268442,0.0026048989538987382,0.06783636438939643,2,siren;wang_robust,419
rank_consensus,3,14182,508,115394,346,9240,0.001105174702616452,0.2515373263491524,0.0007520419574017277,0.02013946563604221,0.06838350216130319,1,wang_robust,420
rank_consensus,21,9054,824,20043,260,106955,0.001794001538961223,0.04368818814563892,0.000564576425991442,0.23314172612157794,0.06979712305804238,1,wang_robust,421
rank_consensus,10,3809,20610,105351,380,2564,0.04492415275389045,0.22964527597760004,0.0008261562372616081,0.005586908802378632,0.07024562344278268,1,wang_robust,422
rank_consensus,31,9501,109973,375,6729,12468,0.23972045837502262,0.0008152570784586845,0.014665908085213984,0.02717596255920968,0.07059439652447624,1,yang_harmfulness,423
rank_consensus,15,3816,195,5153,1021,123587,0.0004228873615534353,0.011230493230532467,0.0022234283957964125,0.269396687963623,0.07081837423787632,1,siren,424
rank_consensus,31,2945,128533,92,170,1790,0.280178135851475,0.00019836469021320934,0.00036839156753881735,0.0038997190196860608,0.07116115278222827,2,yang_harmfulness;wang_robust,425
rank_consensus,29,7999,17441,57190,56024,410,0.03801626590459748,0.12466239855607944,0.12212071472323766,0.0008915511900791497,0.07142273259349843,1,zhao_topk,426
rank_consensus,15,3346,20803,108413,3934,237,0.04534486028368331,0.23631992082851044,0.008573278314379696,0.0005144402954979935,0.07268812493051786,1,zhao_topk,427
rank_consensus,29,9228,20017,917,113028,442,0.04363151251986372,0.001996725892695602,0.24637984440360894,0.0009613058064178606,0.07324234715564652,1,zhao_topk,428
rank_consensus,21,12666,79513,44186,10890,404,0.1733227829476121,0.09631586634143577,0.023736188041006995,0.0008784721995156414,0.07356332738239263,1,zhao_topk,429
rank_consensus,5,966,401,58017,5517,71812,0.0008719327042338872,0.126465119422083,0.012023951991385305,0.15653589855934918,0.07397422566926284,1,siren,430
rank_consensus,31,1314,95082,337,14389,26070,0.20726058362815558,0.0007324234715564653,0.031363419371292924,0.05682603416668301,0.074045615159422,1,yang_harmfulness,431
rank_consensus,16,6950,17,16240,199,120007,3.487730816935549e-05,0.035398287960135236,0.00043160668859577417,0.2615928902607297,0.07436441555440751,2,siren;wang_robust,432
rank_consensus,5,10862,7853,125472,2801,433,0.017116038984111206,0.2735056708323252,0.0061035289296372105,0.0009416873205725982,0.07441673151666155,1,zhao_topk,433
rank_consensus,4,10275,4668,131910,228,95,0.010173274826648879,0.28753942770696955,0.000494821809652731,0.0002049041854949635,0.07460310713219152,2,wang_robust;zhao_topk,434
rank_consensus,26,8518,310,45644,2511,91105,0.0006735680140206779,0.09949406104836829,0.005471377719067643,0.19859139271631016,0.07605759987444169,1,siren,435
rank_consensus,8,2712,52771,10160,76501,316,0.11502972200605557,0.022144910855780152,0.16675712968473094,0.0006866470045841862,0.07615460238778772,1,zhao_topk,436
rank_consensus,5,11992,140,93844,1197,44686,0.0003029966147212758,0.2045619519085517,0.002607078785659323,0.09740578222172813,0.07621945238266511,1,siren,437
rank_consensus,30,3342,115742,295,23302,764,0.25229590780183586,0.0006408705376119071,0.050792259853384515,0.00166321163332614,0.07634806245653962,1,yang_harmfulness,438
rank_consensus,0,703,7644,128731,83,4235,0.016660454146149,0.28060974254007076,0.00017874620436794688,0.009229407674315696,0.07666958764122586,1,wang_robust,439
rank_consensus,31,5437,45088,292,72155,23894,0.09828207458948318,0.000634331042330153,0.15728358085322974,0.052082720255650666,0.07707067668517342,1,yang_harmfulness,440
rank_consensus,25,2355,625,8034,263,132596,0.001360215018604864,0.017510588532777042,0.0005711159212731962,0.28903479229473067,0.07711917794184645,1,wang_robust,441
rank_consensus,7,13018,12549,119610,9072,387,0.02735252893181704,0.26072749705177756,0.01977325390026398,0.0008414150595857012,0.07717367373586106,1,zhao_topk,442
rank_consensus,18,9289,9260,132112,465,63,0.020183062271253903,0.2879797537226077,0.0010114419369113092,0.00013514956915625253,0.0773273518749823,1,zhao_topk,443
rank_consensus,21,10289,18153,123915,179,78,0.039568306118133806,0.27011167278109477,0.0003880100533840798,0.0001678470455650233,0.07755895899954443,2,wang_robust;zhao_topk,444
rank_consensus,24,8749,1297,81691,358,60089,0.0028250619617177946,0.17807045652216563,0.0007781999385287443,0.13098173083001455,0.07816386231310668,1,wang_robust,445
rank_consensus,3,640,273,140526,599,3294,0.0005929142388790433,0.3063208581561675,0.0013035393928296614,0.007178185987605477,0.07884887444387043,1,siren,446
rank_consensus,30,5024,139276,116,3830,1734,0.30359606845543663,0.0002506806524672426,0.008346575811278886,0.0037776484410933166,0.07899274334006902,1,yang_harmfulness,447
rank_consensus,31,13027,8468,135132,281,2107,0.01845663551687081,0.2945628456395735,0.0006103528929637211,0.004590725687791416,0.07955513993429987,1,wang_robust,448
rank_consensus,2,5276,7081,136142,392,3017,0.015433208864939804,0.2967644757177641,0.0008523142183886247,0.0065743725899235095,0.079906092847754,1,wang_robust,449
rank_consensus,31,3848,28437,430,7587,112807,0.06198569594398704,0.000935147825290844,0.01653620373579567,0.24589810158451972,0.08133878727239832,1,yang_harmfulness,450
rank_consensus,20,9928,181,116988,108,32260,0.00039236971690524925,0.2550119781755244,0.00023324199838256482,0.07031919276470242,0.08148919566387866,2,siren;wang_robust,451
rank_consensus,5,13950,13562,131811,401,4104,0.029560698505289362,0.28732362436267167,0.0008719327042338872,0.008943849713679099,0.08167502632146852,1,wang_robust,452
rank_consensus,4,12309,17305,85634,210,46843,0.03771980878515796,0.18666553315415116,0.00045558483796220606,0.10210767932930936,0.08173715152664518,1,wang_robust,453
rank_consensus,16,13601,2327,114716,452,33413,0.0050702886751200545,0.2500594004154759,0.0009831041240237078,0.0728325387846566,0.08223633299981907,1,wang_robust,454
rank_consensus,31,10803,149820,650,182,1550,0.3265802145390419,0.0014147108126194821,0.00039454954866583396,0.003376559397145728,0.08294150857436823,1,wang_robust,455
rank_consensus,14,75,367,27738,700,123584,0.0007978184243740068,0.060461993543338324,0.001523702400648718,0.2693901484683412,0.08304341570917556,1,siren,456
rank_consensus,12,9114,204,41688,505,110209,0.00044250584739869775,0.09087064660349514,0.001098635207334698,0.2402348986705206,0.08316167158218729,1,siren,457
rank_consensus,14,907,26170,119498,8458,348,0.05704401734274149,0.26048335589459204,0.01843483719926496,0.0007564016209228972,0.08417965301438035,1,zhao_topk,458
rank_consensus,5,4690,322,25350,11463,119319,0.0006997259951476945,0.05525655529906202,0.02498523163982204,0.2600931660094474,0.08525866973586978,1,siren,459
